Name,Freshness,Color Intensity,pH Level,Moisture Content (%),Sugar Content (%),Texture,Odor Intensity,Nutritional Value,Shelf Life (days),Presence of Additives,Fruit Quality (%)
Pineapple,6,27,6.98,22.93,18.65,Soft,2,78,358,No,77.58
Watermelon,3,88,5.39,29.24,29.25,Soft,5,50,4,No,75.21
Watermelon,10,60,3.65,51.24,0.61,Hard,9,18,174,No,52.87
Watermelon,7,15,4.18,55.58,16.6,Medium,4,49,136,Yes,54.39
Banana,4,1,7.66,27.73,3.11,Medium,1,80,244,Yes,69.1
Peach,6,81,7.3,70.53,26.09,Medium,1,2,60,Yes,56.71
Peach,9,16,6.55,34.76,40.87,Soft,3,2,45,No,73.9
Mango,2,29,5.41,83.77,10.32,Medium,3,91,72,No,80.44
Orange,6,12,5.6,62.54,26.37,Medium,6,30,95,Yes,84.57
Banana,10,95,7.88,44.91,10.2,Soft,0,46,31,Yes,77.32
Strawberry,10,92,7.83,73.19,6.03,Medium,10,7,156,No,68.98
Pineapple,7,93,4.08,75.43,25.55,Soft,5,16,240,No,56.49
Mango,4,81,7.06,33.24,3.96,Hard,10,98,64,No,62.37
Banana,3,12,3.99,37.18,29.37,Hard,8,99,323,Yes,70.97
Plum,7,42,4.07,84.88,1.57,Hard,1,90,109,Yes,96.21
Watermelon,7,84,6.38,23.18,5.34,Hard,4,44,68,Yes,60.13
Pineapple,2,93,5.03,13.37,27.5,Hard,9,96,35,Yes,70.67
Orange,5,20,7.66,46.32,29.57,Soft,10,59,251,No,86.62
Cherry,4,54,3.45,74.1,1.45,Soft,9,74,354,No,85.26
Papaya,1,80,5.56,71.73,28.67,Soft,3,20,36,No,98.28
Grape,7,39,7.59,83.56,41.93,Medium,3,69,132,Yes,59.55
Lemon,5,82,7.52,52.66,36.12,Hard,7,20,305,Yes,50.83
Cherry,1,14,3.78,18.01,6.56,Medium,5,57,222,No,66.12
Grape,4,72,4.83,57.1,29.62,Medium,6,54,167,Yes,57.48
Papaya,0,51,6.1,72.27,33.61,Medium,10,27,274,Yes,77.42
Papaya,9,73,3.8,17.47,1.86,Hard,8,80,60,No,94.94
Orange,5,94,7.84,23.81,42.77,Medium,2,81,342,Yes,84.41
Mango,8,52,7.57,10.98,45.31,Hard,10,74,113,Yes,56.79
Raspberry,0,86,3.83,57.49,42.52,Hard,1,45,221,No,55.8
Lemon,10,51,3.61,80.94,41.23,Hard,2,43,279,No,95.57
Strawberry,10,29,3.43,63.65,37.25,Medium,7,88,68,No,74.38
Blueberry,9,32,7.55,88.56,31.67,Hard,8,93,315,Yes,96.18
Papaya,2,56,3.97,15.04,33.93,Hard,9,24,346,No,86.81
Cherry,6,51,5.08,82.24,40.32,Soft,4,70,263,No,99.67
Banana,3,8,5.24,75.13,33.12,Medium,7,48,269,Yes,93.56
Lemon,8,53,6.0,35.14,16.39,Soft,10,100,131,Yes,70.71
Mango,2,0,3.36,87.88,18.8,Soft,6,45,267,No,87.91
Watermelon,4,43,4.13,33.04,44.85,Medium,8,90,208,No,73.56
Blueberry,2,98,7.66,81.14,0.86,Soft,3,89,212,Yes,61.65
Watermelon,6,74,7.54,80.46,34.94,Hard,9,62,51,Yes,62.05
Raspberry,4,97,6.91,70.61,47.74,Soft,2,76,288,Yes,69.87
Lime,8,79,3.1,55.08,35.31,Soft,8,87,42,No,55.57
Mango,6,8,4.64,19.6,49.7,Hard,7,11,247,Yes,58.89
Blackberry,1,31,6.14,52.56,34.38,Soft,6,77,195,No,75.03
Strawberry,3,14,4.38,38.54,1.72,Hard,0,56,244,No,97.7
Strawberry,8,11,7.55,73.38,41.35,Medium,1,72,200,No,78.88
Lime,1,96,6.17,70.65,14.23,Soft,8,63,358,Yes,70.42
Cherry,9,77,3.36,82.85,22.3,Medium,4,30,121,Yes,62.14
Banana,8,56,7.55,11.19,15.6,Soft,0,3,334,No,59.8
Watermelon,9,7,7.79,74.73,13.43,Hard,8,53,328,No,82.92
Lemon,4,71,3.39,85.08,21.57,Soft,0,82,203,Yes,92.42
Pineapple,1,26,5.66,73.14,18.94,Medium,7,64,106,No,69.94
Grape,3,61,4.52,20.42,31.67,Hard,4,92,250,Yes,77.53
Papaya,6,11,4.96,16.5,40.66,Hard,10,5,289,No,85.34
Mango,7,64,3.9,11.67,14.85,Medium,5,64,79,Yes,52.91
Strawberry,2,41,5.89,60.3,10.69,Medium,0,88,165,No,67.54
Mango,0,61,7.79,60.37,33.34,Soft,1,90,334,No,86.49
Lemon,3,10,5.52,88.95,33.52,Soft,6,21,119,No,84.23
Strawberry,1,42,3.41,41.84,45.06,Hard,1,16,57,Yes,52.67
Pomegranate,7,94,6.1,36.55,0.8,Medium,4,58,188,Yes,61.89
Papaya,3,16,4.7,59.95,42.65,Medium,10,28,52,Yes,84.0
Banana,1,96,7.28,76.05,26.05,Soft,8,66,72,No,63.57
Lime,5,31,5.17,84.94,31.07,Soft,4,16,241,No,90.72
Pear,5,92,3.96,74.25,4.57,Hard,2,1,324,Yes,51.48
Pineapple,9,84,3.96,44.13,21.63,Medium,10,31,100,Yes,59.52
Watermelon,3,84,6.84,60.79,11.37,Medium,5,21,338,Yes,64.07
Mango,5,39,4.33,78.5,12.71,Medium,6,96,155,No,96.26
Cherry,1,22,6.84,49.25,25.2,Medium,9,57,59,Yes,89.82
Lemon,9,55,4.03,27.33,40.62,Soft,10,52,275,Yes,94.21
Banana,1,5,4.61,23.58,37.19,Soft,9,85,259,No,72.02
Banana,9,85,5.33,10.01,29.55,Soft,10,46,201,Yes,91.13
Cherry,3,49,7.72,67.46,26.97,Hard,7,3,295,Yes,92.67
Pineapple,7,36,7.66,18.89,21.37,Medium,2,37,322,Yes,70.0
Watermelon,6,63,4.03,29.51,48.64,Soft,10,12,329,Yes,99.72
Raspberry,8,53,4.79,33.83,28.01,Medium,3,60,284,Yes,92.56
Cherry,7,71,3.75,54.83,12.7,Soft,9,86,176,No,98.7
Watermelon,4,48,5.55,41.84,11.5,Hard,3,63,98,Yes,93.32
Mango,1,98,5.3,63.97,30.57,Soft,1,76,349,Yes,88.81
Kiwi,4,10,7.5,14.45,26.14,Hard,6,83,182,Yes,97.19
Blackberry,7,87,7.65,19.92,0.38,Medium,3,32,272,Yes,70.99
Watermelon,9,48,4.92,49.94,41.5,Soft,3,97,35,No,89.17
Papaya,8,20,5.46,36.96,35.21,Soft,7,37,331,Yes,60.64
Blackberry,8,65,7.48,33.67,33.09,Soft,5,28,363,No,86.64
Peach,0,62,7.03,15.36,3.44,Medium,5,60,87,Yes,89.27
Kiwi,8,82,3.02,81.66,18.1,Hard,10,31,158,Yes,85.83
Grape,6,27,4.6,65.35,46.77,Hard,8,10,325,Yes,92.49
Lemon,8,16,5.11,19.73,43.13,Soft,3,17,116,No,70.67
Blackberry,7,5,4.15,15.2,14.28,Medium,8,44,8,Yes,77.24
Banana,0,18,4.0,87.99,7.85,Hard,0,20,107,Yes,50.53
Pear,7,55,3.19,64.49,22.45,Hard,10,11,107,Yes,57.3
Watermelon,7,27,6.22,43.4,17.79,Hard,8,19,114,Yes,82.21
Pineapple,10,65,4.31,66.14,34.11,Hard,0,6,10,Yes,78.12
Kiwi,2,37,3.26,70.51,48.32,Hard,6,90,284,No,59.87
Orange,0,36,4.15,72.4,18.15,Soft,5,70,60,Yes,62.17
Watermelon,7,67,7.01,48.23,3.11,Soft,6,1,266,No,67.2
Cherry,2,85,7.26,44.39,44.88,Soft,8,42,102,No,85.82
Mango,2,89,5.42,10.88,1.9,Hard,9,96,63,No,80.49
Pomegranate,0,48,5.08,84.12,47.64,Hard,3,20,175,Yes,53.48
Blackberry,10,42,7.89,58.26,33.23,Hard,8,28,197,No,88.0
Banana,4,35,4.0,26.25,47.08,Soft,2,31,312,Yes,63.13
Pineapple,9,57,4.08,83.57,9.98,Hard,9,44,222,No,83.59
Peach,6,12,4.46,83.19,2.03,Soft,10,75,190,Yes,56.17
Orange,9,51,3.86,89.13,24.41,Hard,10,76,128,Yes,99.9
Peach,8,57,4.9,79.92,22.53,Soft,8,58,334,Yes,54.02
Banana,6,31,7.55,89.82,16.57,Medium,0,2,46,Yes,87.09
Blueberry,8,80,6.08,29.57,47.88,Hard,4,38,69,Yes,77.07
Apple,7,99,5.06,77.38,41.13,Hard,9,50,301,No,54.3
Lemon,1,59,7.67,75.84,33.08,Soft,4,7,351,Yes,51.34
Grape,0,82,3.24,28.48,8.14,Hard,0,45,364,No,68.13
Mango,6,57,4.05,17.88,36.72,Soft,0,65,58,Yes,90.11
Lemon,6,98,5.83,88.35,36.35,Soft,2,5,216,Yes,52.06
Cherry,7,55,6.08,33.68,21.25,Medium,8,57,115,Yes,85.22
Lemon,4,27,3.2,79.67,46.24,Medium,6,40,10,Yes,82.77
Orange,2,0,5.02,10.33,8.35,Hard,5,78,269,Yes,63.28
Lemon,7,41,6.25,11.68,13.37,Hard,8,53,292,Yes,53.87
Apple,5,81,6.49,47.27,3.16,Soft,3,75,86,Yes,95.77
Watermelon,10,47,6.19,29.1,39.77,Soft,3,40,147,Yes,65.02
Cherry,2,39,4.6,65.19,31.09,Soft,2,47,118,Yes,55.57
Banana,0,96,3.47,55.25,15.75,Soft,4,95,135,No,84.08
Pineapple,2,62,5.14,16.2,8.19,Hard,4,69,15,No,60.83
Cherry,4,75,3.64,23.01,2.01,Medium,9,26,337,No,73.78
Lemon,2,71,7.74,41.04,8.34,Hard,6,46,302,Yes,52.52
Blackberry,0,87,5.38,24.85,22.66,Hard,6,76,206,No,99.65
Papaya,4,79,4.59,73.38,12.36,Hard,5,22,233,Yes,72.38
Mango,9,3,6.83,43.29,12.95,Medium,3,73,304,Yes,99.96
Cherry,6,37,5.49,17.47,43.78,Hard,6,13,66,Yes,69.28
Raspberry,6,26,4.55,48.75,25.76,Medium,1,60,4,No,67.39
Mango,10,8,7.06,17.27,36.46,Soft,8,66,3,No,95.73
Pear,8,15,7.34,20.31,1.79,Hard,6,75,259,Yes,66.47
Raspberry,9,55,6.37,29.17,18.26,Soft,1,24,203,Yes,71.6
Pineapple,9,75,3.23,78.76,23.96,Soft,9,64,325,No,53.91
Strawberry,2,30,5.83,83.97,9.32,Soft,1,95,240,No,97.77
Lime,6,87,6.82,76.1,6.01,Hard,5,23,93,No,54.26
Pear,0,13,3.68,36.73,43.52,Soft,10,52,284,No,88.56
Pineapple,3,24,4.14,31.8,46.97,Hard,6,72,23,No,76.93
Plum,3,33,7.41,53.93,3.94,Soft,8,49,286,No,53.07
Cherry,4,66,3.1,67.75,17.45,Hard,3,0,318,No,50.09
Lime,6,23,6.76,89.47,47.91,Hard,7,38,87,No,96.78
Blueberry,6,72,5.37,20.53,4.16,Hard,9,73,51,No,87.11
Raspberry,10,25,5.23,13.94,32.18,Soft,1,43,297,Yes,84.32
Pineapple,3,19,3.04,65.55,48.61,Hard,5,93,320,Yes,71.93
Banana,6,63,7.1,76.58,48.91,Soft,3,4,43,Yes,61.93
Orange,10,9,4.8,77.71,23.56,Medium,7,67,204,Yes,83.99
Peach,2,82,5.7,64.28,8.14,Soft,8,71,347,No,80.42
Blueberry,5,66,6.39,86.32,10.1,Soft,1,79,58,Yes,86.32
Blueberry,1,23,6.51,50.88,44.48,Hard,6,64,59,Yes,68.29
Strawberry,9,4,7.78,83.11,45.58,Soft,6,78,168,Yes,99.35
Pineapple,8,66,5.66,87.42,30.39,Medium,7,87,174,No,53.35
Blackberry,4,57,5.0,77.77,38.31,Hard,4,14,318,No,53.99
Lemon,5,26,7.77,34.78,37.0,Soft,10,49,207,No,95.84
Peach,3,79,6.21,25.7,33.09,Soft,2,5,111,Yes,82.39
Kiwi,10,14,4.49,53.85,41.36,Hard,0,65,23,Yes,66.32
Lemon,9,34,3.63,46.24,34.27,Hard,3,68,233,Yes,88.1
Papaya,6,75,7.21,80.22,26.7,Soft,2,38,275,Yes,72.64
Strawberry,8,52,4.81,18.0,11.85,Soft,1,97,172,No,51.06
Blackberry,6,43,6.3,30.62,37.19,Hard,5,95,11,No,82.56
Blueberry,0,25,5.35,70.14,23.67,Hard,6,28,60,Yes,62.16
Apple,0,46,3.99,17.6,14.74,Medium,9,92,232,Yes,55.77
Pineapple,8,33,6.01,35.66,40.1,Medium,6,87,235,No,61.26
Cherry,10,86,3.3,40.97,34.84,Medium,7,45,3,Yes,73.81
Apple,8,94,5.07,59.81,46.87,Hard,1,30,144,No,52.49
Apple,3,49,5.73,22.65,8.27,Hard,10,23,230,No,94.16
Strawberry,8,83,5.18,78.85,32.46,Hard,9,14,9,No,78.0
Strawberry,2,11,6.74,45.8,12.21,Soft,5,75,297,Yes,64.65
Cherry,6,86,7.14,83.36,45.18,Hard,5,19,294,No,84.35
Apple,5,3,6.86,47.43,4.97,Soft,9,3,325,Yes,90.21
Peach,7,86,3.19,32.0,32.81,Hard,0,57,193,Yes,80.7
Strawberry,10,47,3.97,21.35,39.55,Hard,1,76,291,No,60.12
Blueberry,8,54,5.68,10.3,17.75,Soft,8,60,127,Yes,55.51
Banana,4,0,7.67,52.57,47.71,Hard,7,9,48,Yes,92.99
Lime,0,88,7.17,18.57,42.54,Hard,3,40,107,No,61.73
Blackberry,2,65,7.21,41.34,14.73,Hard,5,52,264,Yes,51.0
Strawberry,9,29,4.52,57.14,0.38,Medium,1,86,253,Yes,82.15
Watermelon,7,2,5.15,32.05,14.83,Hard,4,70,27,Yes,57.64
Pomegranate,10,20,5.35,24.02,14.07,Soft,1,75,9,Yes,99.55
Mango,5,88,3.79,71.98,44.5,Soft,4,47,220,Yes,93.49
Banana,7,83,3.16,85.74,48.36,Soft,6,14,158,Yes,80.42
Papaya,8,48,7.73,18.04,3.52,Hard,6,6,14,Yes,91.69
Watermelon,3,85,4.2,22.45,23.56,Soft,8,71,29,Yes,73.53
Raspberry,0,84,4.2,86.8,27.42,Medium,2,70,26,Yes,89.42
Pear,0,61,3.42,13.02,4.65,Soft,3,42,214,Yes,82.33
Plum,9,96,7.64,88.21,18.87,Hard,8,3,143,No,51.43
Apple,3,37,5.9,10.37,15.85,Medium,7,50,115,Yes,97.44
Peach,6,14,6.34,79.89,26.8,Soft,6,70,329,No,93.05
Peach,1,51,7.56,34.59,33.06,Medium,7,58,218,Yes,97.67
Watermelon,2,78,4.73,85.09,35.17,Soft,8,40,81,Yes,86.57
Strawberry,0,45,6.11,35.36,6.84,Hard,3,60,201,Yes,70.6
Kiwi,4,24,3.19,62.34,40.65,Medium,4,29,67,No,60.35
Pomegranate,0,20,3.93,16.4,33.93,Soft,8,17,249,Yes,59.0
Orange,7,87,7.16,29.39,44.45,Soft,6,29,144,Yes,57.25
Banana,0,4,6.83,71.89,22.47,Medium,3,6,141,Yes,61.03
Raspberry,10,69,4.75,52.29,44.69,Medium,5,51,346,Yes,77.53
Pomegranate,0,46,4.88,84.24,43.29,Medium,10,47,96,No,84.19
Lime,1,86,5.67,44.3,21.92,Medium,0,22,118,Yes,65.7
Blackberry,1,67,3.0,79.58,19.06,Soft,0,36,318,No,77.44
Peach,5,90,4.21,45.92,46.64,Soft,8,70,185,Yes,67.06
Strawberry,6,17,4.04,88.34,35.76,Soft,7,92,292,Yes,84.83
Pomegranate,4,20,4.25,86.79,46.41,Hard,0,97,245,No,99.42
Plum,0,91,7.03,36.33,39.85,Medium,10,52,201,No,84.45
Blackberry,0,98,4.4,80.87,30.46,Soft,1,44,278,Yes,52.95
Kiwi,2,85,3.96,77.81,5.79,Medium,3,48,361,No,73.86
Papaya,1,22,5.52,26.85,14.57,Medium,0,48,110,Yes,88.52
Pear,4,63,7.33,59.94,48.44,Soft,1,81,212,Yes,77.11
Blackberry,9,66,4.21,15.81,15.97,Medium,4,46,259,Yes,97.55
Orange,5,39,3.39,76.94,4.66,Medium,7,24,164,No,52.74
Papaya,6,9,4.78,23.96,35.38,Medium,5,90,97,No,64.56
Papaya,3,88,6.74,15.67,36.7,Medium,5,26,210,Yes,61.04
Plum,6,51,5.75,42.02,14.27,Medium,3,11,36,Yes,88.38
Blueberry,10,71,7.08,56.15,14.88,Soft,1,22,266,Yes,76.19
Raspberry,7,74,7.8,78.39,23.44,Soft,2,16,100,No,56.92
Pineapple,10,60,6.96,87.94,1.09,Medium,5,43,21,No,64.28
Kiwi,0,63,6.02,45.16,39.47,Medium,5,70,217,Yes,76.13
Raspberry,5,4,5.47,14.84,15.85,Medium,4,23,104,Yes,99.81
Apple,7,52,3.2,69.93,42.69,Hard,5,70,112,No,68.21
Papaya,4,54,7.92,55.21,40.13,Medium,10,92,219,No,57.84
Watermelon,3,36,4.92,45.83,33.07,Hard,5,59,120,No,74.85
Lime,1,55,3.76,34.74,16.24,Hard,0,52,249,No,65.51
Apple,5,58,6.33,50.19,25.82,Hard,5,91,335,Yes,78.3
Blackberry,5,92,4.42,37.09,22.24,Soft,4,86,96,No,73.34
Blueberry,10,68,5.93,70.56,16.94,Hard,7,73,188,No,84.47
Plum,0,72,5.93,53.51,42.41,Medium,8,15,364,Yes,95.71
Kiwi,8,58,5.23,80.15,24.18,Medium,5,97,144,No,60.03
Banana,10,1,7.18,53.48,41.64,Soft,9,24,28,No,91.06
Blueberry,5,64,4.32,29.06,5.26,Soft,3,65,6,Yes,97.46
Papaya,2,59,5.24,78.09,7.05,Medium,2,49,317,Yes,68.68
Papaya,3,50,5.69,54.58,48.87,Soft,9,68,262,Yes,55.68
Pear,10,29,6.32,26.55,29.39,Soft,0,77,230,Yes,91.1
Kiwi,3,10,6.92,59.88,25.49,Hard,6,94,122,No,85.05
Apple,2,91,4.97,38.62,26.16,Hard,4,39,194,Yes,60.64
Pomegranate,9,75,6.23,77.55,10.76,Soft,3,5,105,Yes,72.26
Plum,2,38,3.75,46.26,35.94,Medium,8,63,199,No,78.9
Grape,2,89,7.66,68.12,4.24,Hard,6,27,62,Yes,58.49
Orange,3,76,4.92,17.64,28.67,Medium,9,8,284,Yes,85.75
Papaya,6,71,6.65,41.68,28.54,Soft,7,5,80,Yes,84.49
Blackberry,3,62,3.1,88.66,45.71,Medium,3,16,175,No,94.36
Banana,8,63,4.03,74.68,26.31,Medium,9,39,9,No,78.36
Kiwi,0,60,5.44,22.8,6.85,Medium,9,98,180,No,78.72
Blackberry,7,53,7.39,32.22,28.64,Medium,7,75,271,No,80.97
Lime,6,91,5.64,36.39,4.57,Soft,3,44,162,Yes,63.69
Lime,1,93,7.65,62.03,10.19,Soft,0,81,276,No,87.93
Watermelon,7,72,5.42,70.56,1.56,Hard,10,42,206,No,83.12
Mango,0,94,5.45,69.96,25.66,Hard,7,97,60,Yes,91.96
Papaya,10,57,3.6,50.79,4.23,Hard,0,45,186,No,88.43
Apple,8,84,7.01,74.87,23.47,Hard,2,62,75,No,81.93
Peach,8,55,4.23,44.97,46.65,Medium,6,0,94,No,58.04
Orange,1,33,7.5,19.91,35.99,Hard,2,58,67,No,95.96
Watermelon,6,30,7.55,55.16,3.87,Hard,7,62,2,No,68.36
Plum,9,51,7.72,86.18,11.21,Medium,4,78,178,Yes,98.21
Papaya,2,88,5.6,73.44,33.68,Soft,2,17,142,Yes,70.09
Watermelon,6,75,6.39,56.3,44.74,Hard,4,85,44,Yes,57.3
Lemon,9,0,6.89,61.74,1.65,Soft,4,81,174,No,94.24
Orange,8,54,3.66,84.44,40.62,Hard,7,64,295,Yes,89.75
Raspberry,3,21,6.0,44.27,28.09,Soft,8,19,231,Yes,89.31
Orange,0,39,3.17,36.51,27.3,Hard,5,55,236,No,54.47
Grape,1,100,5.49,88.18,47.89,Soft,9,53,93,Yes,93.96
Blackberry,0,0,3.77,79.08,37.38,Soft,2,47,44,Yes,79.82
Raspberry,4,64,3.91,35.84,42.51,Hard,1,99,27,No,73.52
Pineapple,4,62,4.83,47.1,17.7,Soft,10,53,272,Yes,95.66
Peach,10,53,5.16,43.21,27.72,Hard,2,88,39,Yes,83.3
Blackberry,6,41,6.12,21.93,30.77,Hard,8,15,289,No,56.65
Peach,8,20,3.37,86.63,16.08,Medium,6,19,248,No,75.98
Banana,8,78,5.52,42.34,28.51,Hard,10,46,50,No,81.83
Peach,2,80,3.91,80.03,11.83,Hard,10,96,359,No,94.93
Raspberry,2,21,5.87,25.15,7.17,Hard,8,6,283,No,63.99
Strawberry,2,37,6.19,53.83,18.7,Hard,5,22,209,No,89.71
Orange,3,98,5.78,11.92,36.96,Medium,7,74,124,No,89.99
Pomegranate,7,79,6.69,71.14,45.81,Medium,9,32,342,Yes,56.4
Pomegranate,5,7,4.68,56.47,22.89,Medium,10,39,249,No,50.86
Lemon,7,61,6.83,60.05,32.14,Medium,8,4,284,No,79.07
Pomegranate,0,46,5.16,14.14,5.15,Soft,2,44,151,Yes,89.47
Lime,7,16,5.42,26.88,45.22,Hard,6,40,64,No,77.72
Mango,3,16,6.24,15.95,28.43,Medium,8,7,241,No,90.67
Apple,10,89,3.09,33.11,39.02,Hard,1,80,167,No,81.12
Pear,0,12,6.27,60.2,39.72,Medium,6,81,240,Yes,82.66
Blackberry,7,16,6.09,55.29,12.82,Hard,4,49,49,Yes,51.41
Mango,3,37,4.55,58.97,26.46,Soft,7,90,187,Yes,54.43
Pomegranate,5,80,3.43,53.94,48.02,Medium,3,30,148,Yes,86.25
Pear,7,77,3.45,31.84,4.48,Soft,0,3,189,No,88.14
Banana,3,44,7.62,29.56,34.15,Soft,10,65,111,Yes,77.11
Strawberry,2,5,6.45,20.96,48.11,Hard,9,55,265,Yes,79.51
Blueberry,8,34,3.64,77.93,15.03,Medium,7,4,279,Yes,80.72
Pineapple,2,13,4.78,59.32,43.07,Soft,5,80,237,No,55.25
Apple,8,71,5.96,24.92,46.68,Hard,7,53,159,Yes,83.4
Apple,1,60,7.18,24.18,37.35,Hard,2,95,60,No,73.92
Grape,1,14,3.22,79.84,11.57,Hard,7,92,317,No,80.13
Pineapple,1,53,4.18,69.42,16.7,Soft,7,79,75,No,78.16
Apple,5,26,7.45,62.75,1.79,Hard,0,0,228,Yes,88.15
Orange,2,12,3.05,42.55,41.57,Hard,3,75,154,No,65.93
Pomegranate,8,30,4.01,30.96,42.48,Hard,6,82,356,No,68.68
Orange,3,34,7.8,88.36,31.64,Soft,10,72,310,Yes,69.58
Apple,0,59,6.07,73.78,17.63,Hard,0,60,287,Yes,88.12
Strawberry,3,5,4.31,34.14,3.84,Soft,2,6,241,No,71.56
Mango,0,68,3.33,77.81,37.65,Hard,2,29,227,No,58.85
Lime,4,85,3.14,70.71,36.33,Soft,5,14,169,No,99.15
Grape,3,57,4.22,33.77,45.63,Soft,4,3,284,No,74.67
Kiwi,7,48,7.41,44.12,36.53,Medium,10,62,346,No,55.46
Blackberry,7,22,5.08,24.88,41.43,Medium,6,69,262,Yes,83.51
Kiwi,6,88,6.6,18.88,37.3,Medium,2,37,290,No,86.96
Strawberry,2,33,7.59,67.82,31.53,Soft,10,46,348,No,75.01
Strawberry,0,25,5.04,31.4,21.35,Hard,0,59,364,Yes,82.32
Mango,0,46,3.96,75.6,45.11,Hard,10,98,9,No,58.63
Banana,10,4,5.59,89.65,32.55,Soft,2,1,349,No,68.4
Peach,2,89,7.54,16.13,19.92,Hard,7,68,98,No,58.09
Raspberry,5,19,7.02,47.84,4.17,Soft,4,7,12,Yes,69.36
Blueberry,6,5,3.33,74.17,14.54,Hard,2,50,272,No,78.14
Kiwi,5,69,6.46,73.12,27.19,Soft,7,93,71,Yes,72.13
Pear,5,58,5.86,70.8,13.78,Medium,5,18,135,Yes,79.66
Peach,5,63,7.54,37.92,11.06,Medium,2,93,259,Yes,75.09
Grape,2,17,3.61,46.31,26.37,Hard,4,30,5,No,65.89
Pineapple,5,3,5.67,57.6,8.49,Hard,0,79,239,Yes,57.17
Grape,7,16,7.4,87.92,40.02,Hard,5,21,294,No,62.63
Grape,10,13,5.05,36.2,24.22,Hard,8,32,335,No,60.04
Kiwi,10,77,5.41,83.85,28.69,Medium,6,85,99,Yes,85.37
Apple,1,12,3.35,31.55,7.37,Medium,10,71,151,No,91.0
Grape,4,6,4.39,89.13,16.23,Soft,7,36,258,Yes,86.02
Blackberry,0,43,4.62,63.62,20.5,Hard,5,11,356,Yes,82.19
Lemon,0,14,7.73,47.08,40.41,Medium,10,68,149,No,65.39
Pear,4,18,4.41,59.07,38.51,Soft,4,63,142,No,85.55
Orange,2,62,5.3,31.8,11.15,Soft,5,24,251,No,80.25
Apple,3,34,6.36,31.93,30.81,Soft,6,53,234,No,52.34
Lemon,2,80,3.81,19.08,12.17,Medium,8,28,132,No,95.38
Lime,0,34,5.43,19.12,49.41,Soft,7,12,47,Yes,54.0
Kiwi,0,18,6.69,37.81,47.61,Hard,4,25,94,No,75.14
Peach,4,19,7.33,71.03,28.16,Soft,6,21,249,No,75.65
Papaya,5,99,6.13,58.64,34.95,Soft,7,92,356,No,91.85
Kiwi,2,34,6.35,18.21,40.07,Medium,0,75,20,Yes,95.65
Kiwi,8,31,3.63,78.18,36.05,Soft,7,91,180,Yes,96.98
Lime,4,47,7.73,58.11,34.99,Medium,10,72,272,Yes,78.48
Orange,7,43,3.66,86.87,47.93,Medium,6,9,136,No,83.95
Blackberry,0,23,6.87,63.61,29.82,Hard,10,47,237,Yes,54.43
Papaya,4,60,4.32,24.01,31.82,Soft,1,41,190,Yes,74.4
Peach,2,16,7.67,47.9,42.46,Hard,1,89,212,No,94.89
Lemon,0,70,6.6,61.88,33.49,Hard,5,99,64,No,72.78
Banana,3,49,6.77,12.26,36.65,Soft,2,58,360,No,53.48
Apple,4,64,4.1,11.19,11.71,Soft,0,52,164,Yes,60.03
Strawberry,6,98,5.22,20.35,18.56,Medium,7,39,38,Yes,71.48
Pineapple,0,31,6.09,30.13,7.37,Soft,6,74,215,Yes,61.88
Pomegranate,2,35,6.85,44.36,25.29,Medium,3,61,19,No,69.61
Kiwi,1,12,3.52,49.0,22.79,Hard,0,5,254,No,66.65
Kiwi,8,69,7.81,21.04,49.86,Hard,1,3,74,Yes,65.95
Blackberry,9,57,7.45,63.87,30.56,Medium,8,90,141,Yes,54.56
Strawberry,5,13,4.35,57.69,39.32,Soft,3,54,17,Yes,94.14
Papaya,9,36,7.11,33.56,16.7,Soft,2,87,95,No,84.64
Plum,2,78,5.59,11.09,41.58,Medium,7,68,234,No,81.17
Blackberry,7,67,5.31,16.21,30.75,Hard,3,2,301,Yes,80.32
Blackberry,7,39,4.57,41.34,34.85,Medium,6,6,88,No,69.83
Lime,1,58,5.9,22.32,14.72,Soft,4,87,298,No,91.17
Blueberry,5,79,6.65,40.15,27.43,Soft,4,85,51,No,96.5
Kiwi,6,91,5.05,60.25,31.7,Medium,10,11,245,Yes,50.28
Peach,1,15,6.15,53.78,29.45,Soft,5,98,113,Yes,53.96
Kiwi,10,61,6.5,28.49,45.76,Hard,3,16,8,No,83.75
Papaya,9,3,6.56,37.51,44.91,Medium,1,66,37,No,61.8
Cherry,1,44,3.26,59.12,48.55,Hard,5,74,47,Yes,95.59
Cherry,9,89,7.3,78.87,33.37,Hard,4,69,100,Yes,83.37
Pear,0,27,5.29,70.26,48.6,Medium,2,35,345,Yes,68.41
Pineapple,7,95,4.31,54.27,41.62,Medium,3,16,173,Yes,70.76
Pomegranate,0,65,4.21,38.98,13.54,Soft,2,85,241,No,84.54
Watermelon,8,30,5.42,39.2,21.37,Soft,2,0,191,Yes,57.05
Kiwi,10,2,7.43,80.35,11.92,Medium,3,66,342,Yes,94.17
Mango,5,7,4.89,13.14,0.21,Medium,1,79,234,Yes,50.24
Orange,6,23,6.75,89.04,9.4,Soft,3,98,281,Yes,98.95
Lemon,9,14,3.48,63.15,0.2,Soft,9,77,235,Yes,58.38
Strawberry,6,42,5.38,64.49,35.99,Soft,10,48,126,No,87.11
Pear,9,30,7.96,13.04,21.28,Medium,1,50,178,No,52.0
Lime,2,72,6.85,58.44,15.63,Medium,9,70,173,No,71.57
Raspberry,1,44,4.05,48.78,38.09,Soft,7,89,120,Yes,81.52
Kiwi,8,65,5.51,18.46,41.62,Hard,9,42,30,Yes,53.51
Lime,7,7,4.17,32.23,48.76,Hard,4,30,48,No,72.16
Mango,9,70,5.05,81.23,32.1,Soft,6,23,179,Yes,65.16
Grape,6,56,6.9,54.0,23.08,Medium,10,82,94,Yes,74.91
Blackberry,8,79,6.86,43.07,15.26,Medium,3,36,55,Yes,75.23
Pineapple,3,98,4.14,15.81,11.12,Hard,9,64,236,Yes,89.26
Lime,3,29,7.61,67.13,10.65,Soft,5,88,302,Yes,56.18
Mango,0,73,5.96,66.23,20.46,Hard,9,62,287,Yes,54.14
Pomegranate,7,17,4.9,59.12,49.59,Hard,3,55,348,No,70.09
Grape,2,68,5.51,50.82,0.04,Soft,5,73,74,Yes,94.38
Mango,6,92,6.03,44.7,9.86,Hard,0,17,312,No,92.76
Cherry,1,38,5.8,57.46,9.42,Medium,5,64,122,Yes,78.0
Banana,1,59,5.43,28.67,35.86,Hard,5,28,57,Yes,94.44
Lime,6,97,5.52,85.3,17.62,Soft,1,76,273,Yes,90.27
Apple,5,42,3.88,57.1,22.86,Medium,9,3,139,Yes,63.9
Pineapple,2,44,7.06,34.9,7.43,Medium,9,11,199,No,58.51
Pear,8,22,5.71,45.97,20.25,Hard,8,55,209,Yes,65.06
Banana,9,68,3.66,74.45,5.16,Medium,5,47,273,No,61.36
Orange,5,93,6.83,22.93,26.65,Soft,10,18,361,No,81.14
Pomegranate,9,5,7.66,33.43,4.9,Hard,6,25,138,No,79.24
Raspberry,9,55,7.74,64.36,39.53,Medium,1,37,134,No,79.92
Pomegranate,5,3,4.85,35.24,28.33,Soft,1,79,337,Yes,59.47
Kiwi,0,92,3.68,73.4,36.2,Hard,1,24,16,No,89.59
Cherry,3,22,5.59,20.44,20.93,Soft,9,55,103,Yes,71.68
Kiwi,9,5,3.56,71.01,19.07,Medium,10,73,243,No,73.62
Grape,5,31,7.67,15.47,4.91,Hard,8,100,90,No,99.85
Watermelon,5,17,3.92,11.01,26.19,Hard,2,27,4,No,64.11
Blackberry,10,14,4.26,81.86,25.73,Medium,3,60,62,Yes,69.71
Cherry,4,39,5.03,56.51,23.41,Soft,0,91,212,No,83.82
Banana,0,95,4.92,38.15,37.03,Medium,0,88,248,Yes,94.02
Peach,7,72,6.97,28.61,41.63,Hard,3,88,192,No,56.34
Lime,4,100,5.28,59.35,37.54,Hard,1,50,56,No,86.75
Banana,4,73,3.85,50.72,7.19,Medium,7,11,289,No,95.91
Kiwi,6,83,4.34,89.33,31.1,Soft,3,7,31,Yes,71.15
Pomegranate,3,5,5.55,88.66,4.02,Medium,2,99,1,Yes,64.34
Mango,5,62,3.74,60.8,34.73,Soft,2,57,198,Yes,83.89
Pineapple,3,66,6.06,45.43,19.09,Soft,5,87,45,No,62.3
Pineapple,2,10,5.83,49.29,6.62,Hard,5,22,47,No,69.21
Blueberry,6,42,6.57,64.6,43.1,Soft,5,36,222,No,94.85
Plum,7,16,7.69,18.13,30.7,Hard,5,10,286,No,79.52
Blackberry,3,95,7.56,36.27,17.74,Soft,7,16,81,Yes,54.75
Pomegranate,1,3,7.73,16.02,1.54,Soft,7,91,280,No,66.48
Apple,9,62,4.22,15.87,26.87,Hard,8,55,287,Yes,81.36
Lime,2,67,3.66,25.67,46.16,Soft,0,52,284,Yes,74.07
Plum,0,80,4.51,48.82,29.82,Medium,9,66,189,Yes,83.02
Watermelon,7,40,7.48,72.78,48.58,Soft,7,1,39,No,88.07
Pear,2,82,7.86,48.84,6.82,Hard,4,28,83,Yes,74.03
Lemon,9,4,7.3,36.84,28.42,Hard,2,56,327,Yes,99.35
Pineapple,6,31,3.55,16.59,39.91,Medium,10,33,176,Yes,95.73
Apple,9,85,7.74,54.02,26.28,Soft,9,77,9,No,53.0
Cherry,4,69,5.12,31.7,4.55,Medium,2,96,278,Yes,63.32
Pear,9,34,3.05,59.19,29.14,Soft,5,81,258,Yes,65.03
Apple,4,21,5.21,88.18,30.59,Medium,7,92,347,Yes,59.21
Plum,6,64,3.23,18.91,36.44,Hard,9,1,272,Yes,65.6
Blueberry,8,83,5.72,26.97,38.06,Hard,1,74,261,Yes,71.24
Apple,4,21,4.69,47.85,38.54,Medium,8,30,180,Yes,52.58
Banana,0,10,5.37,87.49,33.17,Soft,4,76,154,No,56.37
Pineapple,9,76,6.07,71.74,10.79,Soft,4,43,15,Yes,54.81
Cherry,9,2,7.34,81.86,20.21,Hard,0,89,67,No,52.32
Lime,0,8,6.31,36.7,38.81,Soft,5,55,329,No,74.07
Grape,1,59,5.17,89.36,47.67,Medium,10,97,187,No,66.69
Raspberry,5,75,7.1,18.23,3.95,Medium,10,53,348,No,96.77
Blackberry,8,86,7.53,14.24,26.78,Soft,4,52,63,Yes,55.14
Orange,7,13,3.6,78.45,15.63,Hard,6,73,356,No,96.3
Apple,4,96,5.66,84.18,11.27,Hard,6,75,281,Yes,54.33
Grape,0,17,4.42,17.25,25.29,Hard,3,85,41,Yes,80.96
Blackberry,6,72,3.24,19.07,30.3,Hard,4,45,28,Yes,62.39
Mango,4,22,6.34,12.65,0.49,Hard,9,53,277,No,91.34
Blueberry,5,73,7.31,18.36,39.01,Medium,7,30,221,Yes,53.07
Lemon,6,82,3.81,26.75,40.99,Soft,1,82,217,Yes,97.63
Kiwi,2,46,7.06,87.61,48.28,Medium,0,23,222,No,52.36
Plum,9,68,7.27,63.43,9.03,Hard,5,24,61,Yes,62.06
Lime,2,46,7.57,72.28,29.73,Hard,10,34,103,Yes,73.21
Raspberry,4,86,4.33,72.09,21.33,Soft,3,56,185,Yes,87.8
Peach,5,29,7.52,52.81,16.74,Soft,9,71,147,No,97.56
Watermelon,8,24,4.6,73.8,28.28,Soft,2,68,75,Yes,71.4
Orange,4,27,5.76,57.66,39.12,Medium,6,85,1,Yes,87.87
Strawberry,0,97,3.25,35.16,1.15,Soft,7,27,333,Yes,86.36
Apple,3,24,3.22,54.89,48.47,Medium,10,75,162,Yes,78.56
Cherry,4,73,6.6,52.68,40.49,Hard,3,32,17,No,84.55
Pomegranate,9,77,5.22,75.88,37.56,Medium,9,52,243,No,51.9
Grape,9,57,4.28,88.54,38.02,Soft,10,15,19,No,72.08
Lemon,4,93,3.95,42.88,19.45,Medium,10,25,330,Yes,89.29
Papaya,6,40,6.35,71.07,37.58,Medium,5,11,59,Yes,73.71
Blueberry,3,24,3.0,17.98,19.34,Medium,10,86,201,Yes,93.68
Strawberry,0,77,7.03,72.15,44.94,Soft,10,89,115,No,91.68
Plum,4,98,3.4,39.71,8.86,Medium,1,76,203,No,93.17
Pear,6,47,3.96,13.15,14.62,Soft,7,86,294,Yes,56.5
Kiwi,9,97,4.93,39.06,27.57,Medium,5,30,31,Yes,62.21
Banana,9,9,5.42,58.85,15.96,Medium,10,99,194,Yes,51.48
Peach,5,98,4.77,19.54,21.21,Medium,8,26,106,No,99.14
Papaya,4,74,4.6,83.92,24.62,Soft,10,35,306,Yes,61.81
Banana,3,10,7.82,16.21,42.82,Soft,5,58,126,No,68.35
Grape,1,84,6.21,84.4,26.16,Soft,5,86,103,No,63.75
Lime,3,20,3.12,66.57,18.12,Hard,1,2,163,Yes,51.99
Peach,9,85,5.15,36.38,12.39,Soft,4,93,315,Yes,63.06
Lime,9,44,7.38,41.26,20.43,Medium,8,31,121,Yes,54.91
Kiwi,2,6,4.51,69.26,25.79,Hard,0,14,240,No,69.71
Raspberry,9,80,3.47,58.12,37.31,Soft,3,74,95,Yes,98.34
Papaya,0,63,6.79,63.73,6.05,Soft,9,65,208,No,84.91
Pineapple,7,63,6.03,41.13,11.08,Hard,9,89,149,No,85.35
Grape,4,1,5.85,49.03,18.98,Hard,2,62,350,Yes,72.66
Papaya,3,75,3.27,89.19,18.02,Soft,0,97,308,Yes,90.57
Lemon,7,41,3.7,27.11,19.59,Hard,0,0,193,No,95.41
Plum,6,81,6.11,43.43,39.68,Medium,0,74,142,No,98.08
Papaya,1,53,4.04,33.35,16.21,Medium,0,4,272,Yes,54.95
Blackberry,0,74,5.52,71.21,25.09,Medium,1,89,311,No,93.98
Blueberry,10,15,5.72,71.12,31.2,Soft,10,5,201,Yes,61.25
Strawberry,3,17,4.42,33.4,11.61,Medium,4,98,162,Yes,69.86
Blackberry,7,98,7.74,16.51,35.93,Hard,1,4,109,Yes,67.27
Peach,1,58,7.21,10.91,27.36,Medium,3,72,350,Yes,83.76
Pineapple,2,89,6.61,44.2,22.34,Hard,8,27,263,No,79.9
Plum,0,15,3.39,42.83,40.49,Medium,2,82,210,Yes,55.46
Strawberry,0,5,3.53,89.07,12.17,Hard,1,68,149,Yes,89.14
Peach,2,56,5.46,47.58,44.16,Medium,3,86,256,No,71.98
Blackberry,10,46,3.8,30.51,28.05,Medium,8,43,199,No,50.11
Plum,4,47,7.89,81.3,30.46,Medium,3,15,337,Yes,70.73
Lemon,2,41,3.79,49.29,43.75,Hard,4,70,186,Yes,75.82
Papaya,0,75,5.44,57.93,40.88,Hard,3,77,344,No,53.44
Banana,0,59,4.82,17.65,30.08,Medium,7,21,165,No,57.56
Cherry,7,76,6.2,40.63,37.66,Hard,3,72,108,Yes,99.68
Papaya,9,3,3.65,85.54,21.67,Hard,1,22,83,No,93.56
Lime,10,1,5.15,57.16,27.37,Soft,3,42,301,No,56.67
Orange,1,89,4.37,37.56,3.1,Medium,1,67,80,No,79.02
Pomegranate,2,58,7.44,60.05,4.49,Hard,8,42,253,No,68.96
Peach,1,26,3.2,82.83,41.47,Hard,10,25,25,Yes,77.19
Pineapple,2,26,7.57,31.92,2.98,Hard,7,40,283,Yes,73.53
Watermelon,6,78,7.16,50.41,8.47,Hard,8,69,51,Yes,52.41
Kiwi,0,71,4.49,86.7,39.79,Soft,3,30,108,Yes,65.77
Blackberry,9,6,6.95,23.79,0.06,Hard,0,16,238,No,56.28
Apple,7,62,3.16,67.57,14.12,Hard,2,8,316,No,74.45
Cherry,9,45,7.83,59.16,29.2,Soft,6,90,328,No,95.37
Kiwi,9,62,5.63,64.37,29.77,Medium,0,54,186,No,99.78
Lime,9,11,4.52,38.1,38.86,Medium,10,5,80,Yes,97.21
Lemon,1,12,4.81,35.11,25.3,Soft,7,69,328,Yes,99.28
Watermelon,2,42,3.33,64.74,25.47,Medium,8,63,96,No,50.76
Strawberry,8,16,7.95,27.24,36.27,Medium,7,3,150,Yes,86.47
Mango,6,62,3.2,43.57,24.93,Soft,4,66,352,Yes,63.65
Blueberry,3,80,6.27,25.05,30.42,Hard,10,87,6,No,93.28
Blueberry,9,35,5.21,10.66,44.89,Soft,8,55,22,Yes,90.69
Lime,4,84,7.74,87.6,20.07,Soft,3,17,220,Yes,71.18
Banana,1,7,4.23,44.54,19.26,Soft,8,31,359,No,73.66
Banana,10,68,5.66,87.55,0.18,Soft,0,84,12,No,63.25
Pear,7,89,5.41,21.23,30.67,Soft,10,47,283,No,64.44
Plum,3,79,6.51,56.99,1.49,Hard,2,28,192,Yes,99.06
Banana,8,35,3.34,26.08,25.21,Medium,3,31,225,No,94.44
Papaya,4,27,3.97,73.21,40.21,Soft,10,24,336,No,59.59
Grape,8,92,4.07,72.7,27.5,Hard,9,75,167,Yes,63.78
Banana,3,46,6.69,19.01,13.48,Soft,0,62,316,Yes,55.43
Papaya,9,75,3.95,82.97,39.31,Hard,5,8,116,No,99.44
Blueberry,4,100,5.87,25.57,13.49,Medium,3,70,326,Yes,95.36
Grape,8,29,4.08,59.04,36.65,Hard,3,13,148,Yes,77.6
Cherry,7,22,7.31,88.85,30.51,Hard,0,19,36,No,84.64
Pineapple,2,15,7.71,80.59,8.5,Medium,4,83,245,No,87.4
Pomegranate,0,13,5.59,86.53,45.26,Medium,8,9,308,Yes,60.19
Kiwi,2,73,4.76,37.41,10.03,Hard,5,10,130,No,96.73
Grape,3,70,4.17,18.45,49.48,Soft,7,38,240,Yes,76.34
Strawberry,1,51,3.25,25.07,0.37,Soft,10,18,344,Yes,54.62
Orange,0,36,4.34,50.04,13.17,Medium,3,18,304,Yes,69.85
Blueberry,6,28,6.27,73.46,9.99,Soft,8,42,105,Yes,80.08
Cherry,7,66,5.67,22.01,0.7,Medium,6,60,167,No,67.64
Apple,6,14,7.72,62.78,36.62,Hard,6,69,42,Yes,84.96
Raspberry,4,99,4.98,35.89,34.67,Hard,7,71,254,No,94.1
Apple,0,46,6.47,37.3,39.62,Soft,1,64,350,Yes,88.59
Plum,6,45,5.45,62.95,12.83,Medium,5,22,301,Yes,82.13
Lime,6,51,5.56,47.36,22.22,Soft,6,100,205,No,75.61
Watermelon,8,18,4.34,74.96,32.96,Soft,2,59,195,No,62.72
Watermelon,2,76,5.27,22.47,21.99,Hard,7,9,171,Yes,72.75
Kiwi,8,20,5.35,73.2,34.87,Soft,0,62,250,Yes,64.65
Grape,0,63,6.53,15.14,31.7,Hard,0,1,104,No,96.7
Pineapple,0,36,7.7,25.52,5.73,Medium,9,35,363,No,95.37
Raspberry,3,26,4.65,62.49,39.05,Soft,2,56,39,No,57.79
Watermelon,8,54,3.21,78.39,36.03,Hard,5,65,236,Yes,91.13
Grape,5,28,5.48,30.21,32.79,Soft,6,78,134,No,85.15
Peach,10,19,5.72,36.18,7.75,Medium,1,19,252,Yes,98.76
Raspberry,2,24,3.84,52.97,13.4,Soft,5,41,170,No,73.17
Lime,0,69,6.8,26.93,19.66,Soft,4,20,283,No,86.11
Papaya,3,62,7.92,74.89,14.0,Hard,5,93,207,No,75.89
Watermelon,8,35,7.73,71.89,11.39,Medium,0,87,143,Yes,53.47
Strawberry,2,1,3.99,21.62,40.27,Medium,9,65,19,No,52.34
Lime,8,21,7.38,47.11,31.91,Medium,6,37,190,No,56.11
Raspberry,6,95,6.52,71.99,28.27,Soft,7,85,64,Yes,64.81
Lime,3,15,5.27,36.99,11.3,Hard,6,92,230,No,62.96
Lime,2,17,5.7,60.65,45.9,Soft,8,77,307,Yes,86.42
Blueberry,9,68,7.25,14.02,9.56,Soft,0,68,175,Yes,85.8
Grape,4,53,5.4,58.7,39.75,Soft,9,23,313,Yes,98.57
Orange,4,99,4.87,22.21,48.33,Medium,8,25,20,No,65.52
Watermelon,2,29,5.47,76.45,36.35,Hard,10,1,276,No,96.92
Pineapple,8,44,5.9,38.44,49.64,Medium,10,45,338,Yes,80.64
Lemon,3,18,3.95,32.52,32.55,Soft,2,33,226,Yes,74.77
Banana,10,86,7.5,77.27,10.87,Soft,1,61,231,Yes,83.39
Cherry,4,33,6.37,14.01,10.19,Hard,5,86,101,No,85.14
Papaya,3,12,6.17,41.73,16.23,Medium,10,40,227,Yes,58.6
Orange,4,42,3.5,39.6,0.36,Soft,4,98,294,Yes,87.59
Peach,6,61,6.02,32.78,34.08,Soft,3,14,38,No,86.26
Pineapple,8,92,3.6,82.94,13.43,Hard,3,54,65,No,99.88
Pineapple,6,99,3.39,70.07,40.76,Soft,7,2,76,Yes,95.6
Kiwi,4,21,5.64,15.11,17.96,Medium,9,75,192,Yes,84.23
Strawberry,9,51,5.01,67.17,24.0,Medium,2,37,123,Yes,85.62
Pear,9,51,5.94,52.18,48.28,Soft,0,50,125,Yes,97.3
Peach,6,35,3.45,82.07,12.11,Soft,4,16,27,No,98.36
Raspberry,9,72,5.15,35.04,36.06,Soft,7,90,103,Yes,91.35
Pear,4,18,3.87,55.93,37.76,Hard,2,82,276,No,88.37
Blackberry,2,37,7.94,50.06,11.05,Hard,1,48,60,No,55.57
Orange,6,69,5.81,49.16,25.05,Medium,0,20,168,Yes,91.52
Banana,10,78,6.44,46.49,17.51,Medium,3,87,83,No,62.66
Lime,10,56,4.63,26.45,38.6,Soft,10,23,6,Yes,78.19
Lime,1,19,3.47,70.46,31.12,Soft,1,82,164,No,70.27
Mango,8,8,7.88,46.11,23.8,Soft,7,94,202,Yes,67.28
Orange,9,31,4.43,86.68,38.97,Hard,10,39,177,No,65.51
Banana,9,3,5.12,30.86,11.76,Hard,9,19,340,No,92.77
Kiwi,0,49,6.25,64.62,37.68,Soft,8,78,156,Yes,88.46
Plum,5,81,3.12,85.26,43.27,Soft,9,34,278,No,76.17
Kiwi,6,4,7.05,63.08,43.93,Medium,0,47,340,No,83.22
Strawberry,7,19,5.68,79.7,39.18,Hard,1,98,303,No,99.23
Banana,9,86,4.39,76.2,20.4,Soft,5,32,102,No,69.88
Plum,8,74,3.31,38.81,49.09,Hard,9,55,80,No,77.56
Pineapple,1,36,3.81,58.01,18.98,Soft,6,40,194,No,76.68
Apple,10,21,7.48,22.5,31.93,Soft,1,53,281,No,96.8
Raspberry,9,57,6.43,52.84,8.05,Medium,7,43,91,No,67.58
Mango,1,67,4.25,28.43,49.02,Medium,9,81,67,No,99.31
Lemon,4,92,3.33,69.5,35.2,Medium,8,80,215,Yes,65.23
Grape,4,43,6.45,52.24,37.67,Soft,7,71,145,No,55.45
Orange,5,33,5.86,42.9,3.29,Medium,8,83,40,No,59.57
Pineapple,2,76,5.02,31.5,38.17,Soft,5,10,212,Yes,71.31
Plum,7,41,4.82,89.9,38.74,Hard,10,93,286,No,82.49
Raspberry,0,8,4.08,15.74,33.59,Hard,6,90,59,No,75.84
Lemon,5,94,6.35,13.48,14.6,Soft,5,13,28,Yes,68.81
Lemon,3,6,7.85,27.38,24.48,Medium,6,41,47,No,78.1
Strawberry,0,67,3.88,87.69,5.52,Medium,2,78,237,Yes,91.94
Peach,6,18,5.99,88.34,23.58,Hard,3,11,117,Yes,91.95
Mango,8,93,5.12,62.39,12.19,Soft,8,83,151,No,86.31
Strawberry,3,30,5.23,80.41,17.45,Soft,2,16,83,Yes,97.62
Apple,3,34,4.27,27.12,8.13,Soft,1,89,57,Yes,79.51
Grape,5,56,7.13,87.76,11.5,Hard,10,77,217,No,50.38
Orange,2,84,5.43,21.42,3.83,Hard,6,24,220,No,64.55
Cherry,5,60,5.72,18.09,46.0,Medium,5,25,285,Yes,66.41
Lime,6,30,4.52,18.98,26.52,Soft,2,46,242,No,77.37
Cherry,10,82,3.91,55.85,19.84,Soft,5,24,320,Yes,95.24
Watermelon,9,94,3.43,72.48,26.75,Soft,6,88,99,Yes,91.91
Strawberry,9,52,6.57,39.33,31.41,Soft,5,59,242,No,61.61
Blueberry,2,31,3.98,88.23,46.09,Hard,0,59,203,Yes,75.97
Orange,6,65,6.45,44.75,8.93,Medium,0,26,37,No,82.96
Peach,2,58,4.95,22.04,14.78,Hard,8,42,246,No,99.38
Grape,1,9,5.08,47.28,48.79,Medium,5,75,128,No,51.57
Blackberry,9,1,5.35,64.32,18.56,Soft,1,19,135,No,73.19
Raspberry,3,65,4.84,76.58,1.13,Soft,10,62,346,Yes,99.41
Pomegranate,7,59,3.5,46.7,7.38,Soft,0,79,343,No,98.86
Apple,8,87,4.55,57.49,1.32,Soft,10,24,64,No,66.54
Grape,6,16,6.32,31.39,49.5,Soft,1,26,274,No,50.0
Pomegranate,0,95,6.33,61.67,13.94,Hard,7,51,29,Yes,79.34
Mango,2,15,4.43,88.88,46.18,Medium,4,81,226,No,93.35
Cherry,8,15,5.3,13.92,49.79,Hard,6,9,60,Yes,66.21
Blueberry,0,45,3.97,80.92,29.99,Soft,6,49,54,Yes,96.71
Blueberry,8,38,4.05,54.98,1.66,Medium,1,29,328,Yes,66.64
Banana,7,30,3.12,30.17,4.08,Medium,3,0,149,Yes,80.51
Kiwi,0,87,7.48,86.39,24.08,Soft,1,53,58,No,86.1
Plum,5,0,4.05,48.67,20.31,Medium,6,3,36,No,67.27
Grape,4,10,4.14,36.54,30.31,Hard,4,86,145,Yes,67.61
Raspberry,5,84,4.4,24.52,21.94,Hard,0,6,250,Yes,73.5
Strawberry,9,3,3.64,29.56,46.7,Hard,1,29,80,No,91.76
Lemon,4,70,6.2,76.63,26.74,Hard,5,89,15,Yes,55.04
Blackberry,5,25,3.38,59.15,34.69,Medium,3,64,40,Yes,81.57
Lime,4,49,3.67,83.06,44.82,Hard,6,28,81,Yes,83.87
Watermelon,10,11,6.22,28.56,7.34,Medium,1,24,307,No,77.89
Cherry,4,94,4.7,19.69,11.49,Soft,1,39,193,Yes,96.79
Pear,3,80,6.54,10.49,5.37,Hard,5,25,166,Yes,80.1
Pomegranate,2,96,5.79,50.63,6.98,Soft,7,16,353,Yes,81.73
Banana,2,74,4.28,89.86,25.63,Hard,0,30,204,No,79.99
Lime,3,91,6.25,65.6,16.06,Soft,4,60,211,Yes,86.1
Apple,8,95,3.58,34.67,21.16,Soft,0,7,258,No,56.77
Strawberry,1,64,5.68,80.15,49.12,Soft,10,68,115,No,94.71
Pear,8,46,5.19,72.54,7.84,Soft,5,0,334,No,52.12
Plum,0,91,4.34,11.23,27.04,Soft,6,78,349,No,82.04
Cherry,0,52,6.02,75.35,4.94,Medium,5,99,233,Yes,80.77
Orange,4,70,7.36,34.04,15.92,Medium,8,70,77,Yes,60.41
Lemon,5,1,7.99,21.97,26.38,Hard,2,45,316,No,52.04
Lemon,5,23,6.04,28.11,47.33,Medium,7,90,96,Yes,56.94
Cherry,2,3,5.02,47.49,19.56,Soft,2,98,98,Yes,63.58
Plum,6,18,4.13,43.99,3.25,Medium,10,90,56,No,94.11
Lime,8,25,4.29,33.11,19.41,Medium,6,19,118,No,92.79
Lemon,10,74,5.4,23.78,7.29,Soft,4,81,119,Yes,53.19
Peach,9,39,4.84,70.98,11.5,Medium,0,39,38,Yes,64.46
Cherry,7,49,7.57,89.21,30.9,Soft,10,1,185,Yes,94.47
Raspberry,5,42,4.84,72.22,3.37,Medium,3,93,358,Yes,61.83
Grape,7,74,4.87,33.67,23.24,Soft,10,60,242,No,99.8
Papaya,4,66,4.92,29.58,30.47,Hard,8,93,51,No,62.84
Lime,7,11,7.18,27.41,21.09,Medium,7,70,127,No,86.96
Pomegranate,9,66,6.25,20.94,0.96,Hard,2,76,103,Yes,70.85
Lemon,3,26,6.07,54.11,49.28,Soft,1,96,229,No,56.81
Pomegranate,9,53,4.67,58.43,18.36,Soft,10,29,211,Yes,62.76
Apple,7,65,7.09,66.44,38.93,Hard,8,29,85,No,83.76
Pineapple,9,48,3.19,64.42,16.28,Soft,0,86,359,Yes,66.85
Plum,1,15,7.35,33.39,23.75,Soft,8,44,274,Yes,80.21
Pear,4,1,5.56,36.42,19.42,Soft,6,23,27,No,60.28
Blackberry,8,59,4.99,64.52,17.13,Soft,1,83,348,No,72.43
Peach,3,53,5.49,37.96,1.09,Soft,10,91,72,Yes,75.61
Banana,10,29,6.34,27.01,18.0,Soft,4,55,95,Yes,70.64
Strawberry,5,83,3.06,39.95,44.47,Soft,1,82,76,No,59.9
Strawberry,0,37,7.36,31.77,34.52,Soft,4,60,6,Yes,73.08
Papaya,8,27,5.23,17.07,7.27,Hard,6,12,90,Yes,84.65
Lemon,0,24,4.71,76.41,29.56,Medium,4,79,80,Yes,98.25
Pomegranate,4,95,3.69,78.25,44.61,Soft,1,55,222,No,89.48
Strawberry,3,9,5.2,27.58,35.0,Hard,10,14,83,Yes,58.07
Pineapple,2,59,5.48,15.18,7.43,Soft,4,10,82,Yes,63.64
Plum,5,41,5.02,69.11,43.39,Medium,9,11,152,Yes,53.94
Pear,1,39,6.39,26.92,15.08,Soft,5,85,45,No,56.78
Kiwi,2,96,5.1,41.47,22.7,Hard,4,88,212,No,62.53
Blackberry,4,76,7.81,15.13,26.31,Hard,1,2,71,No,59.98
Cherry,8,41,6.0,28.1,42.53,Medium,5,23,263,Yes,60.68
Lime,1,46,7.04,73.43,46.58,Soft,5,88,58,Yes,61.54
Pineapple,9,36,3.55,74.35,46.48,Hard,1,8,57,Yes,65.03
Mango,7,79,4.99,26.57,0.4,Medium,3,91,111,Yes,56.28
Banana,1,21,4.68,36.87,46.09,Medium,6,45,142,Yes,63.89
Papaya,10,56,5.85,20.74,2.72,Soft,0,93,56,Yes,84.42
Banana,4,83,7.31,15.93,13.29,Hard,0,70,12,No,61.82
Pineapple,6,26,3.39,89.37,25.75,Soft,10,59,349,Yes,58.59
Raspberry,7,40,3.36,62.45,24.0,Soft,10,10,15,No,53.38
Blueberry,0,79,7.25,53.37,30.24,Soft,5,9,8,Yes,75.0
Cherry,5,33,4.06,71.24,23.97,Hard,6,2,231,Yes,92.1
Papaya,0,31,6.34,77.21,46.72,Medium,4,18,186,No,52.95
Apple,1,89,5.71,74.54,12.03,Soft,9,1,53,No,77.12
Plum,0,88,7.16,11.32,13.7,Soft,7,16,137,Yes,82.53
Plum,10,65,3.63,24.94,46.04,Hard,10,92,174,Yes,79.62
Peach,4,11,3.65,62.39,3.84,Soft,3,1,348,Yes,93.88
Pomegranate,9,39,5.78,40.06,30.48,Medium,2,52,219,No,93.32
Peach,8,72,7.73,88.6,34.09,Soft,6,15,263,Yes,52.87
Watermelon,5,75,5.07,63.23,25.28,Medium,3,9,255,Yes,68.05
Kiwi,10,89,4.63,86.52,34.71,Soft,0,67,300,No,83.54
Pear,10,72,6.03,26.12,8.64,Soft,10,42,270,No,97.62
Strawberry,0,9,7.65,79.12,42.63,Soft,7,89,75,Yes,90.23
Banana,0,95,7.18,35.71,7.0,Medium,4,57,224,Yes,58.83
Blackberry,1,97,7.98,89.17,20.04,Soft,7,59,92,No,63.96
Lime,8,47,3.11,22.62,3.76,Soft,7,23,134,Yes,88.18
Lemon,2,19,3.56,51.31,27.26,Soft,4,75,163,No,73.57
Lime,0,38,6.05,73.43,33.49,Medium,7,84,198,No,77.37
Pear,4,59,7.1,44.61,47.06,Soft,6,15,189,Yes,80.45
Banana,6,65,4.43,47.45,36.97,Hard,2,99,73,No,55.16
Pineapple,5,64,4.2,88.91,27.06,Medium,3,98,206,No,92.8
Orange,0,50,6.93,44.02,46.63,Hard,10,8,31,Yes,93.16
Apple,4,35,3.28,58.33,23.92,Soft,6,5,119,No,73.41
Cherry,4,23,4.85,14.36,28.06,Medium,3,64,283,No,81.34
Mango,5,26,5.53,77.38,29.8,Medium,5,77,159,Yes,83.0
Pomegranate,2,1,5.8,61.85,20.5,Soft,1,23,255,Yes,59.49
Blueberry,4,30,6.64,42.32,41.92,Hard,1,9,245,No,55.63
Strawberry,6,56,4.77,11.29,9.26,Medium,2,81,106,Yes,51.03
Lime,4,77,6.06,57.33,27.74,Medium,9,72,198,No,95.64
Grape,4,65,5.93,11.01,36.11,Medium,6,26,120,No,67.29
Lemon,4,28,5.74,10.1,45.2,Medium,2,82,82,No,54.29
Papaya,9,14,6.2,59.29,44.2,Medium,2,99,308,Yes,73.29
Grape,9,11,4.3,25.12,25.44,Soft,3,2,270,No,53.78
Cherry,2,100,3.42,25.35,32.16,Medium,9,37,187,No,54.26
Banana,0,27,3.6,62.26,19.71,Hard,5,72,276,Yes,74.44
Strawberry,4,83,4.12,14.3,23.41,Medium,0,73,52,Yes,75.44
Peach,8,23,5.5,35.07,45.31,Soft,5,72,357,Yes,79.01
Blueberry,0,20,7.2,21.95,46.54,Soft,7,16,296,Yes,82.82
Lemon,2,9,6.51,56.41,44.77,Hard,7,47,68,No,83.41
Pineapple,3,77,6.95,62.94,6.92,Medium,5,48,300,Yes,71.65
Plum,0,100,4.75,67.69,42.5,Hard,5,42,134,Yes,82.18
Banana,0,17,5.02,30.42,47.42,Hard,2,83,343,No,65.24
Orange,7,87,4.97,17.14,18.06,Hard,1,6,120,No,72.07
Pomegranate,1,13,3.96,16.29,25.93,Hard,6,67,57,Yes,69.67
Pear,7,33,3.31,44.09,38.95,Medium,7,73,186,Yes,66.46
Raspberry,6,57,5.95,85.67,28.1,Soft,9,20,72,Yes,61.93
Peach,9,75,7.95,27.42,49.67,Soft,5,77,158,Yes,53.92
Banana,9,21,3.83,30.54,22.79,Medium,4,24,228,No,75.3
Pomegranate,1,69,3.23,18.07,35.7,Hard,3,80,308,Yes,76.86
Plum,5,35,6.9,58.45,39.63,Medium,0,60,234,No,66.81
Blueberry,5,44,4.26,64.39,24.71,Hard,8,27,11,No,98.79
Blackberry,2,35,7.15,61.43,42.85,Hard,10,77,175,Yes,77.85
Plum,10,21,6.52,78.89,27.31,Medium,9,51,261,No,94.45
Apple,1,77,7.73,48.91,20.58,Medium,3,12,131,Yes,78.5
Strawberry,0,79,5.04,20.76,5.39,Hard,1,33,2,Yes,59.5
Lime,5,60,6.31,33.15,19.67,Hard,3,66,249,Yes,98.73
Peach,4,99,5.32,62.99,36.7,Hard,10,3,200,Yes,94.27
Cherry,10,55,6.15,59.05,46.06,Hard,4,43,182,No,73.56
Blackberry,8,88,5.25,52.48,12.58,Medium,1,14,350,Yes,62.15
Pear,0,95,3.94,64.64,17.76,Soft,6,83,127,No,61.13
Cherry,6,32,5.54,60.99,7.7,Soft,2,7,297,Yes,90.3
Orange,4,44,5.64,80.51,34.54,Hard,7,4,197,No,53.46
Banana,4,35,7.05,56.88,48.01,Soft,3,65,286,No,81.9
Cherry,1,19,6.68,72.29,32.05,Soft,10,91,44,Yes,82.01
Peach,10,17,6.32,29.9,30.85,Soft,4,85,10,Yes,59.12
Orange,2,37,3.57,64.25,27.67,Soft,2,72,225,No,85.25
Grape,6,66,6.6,82.18,4.42,Soft,10,91,216,No,85.27
Pear,5,22,5.5,40.86,36.48,Soft,4,45,211,No,67.5
Strawberry,1,95,7.47,72.33,30.1,Hard,8,64,286,Yes,74.17
Pomegranate,5,15,7.6,67.98,33.07,Hard,10,99,217,Yes,91.64
Apple,1,58,3.28,14.76,44.94,Hard,1,65,331,Yes,76.16
Apple,1,68,7.1,56.52,39.2,Medium,6,25,49,Yes,80.91
Lemon,1,67,3.19,20.42,39.05,Soft,9,30,163,No,70.64
Peach,10,20,4.84,87.39,46.36,Soft,7,50,193,No,57.48
Mango,2,77,5.71,74.91,49.5,Medium,2,40,145,No,99.9
Mango,1,94,3.74,18.78,29.06,Soft,10,50,159,No,76.58
Papaya,3,77,6.73,19.74,5.44,Hard,3,18,326,No,66.82
Papaya,8,69,3.04,57.56,22.96,Hard,10,94,180,Yes,85.69
Kiwi,5,11,3.84,37.59,39.38,Medium,9,72,26,Yes,81.04
Blackberry,0,15,5.9,12.79,1.39,Hard,1,2,100,No,61.65
Peach,7,80,6.57,53.33,2.84,Medium,9,37,111,Yes,93.85
Orange,6,86,7.58,41.03,3.36,Hard,8,69,270,Yes,53.55
Papaya,9,13,6.53,18.09,36.55,Soft,2,44,51,Yes,80.28
Pomegranate,2,60,6.36,74.15,25.06,Hard,8,70,15,Yes,73.89
Orange,0,70,4.97,83.21,18.44,Medium,6,40,128,Yes,65.91
Lemon,4,45,3.01,70.53,5.28,Soft,5,24,140,No,91.32
Pear,3,31,3.6,75.79,36.61,Medium,10,88,242,No,82.81
Grape,9,14,5.67,27.32,16.05,Soft,10,49,46,Yes,87.97
Pear,7,43,6.38,31.09,13.27,Soft,2,0,234,No,70.73
Papaya,0,16,5.09,26.68,32.62,Hard,10,53,72,No,97.12
Plum,9,40,6.65,71.21,27.95,Hard,6,85,95,Yes,67.24
Mango,0,53,5.61,85.83,18.12,Soft,10,83,285,Yes,76.55
Pineapple,3,43,3.37,67.35,32.07,Hard,2,12,132,Yes,96.68
Cherry,7,97,3.96,80.52,13.56,Hard,10,39,281,Yes,54.16
Mango,4,4,7.2,61.1,39.74,Medium,5,20,32,No,55.44
Plum,1,26,6.62,41.01,11.47,Hard,7,86,356,Yes,99.71
Kiwi,5,86,7.47,44.06,7.94,Soft,4,40,37,Yes,98.57
Pear,4,77,3.59,16.03,39.12,Hard,10,60,126,No,88.59
Kiwi,1,78,7.95,12.52,35.39,Soft,10,32,138,Yes,74.21
Peach,10,42,4.05,65.64,9.13,Soft,2,72,100,No,75.3
Lime,10,96,3.06,45.07,5.81,Medium,5,28,242,No,62.86
Apple,10,30,7.99,54.18,41.92,Soft,7,54,245,Yes,71.64
Mango,2,98,4.41,54.61,38.83,Soft,9,31,27,No,71.57
Pomegranate,8,16,6.34,32.19,16.36,Medium,2,10,209,Yes,51.8
Pomegranate,6,91,3.88,48.07,32.91,Soft,10,51,99,No,72.66
Peach,6,82,5.9,47.66,6.21,Medium,10,35,137,Yes,73.99
Lime,10,53,7.52,41.07,25.35,Soft,4,92,187,Yes,83.29
Raspberry,5,61,4.6,75.65,0.94,Hard,8,30,36,No,75.82
Lime,7,86,6.35,46.09,19.58,Medium,9,13,118,Yes,93.08
Lime,3,31,3.94,58.29,3.74,Medium,9,62,158,No,68.38
Peach,7,39,6.12,81.64,23.76,Soft,2,51,275,No,70.49
Papaya,3,12,4.68,79.3,21.08,Medium,10,53,169,Yes,78.57
Blueberry,7,83,4.06,81.23,22.22,Soft,1,49,55,No,60.14
Blueberry,8,34,4.57,31.6,2.27,Medium,10,88,84,Yes,69.67
Mango,2,4,3.89,12.8,18.08,Medium,7,53,6,No,84.31
Plum,2,72,7.51,30.89,37.82,Hard,6,89,363,Yes,70.59
Pear,10,28,4.99,32.3,18.45,Soft,8,85,344,No,95.33
Orange,1,69,4.23,82.75,35.76,Hard,3,72,256,No,80.77
Lime,9,24,5.24,61.94,18.47,Medium,2,96,198,No,57.69
Cherry,2,94,4.6,16.54,21.16,Soft,9,86,152,No,74.37
Pineapple,2,21,6.72,20.83,28.19,Hard,4,98,318,No,88.24
Watermelon,4,65,7.86,22.45,47.53,Medium,10,83,170,Yes,82.17
Peach,4,44,5.19,60.43,5.44,Hard,0,96,248,Yes,94.26
Pomegranate,1,68,7.31,68.83,1.65,Medium,4,34,249,No,87.5
Papaya,9,90,5.83,78.77,30.4,Medium,2,29,150,Yes,53.08
Mango,5,88,3.79,85.25,47.45,Soft,0,54,210,Yes,55.63
Kiwi,4,71,6.45,26.14,49.49,Soft,2,93,228,Yes,82.49
Papaya,5,0,5.57,34.78,24.21,Soft,4,85,244,No,61.92
Lime,0,83,6.25,29.23,23.4,Medium,4,0,141,Yes,79.39
Apple,4,43,7.45,38.7,32.25,Hard,9,14,120,Yes,89.61
Blackberry,8,86,5.2,83.17,27.78,Soft,7,24,293,No,78.85
Mango,9,95,7.51,56.01,31.7,Soft,10,19,180,No,70.77
Pomegranate,1,74,6.75,69.06,43.7,Soft,0,70,125,No,82.31
Pear,0,38,5.44,49.21,37.32,Soft,6,15,242,No,57.18
Papaya,9,53,6.02,12.31,24.84,Medium,4,51,212,No,86.16
Grape,10,87,4.63,15.14,23.09,Hard,2,86,17,Yes,84.85
Strawberry,8,74,7.92,53.03,31.98,Medium,3,84,16,Yes,75.72
Strawberry,9,28,6.34,67.5,22.79,Medium,2,64,341,Yes,63.94
Pear,8,53,3.22,27.23,22.89,Medium,7,83,257,No,89.88
Grape,8,89,4.63,67.75,0.82,Soft,3,82,286,Yes,75.53
Pomegranate,5,15,6.12,74.85,8.7,Hard,2,69,280,No,52.96
Blueberry,7,98,3.28,42.95,24.43,Medium,1,95,46,Yes,95.93
Watermelon,10,19,3.12,69.71,41.13,Medium,2,0,258,Yes,88.39
Pear,0,45,5.25,42.32,13.94,Medium,6,93,143,No,79.24
Papaya,9,66,4.66,64.27,26.13,Soft,5,15,285,Yes,71.84
Kiwi,3,64,5.19,71.12,17.25,Soft,9,26,355,Yes,97.99
Peach,0,57,4.31,89.35,5.24,Medium,4,17,318,No,88.75
Watermelon,7,52,3.82,37.63,47.91,Soft,7,76,13,Yes,76.75
Peach,0,0,6.45,42.88,42.73,Hard,10,43,321,Yes,82.66
Papaya,2,80,5.57,23.25,3.92,Soft,0,49,45,Yes,64.04
Mango,3,65,4.0,26.33,35.99,Medium,2,91,47,No,59.79
Lime,7,28,4.6,65.47,17.38,Hard,1,73,16,No,63.67
Kiwi,5,83,5.96,83.36,49.74,Soft,1,13,107,Yes,64.66
Apple,9,69,3.36,41.57,15.12,Medium,10,51,3,Yes,86.99
Apple,6,7,3.74,24.39,11.94,Hard,0,92,104,No,57.0
Blackberry,7,28,3.37,32.81,28.39,Hard,4,74,95,No,88.88
Mango,1,50,7.06,46.4,41.76,Hard,4,49,133,No,76.17
Grape,9,32,6.76,33.25,9.63,Soft,2,90,348,Yes,69.23
Pomegranate,10,2,6.77,28.69,35.47,Hard,8,16,271,Yes,65.02
Plum,7,59,6.58,68.88,3.07,Soft,5,2,201,No,75.66
Lemon,2,34,6.35,10.63,45.95,Medium,9,61,254,No,65.88
Grape,6,68,5.38,53.14,4.05,Soft,5,94,183,Yes,71.47
Watermelon,2,90,6.21,73.5,45.71,Soft,9,20,150,No,86.95
Papaya,6,75,3.19,31.3,24.54,Medium,5,32,37,Yes,81.3
Cherry,10,83,6.11,58.26,22.4,Soft,1,0,326,No,87.4
Blackberry,1,19,6.89,63.51,48.67,Soft,10,69,139,No,85.65
Watermelon,9,72,5.5,62.4,49.52,Medium,9,55,100,Yes,90.75
Peach,5,38,4.79,45.67,32.51,Hard,9,3,236,No,60.08
Pear,2,3,4.39,37.73,6.36,Medium,7,21,84,No,99.76
Raspberry,2,18,6.21,76.87,25.31,Hard,5,76,347,Yes,73.79
Blueberry,8,90,6.46,70.68,26.46,Soft,2,57,33,Yes,85.91
Orange,6,44,7.35,35.7,25.72,Medium,9,43,121,Yes,83.89
Plum,4,42,4.71,18.24,28.47,Hard,8,56,30,Yes,78.31
Lime,9,12,6.85,15.74,0.94,Soft,1,93,34,Yes,99.79
Pomegranate,6,12,5.81,17.54,35.56,Soft,6,39,133,No,60.87
Strawberry,8,59,7.41,56.63,35.62,Soft,2,89,208,No,71.09
Blackberry,0,56,5.64,14.13,5.77,Hard,5,55,140,Yes,56.39
Strawberry,6,85,5.59,36.95,28.51,Hard,4,62,76,Yes,59.09
Lemon,5,91,5.89,70.26,28.42,Hard,5,38,75,No,85.65
Strawberry,9,51,6.75,33.55,34.12,Soft,7,6,308,Yes,50.24
Pomegranate,8,52,7.82,71.06,4.27,Hard,2,13,307,Yes,94.49
Raspberry,0,85,3.37,69.64,31.33,Medium,1,89,58,Yes,81.66
Watermelon,3,42,3.27,29.67,14.04,Hard,7,17,98,No,72.05
Blackberry,8,82,7.69,68.31,25.35,Hard,0,54,125,Yes,66.57
Grape,3,71,5.65,69.82,38.67,Soft,1,55,349,No,56.31
Banana,9,71,6.07,41.8,35.28,Medium,9,87,134,No,96.08
Cherry,2,41,5.41,26.83,5.95,Medium,0,56,226,Yes,85.62
Lime,8,89,3.47,51.7,29.56,Medium,4,57,200,Yes,66.82
Grape,1,25,6.84,83.71,48.46,Hard,7,24,37,Yes,53.55
Pineapple,3,22,6.74,61.17,7.84,Soft,1,95,138,No,66.28
Cherry,5,42,4.56,23.83,42.65,Hard,3,69,208,Yes,59.23
Strawberry,1,76,4.53,64.62,35.13,Soft,3,79,194,No,89.31
Raspberry,7,27,7.19,44.18,38.7,Medium,10,2,56,No,85.98
Pear,7,8,3.36,57.32,14.1,Hard,10,20,339,No,74.91
Grape,0,19,7.41,68.73,14.39,Soft,6,31,327,Yes,94.29
Lemon,2,55,4.28,51.2,45.3,Hard,0,1,322,No,59.03
Strawberry,9,82,5.96,75.12,17.99,Soft,8,19,301,No,72.6
Strawberry,8,38,7.68,67.77,3.15,Medium,2,74,87,Yes,85.53
Papaya,4,50,6.39,59.21,30.03,Hard,5,17,95,Yes,53.39
Mango,5,11,5.07,22.06,6.24,Medium,9,53,196,Yes,68.63
Mango,3,78,6.45,76.88,39.83,Hard,4,74,192,No,78.58
Kiwi,9,94,4.72,84.87,32.09,Hard,3,98,144,No,68.34
Pineapple,1,54,4.39,20.96,43.74,Soft,8,35,10,Yes,74.01
Apple,10,77,7.98,49.06,39.24,Soft,10,75,241,No,80.41
Cherry,7,10,6.75,30.71,5.61,Soft,8,60,149,No,68.42
Strawberry,10,25,6.22,70.36,19.05,Medium,0,59,140,Yes,55.3
Pomegranate,5,41,4.78,67.73,38.73,Medium,6,94,13,No,56.97
Pomegranate,4,26,3.25,21.27,20.87,Hard,9,35,254,No,76.35
Blackberry,8,10,3.16,80.16,48.62,Soft,8,93,81,Yes,58.74
Lime,0,37,5.77,24.48,36.79,Medium,4,43,210,Yes,94.49
Blackberry,4,97,6.81,73.78,0.77,Hard,0,67,220,No,91.71
Pomegranate,5,42,5.69,46.56,44.0,Medium,7,65,59,No,67.45
Papaya,4,18,7.2,36.26,5.04,Hard,4,43,128,Yes,91.55
Lemon,5,63,3.17,22.66,7.03,Soft,5,76,305,Yes,76.66
Papaya,5,5,4.83,23.41,36.72,Hard,6,89,262,Yes,57.95
Kiwi,6,45,4.19,62.95,43.25,Hard,9,28,268,Yes,80.71
Mango,3,41,5.24,54.03,26.82,Soft,6,47,29,Yes,83.97
Lemon,10,91,3.36,19.77,14.45,Soft,6,35,333,Yes,54.19
Pomegranate,7,64,7.77,19.02,17.57,Hard,0,91,282,Yes,65.72
Plum,6,98,4.12,15.78,17.14,Medium,6,7,68,Yes,50.27
Lemon,8,71,7.61,69.5,16.33,Soft,10,4,207,No,65.82
Peach,6,58,5.13,66.95,12.15,Hard,2,95,272,Yes,66.77
Banana,2,51,7.93,14.67,30.44,Soft,4,93,309,Yes,81.51
Orange,2,46,5.77,54.82,45.02,Soft,9,77,175,Yes,59.95
Grape,7,6,7.65,16.77,15.35,Medium,4,46,218,No,51.5
Plum,4,10,3.03,82.3,9.33,Soft,7,42,160,No,65.78
Lime,3,60,6.74,82.57,41.93,Hard,6,9,326,Yes,91.28
Raspberry,7,67,7.52,65.86,37.09,Hard,6,9,244,Yes,69.96
Banana,5,24,3.7,84.1,46.54,Soft,5,5,253,No,70.75
Apple,1,11,3.48,74.92,8.28,Soft,6,15,189,Yes,73.45
Mango,3,25,5.12,76.28,7.21,Medium,6,59,261,No,87.59
Raspberry,10,11,7.67,55.58,27.07,Medium,4,25,130,Yes,74.0
Grape,3,42,5.71,34.48,30.72,Medium,4,20,3,Yes,54.56
Orange,5,50,5.64,27.42,24.01,Hard,3,99,351,No,60.32
Grape,5,36,3.71,36.18,29.95,Medium,3,57,43,No,59.39
Lemon,0,45,3.0,60.28,9.02,Hard,4,40,133,No,75.39
Pineapple,7,52,7.05,23.81,23.98,Medium,9,29,178,No,51.5
Pineapple,5,87,3.44,30.69,32.9,Hard,8,4,266,No,64.18
Blueberry,2,79,6.17,47.44,21.64,Soft,10,9,24,No,80.36
Banana,8,12,7.57,28.64,33.97,Hard,5,94,22,No,67.73
Apple,1,88,4.04,57.09,22.56,Soft,7,10,345,No,85.39
Apple,10,53,6.33,83.85,16.68,Hard,8,62,3,No,69.56
Pineapple,7,56,3.39,69.85,15.18,Hard,3,6,158,Yes,98.96
Pomegranate,9,3,6.02,63.31,20.55,Soft,6,58,4,Yes,98.27
Grape,2,74,3.82,56.62,1.15,Hard,4,11,107,Yes,89.99
Kiwi,4,95,6.68,49.04,33.43,Hard,3,63,296,Yes,97.72
Pineapple,5,48,4.51,24.93,42.26,Medium,6,40,272,Yes,60.24
Papaya,9,6,5.32,81.58,17.73,Soft,2,59,232,No,87.55
Raspberry,5,10,6.0,29.88,2.3,Soft,0,71,361,Yes,66.08
Blueberry,3,91,3.86,17.3,49.34,Medium,6,27,238,Yes,86.26
Kiwi,2,53,6.71,70.0,13.18,Medium,8,79,72,Yes,68.69
Kiwi,3,86,4.51,24.05,6.33,Soft,1,62,88,No,64.47
Watermelon,0,44,6.31,39.75,18.49,Soft,6,2,16,No,97.94
Orange,3,22,3.79,12.26,36.93,Soft,9,100,91,No,60.49
Kiwi,0,27,6.44,20.97,14.7,Medium,1,31,20,Yes,87.93
Kiwi,0,56,3.64,23.86,28.74,Medium,2,20,212,Yes,83.73
Orange,9,25,5.13,14.35,20.78,Hard,9,54,84,Yes,65.17
Peach,5,24,4.24,62.53,5.89,Medium,9,17,339,Yes,72.92
Mango,4,53,6.74,76.96,16.51,Hard,2,52,126,Yes,57.15
Blueberry,10,28,4.31,39.87,36.24,Hard,3,74,51,Yes,96.06
Blueberry,3,82,7.41,79.97,30.6,Medium,5,60,18,No,98.41
Blueberry,10,96,7.46,27.07,5.99,Medium,2,49,337,No,86.62
Lemon,2,35,3.98,36.03,8.17,Medium,8,7,353,No,92.47
Strawberry,0,13,6.07,22.06,32.04,Medium,1,11,117,No,54.13
Papaya,5,77,3.44,59.64,40.67,Soft,6,50,124,Yes,69.2
Lime,1,34,4.96,43.59,17.47,Medium,5,65,28,Yes,66.54
Orange,7,29,6.57,59.06,29.77,Hard,1,40,345,Yes,78.25
Papaya,9,91,6.3,70.93,8.53,Hard,10,21,141,Yes,59.17
Mango,4,16,6.12,53.66,15.57,Soft,2,8,6,Yes,78.17
Papaya,6,66,4.41,60.21,1.01,Soft,5,77,157,Yes,82.72
Lime,9,79,4.89,84.82,38.41,Medium,9,78,106,Yes,56.62
Apple,1,29,3.51,33.93,20.05,Soft,3,10,119,Yes,56.59
Watermelon,7,92,6.6,38.73,40.81,Medium,0,12,137,No,51.77
Papaya,1,44,5.52,67.42,35.42,Medium,0,55,29,Yes,88.04
Pineapple,3,78,6.54,58.9,41.44,Soft,2,27,166,No,66.55
Pomegranate,0,88,4.24,24.28,14.28,Soft,7,88,65,Yes,61.27
Raspberry,4,50,4.62,40.09,9.26,Hard,10,63,56,Yes,88.9
Strawberry,8,46,4.67,47.43,48.6,Soft,3,100,286,No,57.16
Lemon,0,52,3.13,43.55,35.87,Soft,10,63,96,Yes,71.36
Plum,8,63,4.71,24.26,41.7,Soft,0,69,215,Yes,87.24
Raspberry,10,37,7.02,83.95,0.66,Hard,7,54,231,No,78.69
Peach,7,63,7.49,70.99,17.72,Medium,9,36,58,Yes,77.7
Strawberry,5,86,5.59,48.51,37.14,Hard,5,32,184,No,57.87
Banana,6,88,5.28,64.4,3.9,Soft,0,24,282,Yes,59.05
Pear,2,6,3.15,81.78,28.37,Soft,9,22,271,Yes,79.13
Mango,0,21,7.4,20.89,21.45,Soft,9,59,209,No,51.18
Pear,4,80,3.07,30.03,0.88,Medium,5,55,163,Yes,93.46
Grape,1,81,7.72,53.42,11.8,Hard,0,62,89,No,67.52
Blackberry,4,40,5.45,73.92,14.24,Hard,9,7,271,Yes,70.83
Orange,7,73,4.71,12.9,5.59,Medium,9,16,97,Yes,62.92
Pomegranate,10,9,7.62,88.72,31.58,Hard,2,94,75,No,93.83
Lime,8,56,3.12,46.39,12.12,Medium,1,89,88,Yes,82.13
Orange,1,6,5.91,38.74,13.88,Medium,3,56,6,No,72.5
Strawberry,2,49,5.74,33.42,44.91,Hard,1,74,156,Yes,79.27
Raspberry,2,90,4.1,23.95,23.36,Hard,10,61,63,No,69.02
Orange,0,51,5.14,73.33,19.61,Medium,4,93,29,No,73.28
Kiwi,7,32,6.26,86.43,36.19,Hard,3,10,304,No,67.88
Plum,5,0,6.64,43.09,45.48,Medium,5,66,191,No,70.53
Lemon,7,52,3.0,86.19,1.25,Hard,6,39,204,Yes,65.75
Cherry,10,59,7.68,75.9,22.41,Hard,1,39,278,No,53.88
Banana,8,33,3.82,48.48,30.54,Hard,1,55,27,Yes,51.87
Apple,4,3,4.17,63.92,15.93,Hard,7,52,85,Yes,58.71
Lime,2,16,4.32,44.8,38.62,Hard,8,84,335,Yes,62.58
Raspberry,4,3,3.19,54.7,48.57,Soft,4,98,210,No,94.52
Raspberry,4,42,3.62,14.64,47.17,Soft,6,27,138,No,80.56
Lime,4,89,7.93,65.7,13.3,Hard,8,85,278,Yes,97.91
Strawberry,2,3,4.58,14.23,11.32,Hard,0,41,172,Yes,66.98
Apple,10,0,3.58,75.37,47.87,Hard,7,45,340,Yes,70.09
Pear,9,70,3.53,76.0,22.93,Medium,9,17,339,No,85.99
Pomegranate,3,93,6.6,28.97,10.41,Soft,9,22,156,No,78.9
Watermelon,8,49,7.27,35.89,35.35,Medium,8,25,229,No,76.39
Grape,9,72,4.28,48.5,14.22,Soft,8,98,306,Yes,78.78
Apple,8,60,3.1,57.73,13.36,Soft,9,28,179,No,79.21
Plum,1,34,4.12,32.99,43.96,Hard,6,51,247,No,88.29
Kiwi,7,7,3.28,57.4,8.12,Hard,9,74,162,No,83.4
Grape,7,23,3.52,33.82,3.22,Medium,2,45,163,No,97.87
Orange,6,82,5.16,14.44,13.46,Medium,4,0,218,Yes,97.4
Orange,7,35,4.15,10.2,30.35,Hard,1,62,317,Yes,71.1
Lemon,2,49,5.58,18.09,6.15,Hard,10,15,286,Yes,51.79
Raspberry,5,42,4.27,73.38,23.58,Soft,9,24,76,Yes,50.55
Mango,0,26,7.7,86.91,31.37,Soft,2,61,204,No,56.16
Pomegranate,6,31,7.53,44.16,42.44,Hard,9,81,216,Yes,53.74
Pomegranate,0,77,5.83,51.01,11.49,Soft,6,79,223,Yes,68.67
Papaya,8,17,4.77,21.75,40.87,Medium,0,82,193,Yes,52.64
Raspberry,0,27,4.91,54.08,11.75,Soft,2,15,293,Yes,81.25
Orange,0,28,5.06,21.57,33.84,Hard,4,68,192,Yes,59.51
Raspberry,6,15,6.64,58.9,21.53,Soft,10,90,269,No,75.7
Pear,1,98,5.26,84.66,5.73,Hard,3,69,301,Yes,55.15
Apple,4,46,7.28,25.66,35.71,Soft,2,33,260,No,91.39
Orange,7,58,7.72,71.17,10.89,Medium,5,79,192,No,89.0
Blueberry,7,30,4.68,11.88,8.83,Medium,5,52,271,No,69.32
Peach,2,3,5.8,40.04,17.92,Hard,3,22,104,Yes,95.53
Mango,6,36,3.48,18.86,32.66,Hard,8,42,204,Yes,59.29
Mango,2,16,4.0,38.2,11.7,Hard,10,43,184,No,90.7
Pineapple,5,38,5.07,23.88,9.18,Soft,5,31,217,Yes,77.29
Watermelon,5,47,4.03,39.86,0.5,Soft,8,22,91,No,66.48
Apple,2,45,7.38,43.4,23.58,Soft,10,19,198,No,54.22
Plum,6,89,3.79,34.05,21.43,Medium,9,18,39,Yes,58.57
Peach,2,47,5.28,62.53,11.69,Hard,9,92,197,Yes,93.14
Cherry,7,38,6.03,83.51,2.68,Soft,1,71,79,No,80.34
Lemon,9,3,6.46,42.05,21.46,Medium,5,28,217,Yes,61.85
Orange,3,29,4.92,25.39,39.41,Hard,3,17,316,No,74.79
Watermelon,0,29,7.35,31.66,35.76,Medium,1,68,94,No,55.39
Pineapple,3,21,5.84,78.32,43.04,Hard,4,11,172,Yes,54.94
Lime,6,74,5.2,55.73,0.48,Soft,2,9,43,No,95.39
Blackberry,10,65,3.34,46.4,48.32,Medium,5,36,132,Yes,72.89
Pineapple,3,11,5.32,21.97,17.07,Medium,10,80,77,Yes,68.08
Lime,5,93,7.1,45.98,49.52,Medium,7,95,232,No,97.45
Strawberry,8,35,6.07,32.28,12.63,Hard,3,54,39,Yes,69.95
Orange,0,17,7.16,85.45,23.58,Hard,3,3,54,No,66.81
Papaya,4,89,5.47,80.73,17.7,Medium,4,94,151,Yes,63.65
Orange,10,52,3.59,16.71,17.79,Hard,5,62,188,No,78.25
Lemon,6,70,3.07,51.33,42.11,Medium,10,89,310,No,77.92
Grape,0,0,4.52,28.0,37.32,Soft,6,11,186,No,50.81
Watermelon,3,57,6.49,42.86,49.61,Medium,5,17,318,Yes,82.7
Raspberry,5,89,6.95,80.15,30.68,Medium,6,7,135,No,89.42
Papaya,1,86,4.48,52.2,23.16,Hard,8,31,173,No,80.8
Kiwi,9,89,5.48,36.74,4.5,Hard,3,83,269,No,93.49
Grape,4,5,5.11,26.63,49.83,Hard,9,48,115,Yes,63.82
Cherry,10,69,5.05,74.03,27.58,Soft,0,62,221,No,59.6
Mango,9,43,4.16,59.96,35.02,Soft,8,76,39,No,84.86
Pomegranate,0,71,3.68,47.45,20.34,Soft,6,58,340,No,59.43
Lemon,5,23,3.98,27.4,27.39,Hard,3,86,242,Yes,54.56
Apple,5,85,3.28,36.74,47.13,Medium,9,66,221,No,54.83
Apple,3,18,3.99,86.79,8.32,Medium,7,98,146,Yes,88.42
Strawberry,7,100,3.05,51.61,14.62,Medium,6,38,164,Yes,51.44
Raspberry,3,17,6.14,42.06,7.6,Hard,1,49,361,Yes,64.47
Pomegranate,7,94,4.58,51.71,39.61,Hard,0,84,328,Yes,56.46
Lemon,7,100,7.87,72.32,3.1,Soft,8,70,259,Yes,87.75
Papaya,4,29,3.97,37.21,4.08,Hard,6,25,190,No,75.17
Lemon,3,41,4.73,24.3,14.92,Medium,9,22,329,No,60.27
Grape,1,32,4.79,56.79,25.71,Soft,0,95,264,Yes,87.52
Apple,10,73,3.04,63.22,20.31,Soft,3,62,222,Yes,87.52
Blackberry,2,100,7.2,67.02,2.24,Hard,4,65,332,No,76.15
Blueberry,2,11,3.16,80.56,47.87,Soft,4,38,174,No,63.79
Pear,3,93,7.7,39.69,47.64,Soft,4,65,92,No,79.31
Kiwi,3,26,7.46,16.03,13.97,Hard,10,45,106,Yes,96.68
Orange,9,38,5.68,86.67,36.58,Soft,2,14,245,No,52.58
Grape,10,8,5.72,44.8,28.93,Medium,4,15,305,No,63.35
Watermelon,10,20,6.27,59.86,11.87,Hard,3,89,43,Yes,64.25
Cherry,4,75,4.94,63.3,13.11,Medium,4,71,258,Yes,81.59
Blackberry,3,28,6.24,53.72,24.56,Medium,6,15,321,No,82.56
Banana,10,32,3.22,26.42,20.96,Medium,4,84,86,No,60.32
Lemon,9,61,3.27,70.41,14.56,Medium,7,38,97,Yes,60.81
Kiwi,7,14,5.29,74.3,40.38,Soft,7,10,266,No,96.41
Mango,5,1,5.75,54.24,24.07,Soft,2,87,63,No,87.81
Papaya,5,51,7.44,49.08,32.74,Hard,4,35,103,No,96.71
Plum,7,43,3.52,19.12,9.46,Hard,3,17,254,No,91.48
Pomegranate,6,53,7.11,16.72,26.68,Medium,4,22,317,No,70.11
Pomegranate,9,17,4.05,37.17,15.9,Medium,7,76,1,Yes,56.1
Banana,10,2,4.97,34.87,26.32,Hard,3,48,154,No,81.48
Peach,9,6,4.58,86.29,39.04,Hard,4,41,261,No,67.6
Cherry,7,42,5.0,72.69,38.45,Hard,6,43,35,Yes,71.27
Orange,1,81,3.75,62.79,17.71,Hard,2,0,27,No,71.29
Banana,8,37,5.52,51.41,34.71,Medium,5,6,350,No,96.83
Strawberry,0,36,7.01,23.39,47.06,Hard,8,47,306,Yes,53.44
Pineapple,7,57,5.21,88.28,31.28,Soft,10,84,224,Yes,59.66
Blackberry,10,32,5.45,40.0,7.42,Medium,3,15,187,No,80.4
Papaya,3,58,7.24,18.55,33.99,Soft,3,47,159,Yes,94.19
Raspberry,3,94,6.53,49.5,5.25,Hard,5,77,69,No,95.9
Apple,4,10,5.45,79.92,43.61,Soft,5,42,165,No,77.93
Banana,7,67,4.29,80.98,25.83,Hard,2,50,258,Yes,51.73
Pineapple,4,81,7.42,10.88,19.26,Soft,0,65,102,Yes,68.14
Peach,7,67,5.89,80.9,2.85,Medium,2,30,193,No,95.94
Blackberry,9,97,4.11,31.72,19.04,Soft,7,38,259,No,75.0
Blueberry,0,92,4.35,13.12,45.16,Medium,7,8,298,No,86.33
Pomegranate,9,87,7.02,77.82,1.05,Soft,5,40,299,Yes,63.46
Orange,8,21,3.22,79.11,23.73,Soft,6,62,21,Yes,51.25
Pear,5,65,7.96,57.7,46.56,Medium,1,13,45,No,78.92
Strawberry,2,43,3.65,55.95,19.74,Medium,8,57,276,No,91.75
Pomegranate,7,5,6.98,75.05,21.41,Hard,2,73,171,No,99.51
Cherry,8,41,4.97,72.9,28.93,Medium,1,87,178,No,92.33
Watermelon,5,24,5.46,81.21,23.15,Medium,4,96,223,No,77.7
Pomegranate,10,56,7.4,54.22,8.43,Hard,0,97,299,No,80.44
Peach,6,84,5.06,87.41,0.93,Medium,4,83,24,No,91.21
Apple,0,54,5.69,89.69,30.49,Medium,9,63,338,No,50.99
Raspberry,4,15,3.25,19.32,46.04,Soft,3,27,84,No,97.58
Kiwi,4,94,3.01,77.96,5.32,Hard,5,3,60,Yes,76.56
Blackberry,9,13,4.22,49.99,10.55,Hard,4,33,288,Yes,97.6
Raspberry,3,38,6.4,41.01,18.51,Soft,8,3,122,No,88.23
Apple,5,27,3.61,59.05,40.44,Hard,4,69,5,No,57.62
Apple,6,95,3.57,14.48,13.46,Soft,7,57,154,Yes,58.26
Mango,8,91,5.05,50.52,44.1,Medium,1,85,281,Yes,67.68
Kiwi,0,50,6.24,79.67,2.75,Hard,2,3,342,Yes,63.2
Orange,5,48,6.56,27.08,47.05,Medium,2,49,86,Yes,71.96
Lemon,6,8,3.89,44.11,28.04,Hard,2,4,75,No,80.2
Pomegranate,2,57,3.4,85.16,32.94,Medium,5,74,267,No,71.83
Pomegranate,7,44,7.7,44.29,18.38,Hard,6,44,191,Yes,52.82
Banana,4,21,4.3,38.67,39.1,Hard,6,34,252,No,98.78
Watermelon,8,31,7.27,45.24,8.33,Medium,6,82,68,No,71.26
Apple,4,68,7.32,51.56,2.45,Soft,2,74,353,No,92.55
Lemon,8,86,6.86,60.56,19.78,Hard,0,74,146,Yes,53.7
Strawberry,9,68,3.84,74.06,42.68,Soft,5,26,364,Yes,90.5
Plum,3,41,7.11,46.17,37.75,Soft,2,1,122,No,58.67
Papaya,8,52,6.85,75.4,25.86,Soft,2,53,42,Yes,83.97
Cherry,4,95,5.98,52.7,28.61,Soft,2,71,316,Yes,83.09
Papaya,9,58,4.69,37.08,6.49,Soft,8,97,150,Yes,95.49
Papaya,8,73,4.31,62.64,42.03,Soft,3,83,62,No,66.03
Peach,2,38,3.61,67.42,39.35,Hard,4,86,255,No,55.45
Pineapple,3,14,5.55,54.64,32.82,Soft,2,78,131,No,93.23
Banana,8,70,5.93,14.53,23.31,Hard,9,47,327,Yes,66.58
Pineapple,9,28,4.8,23.59,48.22,Hard,0,76,20,Yes,61.63
Apple,10,2,5.38,32.82,43.95,Hard,3,94,199,No,74.31
Blueberry,5,82,4.82,32.61,32.22,Medium,0,48,327,Yes,57.31
Kiwi,1,9,6.21,63.87,18.59,Soft,10,77,221,Yes,64.85
Strawberry,6,91,7.51,11.47,30.9,Medium,10,0,131,Yes,69.26
Pomegranate,1,28,3.82,70.45,28.77,Soft,6,90,171,Yes,63.86
Banana,10,78,4.91,31.23,19.71,Medium,6,32,145,No,72.51
Banana,1,34,3.7,34.8,15.33,Hard,3,34,340,No,69.23
Pineapple,10,5,6.12,52.23,20.35,Medium,4,53,354,Yes,88.73
Blueberry,0,11,6.64,27.27,28.7,Hard,9,55,181,No,95.92
Pineapple,10,37,7.66,80.76,21.41,Medium,6,14,161,No,55.05
Papaya,10,76,4.39,16.83,13.18,Soft,5,68,60,No,91.17
Pomegranate,10,92,7.75,45.55,38.05,Soft,3,100,215,Yes,96.59
Pomegranate,2,18,3.32,77.95,26.57,Medium,3,3,68,No,84.33
Blueberry,5,66,6.02,59.27,3.38,Medium,1,83,361,Yes,99.82
Grape,7,7,3.29,33.39,18.42,Soft,9,63,192,No,66.75
Pear,8,7,7.47,43.66,44.25,Medium,1,21,225,No,91.52
Banana,6,83,5.65,66.54,37.76,Medium,3,23,197,No,83.69
Cherry,3,46,6.35,87.86,16.16,Soft,4,46,161,No,66.17
Pomegranate,5,3,7.16,81.45,46.91,Hard,3,74,249,Yes,85.23
Lime,4,50,3.75,37.39,3.83,Soft,2,5,111,No,75.48
Strawberry,7,84,3.19,89.86,48.06,Soft,10,26,59,No,59.45
Raspberry,0,66,7.39,10.28,12.29,Medium,1,9,33,No,58.69
Kiwi,0,44,4.57,12.21,0.45,Soft,3,38,41,No,85.67
Blackberry,10,7,3.64,75.91,21.69,Soft,10,73,161,No,85.6
Orange,5,86,5.34,25.96,17.95,Medium,4,89,29,Yes,76.54
Strawberry,9,15,5.99,14.86,26.95,Medium,0,36,255,Yes,75.07
Mango,1,76,3.15,28.97,39.84,Hard,0,53,185,Yes,59.0
Kiwi,4,66,4.37,44.09,42.12,Soft,5,96,361,Yes,71.46
Pomegranate,0,8,3.16,68.45,20.06,Hard,4,50,224,No,93.57
Banana,6,59,5.1,59.95,21.49,Hard,10,59,357,Yes,92.74
Kiwi,0,77,7.48,29.01,7.41,Hard,3,71,221,Yes,83.05
Plum,3,76,7.91,50.26,2.38,Hard,0,50,320,No,99.87
Blackberry,8,70,6.19,84.1,32.06,Soft,6,61,86,Yes,94.66
Plum,0,14,3.81,75.2,3.22,Soft,3,48,66,Yes,57.26
Cherry,3,70,7.53,35.86,36.69,Soft,2,50,114,No,69.96
Kiwi,5,97,5.58,88.58,26.95,Hard,6,27,265,Yes,56.6
Blueberry,5,40,3.77,66.69,9.93,Medium,1,35,285,Yes,73.3
Grape,7,21,7.61,15.0,26.98,Soft,9,24,97,Yes,88.82
Pineapple,0,23,6.79,12.81,9.15,Hard,0,35,330,Yes,57.79
Pomegranate,6,100,6.66,23.47,21.94,Hard,10,76,124,No,94.02
Kiwi,0,43,6.55,68.23,39.98,Hard,3,59,156,Yes,78.45
Peach,6,0,4.0,24.7,23.1,Hard,7,6,110,No,87.45
Lemon,2,9,4.06,50.92,7.43,Hard,5,64,53,No,52.26
Grape,10,79,6.44,17.46,36.19,Hard,8,72,174,No,54.69
Pineapple,7,71,4.1,83.67,9.34,Soft,0,91,167,No,81.04
Lemon,2,55,5.19,37.52,36.93,Medium,0,35,76,Yes,91.91
Strawberry,0,88,6.91,82.65,23.97,Soft,10,93,314,Yes,93.69
Lime,7,49,6.92,85.59,22.69,Soft,4,72,214,Yes,84.42
Pomegranate,2,11,5.27,10.49,42.57,Hard,5,29,182,No,60.05
Grape,1,88,6.96,47.13,35.43,Soft,7,98,45,No,59.75
Watermelon,0,80,7.19,11.97,1.65,Medium,2,46,151,No,94.07
Mango,2,59,6.27,82.7,14.81,Medium,5,90,117,Yes,55.66
Grape,1,25,4.14,51.47,43.55,Hard,2,28,122,Yes,84.3
Banana,1,77,4.37,16.0,0.92,Medium,7,4,170,Yes,76.68
Orange,5,40,4.57,18.82,27.26,Hard,10,64,166,Yes,71.07
Cherry,0,35,3.58,40.68,36.39,Medium,10,68,330,Yes,72.02
Peach,1,22,4.37,85.22,31.09,Medium,3,62,149,Yes,97.26
Orange,5,42,4.05,65.43,38.03,Soft,1,92,74,No,93.07
Mango,2,5,5.28,79.41,36.28,Medium,8,55,149,No,93.25
Pineapple,3,68,7.54,39.32,34.6,Hard,9,16,25,Yes,70.33
Plum,0,42,3.52,13.46,41.08,Medium,7,50,61,No,55.35
Banana,7,24,6.6,87.95,32.28,Medium,5,36,354,Yes,99.89
Peach,6,17,6.44,11.37,20.12,Soft,2,87,54,No,57.27
Kiwi,6,61,3.48,85.81,23.6,Hard,1,90,223,Yes,75.78
Grape,2,12,7.61,39.49,35.84,Hard,3,8,219,Yes,63.23
Apple,9,42,5.84,10.81,43.82,Hard,3,37,316,Yes,75.54
Lime,9,77,4.82,65.13,13.61,Soft,0,52,170,No,65.25
Strawberry,2,27,6.78,88.44,17.1,Medium,8,12,189,Yes,94.84
Mango,1,17,4.29,87.25,46.54,Hard,9,89,32,No,98.42
Plum,0,58,6.47,22.87,28.93,Medium,7,52,53,Yes,70.5
Blackberry,6,59,3.2,24.5,8.95,Medium,6,74,139,No,53.51
Kiwi,6,62,7.2,55.24,33.18,Medium,5,87,47,No,83.17
Papaya,1,56,5.24,60.98,49.54,Soft,2,96,90,Yes,68.83
Pineapple,6,91,6.18,69.15,41.17,Medium,3,48,316,Yes,99.3
Peach,7,50,4.11,24.48,37.29,Soft,1,69,36,Yes,54.47
Papaya,0,55,6.39,86.72,10.4,Soft,6,34,225,No,55.96
Apple,8,26,6.86,61.1,43.81,Soft,1,15,42,Yes,84.97
Papaya,6,31,5.37,77.76,26.29,Hard,9,12,228,Yes,87.93
Grape,2,8,6.09,53.21,44.46,Soft,0,10,269,No,73.55
Pear,7,95,5.28,43.14,16.49,Hard,5,86,186,No,63.86
Pineapple,6,83,7.47,88.17,3.1,Soft,3,1,357,No,65.49
Peach,10,91,5.49,56.57,23.8,Soft,7,93,235,Yes,66.9
Watermelon,7,96,7.21,79.35,13.49,Soft,0,18,122,Yes,61.26
Pear,5,67,7.01,86.26,35.76,Soft,8,44,321,Yes,92.53
Pear,8,45,5.05,64.03,47.86,Medium,5,45,117,Yes,53.25
Peach,4,97,4.15,53.92,34.55,Medium,1,46,357,No,70.36
Blackberry,2,66,5.03,10.28,44.35,Soft,7,48,39,No,87.38
Strawberry,2,25,7.13,13.2,22.65,Medium,4,78,162,No,50.19
Watermelon,0,7,4.14,26.07,38.58,Hard,4,41,109,Yes,93.9
Pear,7,5,5.62,24.88,42.15,Medium,4,32,14,No,85.31
Watermelon,1,79,7.03,30.38,35.54,Medium,6,40,166,Yes,53.67
Raspberry,2,23,4.77,34.39,25.39,Medium,6,68,362,No,94.75
Cherry,7,47,6.21,38.81,31.29,Soft,9,85,331,No,74.37
Lemon,7,93,4.23,43.64,35.03,Hard,10,90,335,Yes,82.61
Pineapple,10,44,3.55,17.91,12.65,Soft,6,98,112,No,94.1
Kiwi,3,12,6.97,13.39,40.48,Hard,9,18,234,No,94.06
Strawberry,3,68,3.49,63.92,47.52,Soft,1,38,202,Yes,70.44
Raspberry,4,24,4.36,52.99,23.26,Medium,7,6,323,No,61.88
Watermelon,5,19,7.28,45.53,35.05,Hard,0,38,139,Yes,62.87
Watermelon,4,81,4.73,60.76,36.85,Medium,1,97,267,No,88.3
Blackberry,6,81,7.87,76.21,33.11,Hard,10,33,272,No,96.47
Banana,1,65,7.9,44.22,27.36,Hard,6,90,166,Yes,53.61
Strawberry,6,73,4.34,61.29,44.08,Soft,3,43,169,Yes,50.75
Grape,9,44,3.2,86.29,22.45,Soft,10,68,257,Yes,91.15
Pear,6,46,6.53,77.17,3.06,Medium,9,67,124,No,69.33
Orange,0,62,5.25,44.08,42.23,Medium,9,62,38,No,63.82
Plum,6,75,3.5,61.58,33.7,Hard,8,70,249,Yes,59.42
Lime,4,76,6.54,24.17,42.46,Hard,10,47,237,Yes,67.32
Lemon,2,54,3.16,54.84,6.93,Soft,8,2,98,Yes,98.57
Mango,2,74,7.35,88.51,1.54,Soft,2,84,60,Yes,98.85
Cherry,3,18,3.69,51.47,46.72,Soft,2,33,19,No,66.58
Pineapple,1,34,3.64,84.21,7.39,Soft,8,8,124,No,98.18
Blueberry,1,52,3.88,42.59,40.48,Soft,9,60,226,Yes,64.99
Strawberry,0,25,7.8,89.91,41.16,Hard,7,19,100,Yes,92.72
Banana,4,13,6.47,56.34,35.44,Hard,0,39,324,No,60.6
Blackberry,3,44,7.01,13.38,6.56,Medium,5,11,17,No,91.32
Lemon,10,43,4.99,56.94,33.37,Hard,6,27,248,No,67.69
Orange,9,87,4.68,31.97,44.45,Soft,10,47,80,No,59.79
Blackberry,1,64,4.17,12.6,21.28,Hard,7,96,85,No,96.74
Orange,2,50,5.4,75.67,20.68,Hard,1,73,348,No,60.71
Blackberry,6,42,5.76,32.06,22.14,Hard,0,74,29,Yes,99.59
Blackberry,6,85,6.16,73.72,4.11,Medium,3,6,134,Yes,55.43
Blueberry,3,22,4.29,33.06,44.6,Medium,0,81,194,No,50.5
Kiwi,4,55,7.74,25.55,43.46,Hard,1,82,119,Yes,93.54
Strawberry,4,18,3.85,87.91,49.9,Hard,2,13,191,Yes,79.33
Watermelon,5,81,7.83,38.93,29.26,Soft,3,80,153,No,71.08
Kiwi,8,75,3.07,58.11,37.56,Medium,5,86,343,No,54.1
Pineapple,1,54,5.41,58.8,10.13,Soft,7,18,272,Yes,78.74
Raspberry,4,91,4.67,54.84,33.38,Soft,8,53,132,No,69.69
Pear,2,91,5.25,83.18,32.49,Hard,3,59,363,No,74.18
Blackberry,3,59,5.85,63.96,45.06,Hard,0,66,8,Yes,81.52
Raspberry,9,58,5.18,42.3,41.54,Hard,4,33,134,Yes,82.0
Pear,5,32,5.07,78.99,46.92,Soft,4,88,309,Yes,98.03
Lemon,7,18,6.66,24.49,43.44,Soft,8,40,192,No,82.75
Raspberry,0,27,6.43,53.54,43.43,Soft,5,30,91,Yes,66.97
Grape,9,51,7.17,86.04,3.19,Hard,4,38,249,No,66.48
Pear,7,48,4.25,60.03,42.3,Hard,9,77,252,No,73.86
Mango,10,36,6.05,75.36,30.37,Hard,9,100,63,Yes,62.97
Pineapple,6,25,5.93,62.28,19.02,Soft,4,51,216,Yes,68.82
Pineapple,0,98,4.85,77.15,2.83,Soft,7,46,134,No,92.11
Orange,1,97,5.43,85.56,33.88,Medium,10,19,107,No,92.99
Lime,2,98,4.57,31.83,16.41,Hard,0,95,161,No,81.39
Lime,0,39,3.71,23.57,23.39,Soft,4,96,258,No,79.14
Lemon,8,79,4.07,48.72,34.09,Medium,0,51,16,Yes,71.35
Pear,7,37,3.53,66.15,45.59,Soft,6,94,358,Yes,81.79
Kiwi,1,76,6.42,28.18,41.27,Soft,6,70,59,Yes,90.3
Apple,8,86,6.3,10.33,22.53,Hard,9,61,9,Yes,86.89
Banana,6,53,7.75,37.43,19.39,Medium,7,4,197,No,51.77
Strawberry,8,21,6.65,87.51,11.99,Soft,6,56,117,No,86.56
Lime,5,15,3.26,65.6,18.62,Medium,10,3,10,Yes,86.0
Peach,5,27,7.42,42.11,5.55,Medium,8,10,350,Yes,54.95
Lime,10,34,7.31,25.41,48.56,Hard,7,18,7,No,57.51
Apple,3,59,5.22,38.49,28.7,Medium,7,83,349,No,89.4
Cherry,9,44,5.93,23.59,6.39,Hard,2,26,194,No,77.95
Raspberry,9,45,7.88,18.5,17.64,Hard,9,28,123,Yes,91.08
Mango,1,71,5.66,82.54,27.35,Hard,3,17,63,Yes,59.24
Watermelon,6,54,7.53,89.81,26.64,Medium,3,36,4,No,51.53
Lime,4,85,3.42,23.13,1.78,Soft,0,60,284,Yes,58.1
Grape,10,84,3.96,14.36,47.54,Hard,5,46,328,No,72.63
Peach,5,25,5.2,36.38,13.77,Soft,1,88,250,Yes,76.16
Grape,1,84,5.92,46.93,0.81,Medium,8,19,130,No,92.89
Peach,4,24,7.08,26.39,3.82,Soft,0,69,75,Yes,85.81
Grape,9,64,7.94,34.11,29.01,Soft,0,99,329,No,99.52
Papaya,3,5,4.94,26.07,6.89,Hard,10,48,358,Yes,53.94
Cherry,8,22,3.24,71.94,2.09,Hard,9,14,254,No,56.51
Grape,5,63,7.01,67.01,18.98,Hard,10,17,323,No,54.22
Grape,1,86,6.02,60.8,31.14,Medium,5,37,167,No,76.92
Pomegranate,0,42,3.99,40.98,5.59,Soft,0,88,201,No,63.34
Grape,4,22,5.47,82.72,15.67,Medium,2,83,168,Yes,84.18
Apple,8,95,6.71,87.56,20.89,Medium,9,21,284,No,56.63
Lime,5,29,6.85,23.89,7.97,Medium,1,75,348,No,55.16
Strawberry,9,76,5.5,27.84,25.3,Medium,10,59,338,No,73.01
Pineapple,6,17,4.53,52.05,4.26,Hard,8,96,51,Yes,68.79
Papaya,4,86,7.87,17.3,2.33,Soft,4,92,56,No,91.46
Watermelon,9,78,6.32,44.92,25.99,Hard,5,65,73,Yes,91.88
Pear,5,96,5.04,56.54,12.39,Hard,1,25,282,No,55.87
Pear,4,20,4.4,51.77,4.77,Medium,7,63,88,No,90.62
Plum,10,56,6.66,36.47,21.2,Hard,5,95,52,No,78.21
Mango,8,22,4.21,53.4,45.76,Soft,10,57,125,No,75.18
Grape,5,90,3.86,86.7,36.21,Medium,7,2,262,Yes,54.74
Plum,10,44,5.65,26.48,40.78,Hard,7,29,268,Yes,86.98
Blueberry,7,43,4.45,62.39,43.6,Medium,0,18,63,No,52.98
Orange,1,81,6.14,13.47,48.63,Soft,6,9,36,No,63.88
Peach,8,87,3.59,15.31,38.16,Medium,1,88,9,No,54.77
Plum,4,46,6.27,54.15,30.42,Hard,10,45,330,Yes,76.54
Lemon,6,39,4.42,18.4,18.27,Hard,7,18,323,No,82.26
Mango,9,50,3.0,11.79,9.08,Soft,1,57,241,Yes,94.54
Plum,0,41,3.63,23.72,34.33,Soft,3,84,285,Yes,86.69
Mango,9,6,7.67,55.19,49.75,Medium,1,5,327,No,98.06
Blueberry,4,49,7.34,66.27,23.37,Hard,6,50,90,Yes,88.05
Cherry,9,47,4.17,26.2,36.18,Soft,4,13,264,No,64.9
Pomegranate,1,83,6.89,63.46,24.75,Soft,10,57,299,Yes,77.38
Peach,5,90,6.04,24.6,21.6,Hard,10,7,205,No,72.9
Pear,10,5,7.85,59.08,20.52,Soft,8,1,291,No,78.3
Peach,0,90,4.87,42.96,25.23,Soft,4,17,211,No,78.6
Banana,2,8,6.41,62.3,18.34,Hard,10,85,278,No,85.11
Plum,4,56,3.32,89.6,37.44,Soft,7,56,207,No,54.15
Blueberry,3,30,4.98,85.03,43.71,Hard,1,93,322,No,87.34
Pear,2,20,7.82,10.34,44.14,Hard,2,99,358,Yes,57.19
Pomegranate,9,89,5.69,80.84,11.38,Medium,5,91,94,Yes,51.31
Lime,4,39,4.44,15.32,44.8,Hard,10,34,199,Yes,75.95
Blackberry,10,44,3.6,86.24,17.08,Soft,6,65,351,No,79.07
Pineapple,7,76,6.52,32.55,15.47,Medium,9,55,169,No,51.74
Mango,10,48,6.22,40.56,36.34,Medium,7,99,297,No,75.77
Blackberry,3,86,4.87,17.33,15.23,Soft,2,81,227,No,76.73
Pomegranate,0,19,7.75,18.98,2.65,Medium,6,42,4,No,52.62
Peach,10,100,3.11,68.14,18.68,Soft,7,72,98,No,85.58
Kiwi,6,91,4.52,85.55,36.07,Medium,9,91,193,Yes,60.51
Lemon,7,16,7.61,58.86,16.35,Soft,5,71,266,No,89.72
Papaya,2,27,4.6,67.27,31.48,Hard,3,7,350,No,65.54
Blueberry,5,40,4.26,70.96,33.01,Hard,5,4,224,No,73.89
Mango,1,65,5.67,31.03,36.69,Medium,8,12,67,No,94.59
Raspberry,6,24,7.12,13.62,44.86,Medium,2,6,138,No,90.31
Blueberry,7,57,3.52,10.15,21.63,Hard,1,20,329,Yes,89.09
Strawberry,5,40,7.72,38.05,8.32,Soft,4,92,239,No,58.02
Pineapple,5,5,6.98,29.32,15.95,Medium,6,36,309,No,52.41
Raspberry,4,74,3.91,14.99,21.61,Hard,2,44,4,Yes,80.29
Pear,7,37,6.56,24.36,35.69,Medium,4,51,324,Yes,70.53
Blueberry,0,5,4.92,19.96,0.66,Hard,3,47,352,No,95.45
Pineapple,9,44,5.01,83.19,15.79,Hard,10,61,102,Yes,67.48
Apple,3,74,6.92,21.22,38.99,Hard,6,77,44,Yes,70.53
Cherry,3,13,7.81,53.01,33.54,Soft,1,100,119,No,76.3
Peach,2,65,3.63,57.45,36.59,Medium,10,50,188,Yes,89.82
Grape,2,39,5.1,53.48,40.59,Soft,6,3,231,No,63.41
Banana,3,2,5.4,17.92,39.16,Soft,1,85,190,Yes,97.09
Banana,10,98,4.88,35.5,34.11,Hard,2,55,110,No,77.0
Blackberry,0,96,4.82,14.1,21.98,Soft,4,74,302,No,92.05
Plum,10,23,3.26,41.65,49.18,Medium,6,33,279,Yes,76.28
Cherry,10,18,6.43,25.09,28.45,Medium,5,44,106,Yes,88.6
Kiwi,1,17,5.18,54.93,10.14,Hard,6,15,165,No,52.57
Grape,8,63,3.97,65.42,14.64,Hard,10,8,126,No,89.96
Strawberry,9,87,7.08,52.57,34.68,Medium,5,79,346,Yes,76.2
Blackberry,1,34,7.01,44.74,46.24,Medium,0,15,98,No,72.47
Peach,4,61,5.43,40.99,8.94,Hard,4,94,331,Yes,55.58
Mango,8,0,4.49,77.34,4.12,Soft,0,30,120,Yes,87.08
Raspberry,8,99,6.19,27.55,44.08,Medium,6,12,341,Yes,56.56
Grape,7,24,4.44,68.74,45.76,Hard,3,4,299,No,59.62
Pomegranate,0,44,4.18,70.6,13.82,Hard,4,46,344,No,56.32
Raspberry,0,48,6.65,43.54,18.86,Medium,0,38,143,Yes,50.33
Apple,8,97,3.2,33.78,33.01,Hard,7,17,195,Yes,83.1
Kiwi,10,88,3.47,47.64,16.5,Medium,3,19,130,No,63.54
Kiwi,7,15,3.03,17.46,43.86,Hard,2,1,104,No,57.47
Kiwi,9,97,3.76,13.67,5.38,Hard,0,39,93,No,66.0
Apple,8,92,3.34,18.93,1.9,Soft,3,29,297,Yes,74.95
Strawberry,6,18,7.98,24.97,10.42,Hard,2,9,222,Yes,75.17
Blueberry,2,22,4.44,50.33,14.3,Medium,7,63,200,No,68.36
Lemon,2,82,3.75,77.93,5.65,Medium,8,41,288,Yes,74.75
Lime,1,24,4.2,28.85,3.28,Soft,4,74,362,Yes,71.37
Pear,4,15,7.68,84.81,37.78,Medium,8,52,258,No,91.13
Papaya,2,53,5.6,86.39,8.21,Hard,0,92,10,Yes,51.48
Banana,5,72,4.82,86.71,45.7,Soft,6,52,171,No,93.4
Kiwi,1,0,7.37,77.01,18.4,Medium,10,39,101,No,62.2
Lemon,2,41,4.97,39.11,33.53,Hard,6,15,110,No,86.09
Lime,4,18,4.68,15.81,11.27,Soft,5,47,247,No,70.25
Kiwi,10,96,4.04,55.51,12.02,Hard,3,60,323,Yes,64.72
Orange,10,33,4.89,54.69,28.74,Medium,10,91,244,No,80.77
Lime,0,79,4.58,78.0,28.03,Medium,8,80,23,No,88.44
Pineapple,0,54,6.39,89.68,38.44,Medium,2,37,354,No,72.5
Plum,9,17,4.45,50.65,37.89,Medium,10,43,225,Yes,73.33
Watermelon,8,33,5.89,37.62,33.53,Soft,10,14,353,Yes,52.94
Cherry,6,88,3.33,24.87,22.46,Medium,0,94,262,Yes,96.2
Pear,0,44,3.96,10.38,44.53,Soft,1,60,269,Yes,92.34
Blackberry,7,5,5.04,50.73,31.13,Soft,2,6,21,No,69.9
Banana,2,20,7.68,54.44,49.51,Hard,1,29,314,Yes,88.25
Cherry,7,69,4.89,76.0,40.97,Medium,5,35,120,Yes,65.66
Papaya,4,95,6.32,50.37,2.22,Hard,6,89,120,Yes,86.52
Papaya,0,47,4.28,83.32,16.03,Hard,4,10,198,No,75.83
Mango,6,38,3.64,60.25,28.59,Hard,4,69,136,No,73.04
Strawberry,4,30,3.29,77.23,36.07,Hard,6,28,77,No,52.83
Pomegranate,5,9,4.53,21.86,27.52,Hard,5,91,354,No,98.27
Pineapple,5,29,3.79,78.43,39.31,Medium,7,78,58,Yes,91.87
Plum,7,17,3.87,64.01,14.13,Hard,8,92,86,Yes,89.67
Apple,8,59,6.8,23.62,9.2,Soft,1,5,1,Yes,65.25
Peach,1,87,3.08,25.18,2.7,Soft,1,75,77,Yes,64.48
Blueberry,8,72,5.79,84.12,28.67,Medium,0,50,10,Yes,78.66
Pear,10,94,4.9,12.58,34.43,Soft,6,79,69,No,92.31
Apple,9,14,5.53,47.0,16.31,Hard,10,37,148,Yes,96.73
Plum,8,3,5.81,35.08,30.68,Soft,3,72,62,No,63.45
Banana,9,62,4.57,63.21,2.61,Hard,8,21,13,No,80.37
Orange,9,39,4.48,77.17,4.96,Medium,5,96,186,No,86.2
Pear,6,8,6.67,38.83,35.09,Soft,6,89,165,Yes,61.32
Raspberry,0,8,7.36,44.15,18.4,Soft,6,53,10,Yes,70.37
Pear,6,25,3.96,88.55,33.57,Soft,7,39,259,No,59.37
Strawberry,9,3,3.49,72.71,41.59,Medium,3,6,162,Yes,84.95
Orange,4,80,7.49,81.78,42.63,Medium,2,95,290,Yes,93.19
Blueberry,5,15,4.75,45.1,8.61,Soft,2,39,196,Yes,93.88
Papaya,9,14,5.76,28.73,24.31,Medium,9,23,34,Yes,83.5
Blackberry,6,98,4.8,42.95,36.7,Hard,7,40,160,No,67.36
Pineapple,4,51,3.63,67.29,38.7,Medium,2,50,85,Yes,83.05
Blueberry,6,68,5.95,18.75,39.23,Soft,7,38,58,Yes,93.21
Strawberry,8,4,5.63,31.64,11.41,Hard,1,100,361,Yes,81.29
Peach,2,19,4.01,13.73,9.63,Soft,4,82,265,No,70.64
Peach,7,78,5.26,44.59,29.5,Soft,4,42,297,No,95.99
Pear,1,17,6.98,76.2,37.05,Soft,6,68,25,Yes,91.76
Raspberry,10,1,5.95,11.97,15.96,Medium,4,93,36,Yes,94.12
Peach,6,92,3.48,64.03,5.24,Soft,8,58,264,Yes,95.16
Mango,1,12,5.74,84.6,35.84,Hard,2,24,114,Yes,69.69
Mango,3,3,6.51,28.95,14.98,Hard,8,93,105,No,92.98
Plum,6,41,6.96,65.49,8.32,Hard,0,24,93,No,78.52
Pomegranate,2,73,6.15,88.01,7.39,Soft,2,72,89,No,51.91
Plum,1,60,3.76,86.98,15.75,Hard,3,90,163,No,81.79
Watermelon,10,94,6.55,28.79,29.63,Hard,5,23,38,No,73.53
Grape,9,7,6.39,18.03,17.92,Hard,9,61,92,No,63.76
Blueberry,6,66,3.12,21.86,1.03,Hard,7,42,119,Yes,98.52
Lime,0,62,5.06,66.16,4.85,Medium,6,58,211,No,52.75
Pineapple,7,8,4.66,68.06,14.53,Soft,7,53,160,No,97.29
Apple,2,93,6.35,63.94,32.99,Soft,5,78,101,No,57.96
Peach,1,10,4.08,36.89,4.93,Hard,5,25,179,Yes,68.85
Papaya,2,98,5.95,23.58,28.03,Soft,5,53,284,No,70.86
Papaya,4,100,7.57,56.46,5.99,Hard,2,60,355,No,86.55
Apple,10,41,6.99,48.69,10.58,Hard,9,93,297,No,60.78
Papaya,7,12,7.61,68.31,8.61,Hard,3,74,23,No,99.31
Kiwi,9,35,7.89,45.31,3.36,Soft,10,92,279,Yes,87.45
Pear,6,12,3.05,37.09,33.57,Medium,5,78,32,Yes,89.5
Watermelon,6,11,6.11,33.48,23.17,Soft,6,43,138,Yes,55.32
Papaya,6,36,5.06,26.92,41.55,Soft,2,8,81,No,73.82
Banana,7,73,7.3,31.26,4.94,Medium,3,41,355,Yes,97.28
Blueberry,0,72,4.26,17.59,7.24,Soft,5,28,319,Yes,63.5
Papaya,3,51,7.91,37.75,15.32,Medium,0,78,195,Yes,57.27
Blackberry,5,70,6.07,12.93,38.29,Hard,10,80,292,Yes,74.27
Grape,8,1,6.97,24.91,15.29,Medium,6,79,93,Yes,96.52
Pineapple,1,55,3.43,69.74,20.42,Hard,10,57,46,No,74.34
Orange,0,59,3.92,36.04,15.08,Medium,0,85,27,No,70.24
Lime,9,22,6.79,63.46,4.01,Hard,10,62,162,No,82.51
Watermelon,1,39,3.11,67.35,46.97,Soft,9,48,332,No,96.84
Kiwi,6,63,7.08,56.49,27.43,Medium,10,10,101,No,52.45
Blueberry,2,84,3.07,86.7,39.39,Soft,10,88,187,No,57.67
Cherry,9,22,6.29,11.72,32.92,Hard,8,53,194,Yes,56.64
Mango,1,28,4.83,69.09,25.71,Medium,9,29,158,Yes,54.27
Peach,10,77,6.06,86.7,4.48,Medium,8,65,9,No,65.11
Papaya,6,89,6.48,78.98,32.14,Medium,10,64,212,No,61.47
Pomegranate,1,50,4.71,23.43,7.77,Soft,8,57,312,No,77.43
Pineapple,2,68,3.54,36.15,20.72,Hard,3,56,167,No,66.36
Watermelon,10,94,3.35,23.8,31.46,Soft,1,36,343,Yes,70.26
Cherry,6,88,5.94,58.1,39.11,Medium,6,53,274,Yes,97.09
Orange,3,30,5.6,66.98,34.25,Hard,3,72,298,No,57.78
Watermelon,0,49,6.71,35.37,33.58,Hard,4,68,111,No,69.42
Pomegranate,4,19,5.55,53.16,7.45,Soft,0,23,329,No,62.85
Blueberry,8,54,5.11,65.27,17.31,Soft,10,62,203,No,77.46
Watermelon,7,80,4.99,43.71,2.15,Medium,9,90,248,No,86.82
Lime,8,1,3.13,78.32,35.97,Medium,5,93,65,No,90.85
Kiwi,9,24,4.68,71.72,47.63,Medium,6,50,203,Yes,75.76
Blackberry,8,12,7.88,15.17,13.21,Medium,2,14,161,Yes,92.75
Pineapple,6,91,7.37,59.69,4.38,Hard,9,46,133,Yes,89.25
Lime,3,69,4.65,28.83,23.78,Medium,1,72,178,Yes,57.85
Papaya,4,66,5.94,54.6,42.83,Medium,9,45,193,No,62.27
Mango,0,57,7.24,86.55,27.6,Medium,6,100,266,Yes,83.59
Grape,0,98,5.21,80.32,2.34,Soft,0,29,60,Yes,98.74
Cherry,2,81,3.09,42.36,48.71,Soft,1,78,205,No,68.81
Blueberry,7,74,3.37,33.32,41.43,Soft,2,19,155,Yes,61.49
Watermelon,1,83,5.55,28.75,6.58,Medium,3,56,72,Yes,93.46
Lemon,3,63,7.85,52.6,46.09,Hard,4,48,156,Yes,59.98
Lemon,1,68,6.47,19.14,22.53,Medium,3,55,173,No,84.87
Watermelon,4,82,3.35,53.94,18.59,Soft,9,55,308,No,51.71
Strawberry,8,85,3.95,10.11,23.05,Soft,2,24,62,No,50.95
Lime,0,58,6.86,35.91,41.73,Medium,0,8,205,No,72.58
Lemon,4,59,7.21,27.59,32.97,Hard,6,21,60,Yes,82.83
Pear,8,82,6.09,87.7,2.96,Hard,9,76,86,No,57.12
Pineapple,0,61,6.22,68.18,47.88,Hard,5,36,143,No,88.19
Lime,8,15,3.14,37.97,7.39,Soft,1,27,351,No,56.44
Cherry,7,87,7.14,17.43,37.28,Soft,1,13,7,Yes,76.69
Cherry,3,67,6.94,51.34,31.81,Hard,2,29,295,Yes,65.41
Cherry,10,14,4.3,27.08,9.38,Medium,7,38,179,Yes,87.61
Blackberry,9,88,6.54,52.91,8.54,Hard,7,56,227,Yes,90.21
Pomegranate,4,54,4.07,76.83,43.52,Medium,9,4,7,No,53.3
Apple,4,34,3.2,59.26,20.98,Soft,9,11,140,Yes,59.63
Lime,10,54,4.01,60.7,32.73,Soft,9,34,14,No,94.63
Papaya,5,13,3.89,53.28,25.2,Soft,9,40,34,Yes,70.78
Mango,6,48,4.69,84.18,36.37,Hard,10,62,240,No,73.84
Cherry,7,82,5.09,84.55,23.96,Hard,7,41,329,Yes,58.4
Mango,7,99,5.54,51.02,14.37,Soft,6,64,320,Yes,99.74
Pomegranate,10,6,5.38,34.46,18.17,Soft,1,64,97,Yes,96.15
Blueberry,1,29,4.35,46.77,42.95,Soft,0,42,268,Yes,50.1
Pineapple,8,82,3.15,24.92,23.4,Hard,5,59,126,No,77.54
Banana,6,48,6.03,60.91,10.67,Hard,10,19,34,Yes,93.61
Kiwi,3,88,4.98,50.01,46.73,Soft,7,97,283,No,71.53
Peach,3,15,4.49,18.26,39.83,Hard,0,97,18,No,71.84
Mango,10,50,7.33,25.81,2.78,Hard,2,62,293,Yes,68.97
Apple,7,71,6.73,48.37,49.95,Hard,0,23,68,Yes,51.44
Lemon,3,81,7.29,81.01,34.75,Hard,9,91,237,Yes,89.51
Kiwi,5,91,5.47,55.31,8.01,Soft,8,74,80,Yes,72.84
Blackberry,4,79,3.65,64.52,11.86,Soft,6,71,86,No,76.55
Cherry,2,82,6.48,37.12,34.62,Hard,7,34,60,No,62.78
Mango,9,41,4.03,55.71,38.99,Soft,8,40,48,Yes,89.21
Pomegranate,10,16,5.21,45.79,11.95,Soft,2,15,179,No,89.69
Papaya,1,62,3.33,62.73,12.85,Soft,9,79,356,Yes,77.65
Watermelon,8,44,7.13,14.05,15.36,Medium,10,5,84,No,95.23
Watermelon,9,76,3.63,49.46,29.9,Soft,1,19,95,Yes,55.79
Papaya,8,6,7.52,33.68,8.59,Soft,5,55,308,No,89.33
Peach,0,26,7.32,36.09,5.21,Hard,4,74,252,Yes,77.93
Peach,9,9,5.32,86.87,33.94,Hard,3,7,333,Yes,61.55
Pomegranate,2,33,6.72,24.62,38.95,Medium,5,83,180,Yes,56.62
Kiwi,7,35,6.1,34.9,25.05,Medium,5,95,84,Yes,65.05
Grape,5,24,7.02,50.79,18.19,Soft,2,96,310,No,92.82
Orange,4,5,5.16,79.04,21.6,Soft,1,5,150,Yes,89.38
Cherry,4,23,6.93,43.33,19.42,Hard,8,91,39,Yes,82.26
Blackberry,5,17,5.31,69.51,48.0,Soft,7,7,279,No,54.52
Papaya,6,86,7.7,78.51,38.4,Soft,3,61,304,No,97.74
Blackberry,0,5,5.43,34.8,10.4,Soft,5,13,113,Yes,65.27
Kiwi,8,28,5.31,41.42,19.21,Soft,2,2,127,No,80.35
Pear,2,24,6.93,38.52,27.2,Soft,10,1,41,No,90.16
Orange,3,54,7.11,76.63,30.65,Soft,7,21,158,Yes,56.64
Orange,9,80,5.77,13.55,23.41,Soft,2,96,206,Yes,82.61
Mango,0,45,3.9,34.67,40.51,Soft,1,84,47,Yes,51.61
Cherry,10,23,5.34,64.35,38.38,Hard,6,69,185,Yes,55.09
Pear,9,74,7.84,55.24,25.26,Medium,2,70,72,Yes,86.16
Pomegranate,2,25,6.76,44.9,42.72,Soft,8,5,57,No,57.75
Lemon,1,97,7.06,53.2,37.55,Hard,2,49,239,No,72.18
Pomegranate,1,27,3.16,25.81,38.93,Soft,7,43,62,Yes,62.42
Mango,0,2,5.34,44.46,47.82,Soft,1,7,342,Yes,71.06
Lime,7,74,6.23,50.14,13.32,Medium,8,23,57,Yes,53.86
Pineapple,2,37,7.15,82.1,13.38,Hard,0,26,243,Yes,87.75
Watermelon,2,60,3.25,30.87,44.45,Soft,2,52,328,No,53.95
Blueberry,5,77,7.26,79.43,38.61,Medium,10,50,124,No,91.9
Apple,7,50,5.74,61.54,46.33,Medium,1,27,153,Yes,83.13
Peach,8,89,3.99,11.63,3.16,Soft,6,58,255,No,70.83
Pear,8,47,4.59,67.97,31.39,Soft,4,68,217,No,93.32
Kiwi,3,20,4.41,12.84,7.23,Hard,7,82,232,Yes,59.31
Strawberry,4,53,5.65,89.79,25.19,Hard,1,72,17,Yes,63.23
Strawberry,1,55,3.26,79.81,7.79,Soft,7,24,80,No,56.86
Mango,10,93,3.79,33.79,6.4,Soft,6,43,176,No,69.08
Pear,8,58,7.06,30.59,0.61,Medium,10,46,39,No,99.34
Lemon,7,71,3.66,40.52,31.51,Hard,4,12,143,No,58.05
Mango,2,50,4.17,38.49,17.95,Soft,1,52,17,Yes,91.55
Orange,10,19,5.27,39.79,5.26,Soft,9,52,249,No,82.59
Pear,8,95,5.59,35.46,16.14,Hard,10,36,35,Yes,50.79
Cherry,2,85,6.82,59.69,8.45,Soft,6,62,289,No,97.24
Watermelon,8,58,5.24,23.14,47.08,Medium,9,65,146,No,98.55
Pear,1,70,6.95,77.68,16.0,Medium,3,39,215,Yes,96.25
Blueberry,9,8,6.09,74.99,16.7,Soft,3,77,165,Yes,75.09
Blackberry,8,0,3.57,48.12,41.99,Hard,7,60,111,No,61.02
Kiwi,7,28,3.78,78.22,32.39,Medium,5,94,135,No,69.56
Strawberry,8,62,5.19,29.77,35.51,Hard,8,5,74,Yes,80.71
Apple,4,71,4.98,11.41,31.8,Hard,10,24,156,No,68.94
Lime,10,55,6.72,59.54,47.31,Hard,1,45,215,Yes,85.41
Cherry,10,67,5.9,46.63,10.35,Medium,4,30,354,Yes,89.78
Raspberry,1,34,4.94,55.37,49.45,Medium,5,79,274,No,60.47
Mango,7,2,3.85,81.95,41.55,Soft,7,62,279,No,70.25
Cherry,5,6,4.13,87.59,29.45,Hard,3,90,148,Yes,97.89
Watermelon,7,26,5.88,60.76,33.12,Medium,10,93,31,Yes,62.49
Plum,10,0,5.12,71.12,32.44,Medium,6,67,14,Yes,67.32
Grape,4,90,5.57,16.7,2.92,Soft,10,38,23,Yes,51.78
Apple,9,79,3.85,22.86,10.9,Medium,6,79,2,Yes,66.62
Kiwi,1,70,6.31,68.66,48.07,Medium,3,35,178,Yes,68.55
Blackberry,5,43,7.26,44.51,26.72,Medium,0,6,329,No,54.99
Watermelon,4,86,4.29,45.68,18.92,Soft,2,84,59,No,50.07
Lemon,4,40,5.46,34.69,38.1,Soft,1,65,289,Yes,78.77
Blueberry,0,74,7.88,58.59,26.23,Hard,2,54,176,No,65.08
Peach,1,41,4.67,24.81,0.66,Medium,4,71,172,Yes,50.89
Peach,7,32,5.98,60.15,36.81,Soft,10,41,83,Yes,93.0
Lime,2,49,3.45,23.9,36.61,Soft,0,26,223,Yes,79.22
Blueberry,9,62,6.03,15.11,8.26,Soft,4,1,35,No,58.56
Blackberry,2,99,3.45,36.43,47.83,Hard,1,69,297,No,93.26
Apple,7,36,7.8,28.49,11.2,Hard,3,3,110,Yes,62.68
Pear,7,58,6.58,81.12,22.89,Hard,5,20,235,Yes,61.37
Kiwi,1,80,6.94,14.4,5.74,Hard,8,0,39,No,94.73
Lime,7,98,6.52,24.13,30.16,Hard,9,37,219,No,58.97
Blueberry,10,47,5.95,53.9,18.77,Medium,5,59,217,Yes,93.95
Lemon,0,4,5.25,48.49,17.66,Medium,9,75,194,Yes,90.15
Pineapple,5,47,7.29,13.67,41.35,Soft,10,90,163,No,65.49
Pear,7,95,7.78,10.58,0.48,Hard,1,13,116,No,51.72
Pomegranate,2,2,5.5,89.05,39.9,Hard,7,78,328,Yes,54.13
Lemon,7,46,7.66,62.71,28.57,Soft,4,87,161,Yes,55.48
Lime,0,61,5.92,39.23,49.3,Medium,8,81,89,Yes,94.54
Pineapple,10,98,5.69,47.63,29.47,Hard,9,16,141,Yes,70.2
Peach,10,13,5.27,31.32,2.77,Hard,8,72,312,Yes,51.63
Blueberry,8,62,4.05,37.59,2.53,Hard,3,46,174,Yes,77.83
Banana,10,60,3.02,61.92,44.16,Medium,0,81,201,No,60.4
Plum,8,30,4.21,80.62,42.06,Medium,10,55,355,No,61.76
Strawberry,4,94,5.55,24.73,17.29,Hard,8,52,302,No,58.04
Watermelon,9,16,4.9,77.23,30.9,Hard,8,17,356,Yes,88.1
Blueberry,3,23,5.24,19.72,24.48,Soft,7,68,113,Yes,50.03
Blackberry,10,22,7.9,27.2,48.36,Soft,4,47,174,No,71.95
Strawberry,5,81,4.75,12.97,47.5,Medium,4,8,74,No,54.34
Peach,6,49,5.26,21.26,49.19,Soft,9,53,325,Yes,77.62
Strawberry,4,77,3.67,83.38,43.32,Hard,5,34,287,No,67.3
Papaya,10,78,3.24,46.76,45.48,Medium,0,45,125,No,51.42
Grape,9,78,6.88,16.21,10.86,Soft,8,0,24,Yes,73.05
Kiwi,8,69,5.85,86.78,41.55,Medium,4,40,32,No,78.53
Cherry,2,26,6.8,80.32,35.44,Hard,6,72,254,No,62.38
Banana,6,14,3.75,70.37,48.14,Soft,10,31,113,No,88.28
Mango,9,49,5.86,84.68,28.56,Soft,7,83,195,Yes,68.55
Lemon,9,35,4.27,27.61,4.26,Soft,4,76,16,Yes,87.47
Apple,10,7,4.14,76.91,29.87,Hard,2,39,212,No,78.95
Pear,4,78,3.06,65.2,34.33,Medium,5,10,108,No,93.46
Watermelon,6,2,3.65,79.58,11.02,Soft,6,61,24,Yes,77.35
Pomegranate,1,61,4.55,73.75,19.71,Medium,3,45,290,Yes,59.28
Pear,3,46,3.58,37.72,29.93,Medium,8,47,308,Yes,91.13
Kiwi,1,76,7.93,71.95,18.71,Medium,10,42,304,Yes,89.15
Blackberry,6,97,4.54,31.0,18.75,Hard,3,50,343,Yes,98.62
Mango,1,87,3.65,36.29,6.65,Hard,10,60,119,No,54.68
Orange,10,95,4.0,18.63,47.04,Soft,9,41,181,Yes,79.56
Pear,0,60,5.94,84.81,37.52,Soft,1,25,38,No,74.58
Pomegranate,8,31,3.32,33.28,0.06,Medium,8,10,233,No,83.54
Banana,0,93,7.31,51.65,38.28,Medium,3,24,69,Yes,99.01
Strawberry,7,12,7.81,41.31,36.99,Medium,3,39,82,Yes,76.61
Kiwi,1,0,4.23,86.79,0.49,Hard,9,24,118,Yes,84.29
Cherry,7,33,5.25,36.8,18.48,Hard,0,83,309,No,67.36
Lemon,2,61,3.11,72.28,30.34,Soft,1,74,50,Yes,64.95
Plum,5,78,6.2,78.43,22.64,Medium,2,73,157,No,66.76
Lemon,2,77,5.07,44.85,38.9,Medium,6,51,74,Yes,51.93
Banana,6,92,4.35,40.25,21.27,Hard,8,2,183,No,64.24
Blueberry,9,97,4.03,69.82,7.69,Soft,4,38,106,No,58.65
Orange,8,81,6.27,83.03,48.82,Medium,3,90,189,Yes,72.87
Orange,1,70,5.08,70.39,12.1,Medium,1,34,306,Yes,73.04
Lime,4,92,3.9,28.17,35.88,Soft,6,39,272,No,88.26
Blueberry,5,30,6.45,81.06,7.16,Medium,5,94,87,No,75.11
Grape,3,63,5.83,41.01,16.45,Hard,6,84,350,Yes,73.15
Grape,3,24,7.29,56.1,22.1,Soft,7,21,326,No,61.58
Papaya,3,37,3.59,76.51,9.61,Medium,8,61,172,No,92.62
Watermelon,1,13,6.93,25.07,22.5,Medium,9,18,252,Yes,54.55
Lime,3,7,6.37,72.76,7.86,Hard,4,13,356,Yes,99.11
Blueberry,10,90,3.58,57.69,27.95,Hard,10,100,144,No,73.8
Banana,0,53,6.47,81.47,33.19,Hard,4,49,284,No,59.3
Mango,5,1,5.21,23.76,3.12,Medium,3,61,185,Yes,67.72
Blackberry,0,80,7.72,43.65,43.56,Medium,10,86,154,Yes,50.77
Banana,9,100,3.71,76.63,9.26,Medium,2,89,342,Yes,58.33
Lime,5,77,6.21,11.54,11.27,Soft,6,42,118,No,66.77
Pineapple,0,88,4.91,18.98,33.07,Hard,4,54,267,Yes,77.72
Plum,5,55,7.78,89.25,23.44,Soft,6,39,325,No,56.47
Apple,9,93,4.65,32.43,24.97,Hard,1,11,255,Yes,83.8
Cherry,7,92,7.81,88.04,6.41,Medium,8,64,241,Yes,92.21
Pineapple,10,83,7.51,24.6,40.29,Soft,8,33,171,No,78.62
Papaya,1,84,4.35,38.89,30.85,Soft,8,82,105,Yes,64.85
Apple,1,60,7.02,70.23,6.77,Hard,4,22,36,No,56.07
Blueberry,3,21,7.98,62.62,18.7,Soft,9,70,66,Yes,50.78
Mango,10,34,4.26,56.49,40.52,Soft,8,6,185,Yes,86.59
Banana,2,100,5.18,52.39,28.42,Medium,0,64,190,Yes,81.42
Blackberry,3,15,5.6,77.48,5.43,Hard,1,17,155,Yes,73.81
Watermelon,6,49,4.47,28.8,18.64,Soft,9,7,227,Yes,55.1
Grape,10,42,3.08,45.4,12.13,Medium,4,88,141,No,60.35
Lime,0,16,4.1,22.44,25.87,Soft,4,41,76,No,90.76
Peach,5,79,4.41,57.68,42.17,Medium,5,92,146,No,73.99
Apple,2,57,5.22,30.04,21.81,Soft,7,86,38,Yes,98.14
Raspberry,10,1,3.86,36.71,21.67,Medium,0,92,262,Yes,100.0
Kiwi,9,3,7.37,47.7,45.27,Medium,9,0,126,Yes,90.04
Lemon,6,84,6.52,12.14,28.81,Hard,8,78,92,Yes,62.91
Watermelon,9,38,3.43,17.36,28.31,Medium,3,14,284,No,61.56
Kiwi,1,97,6.25,64.87,13.1,Soft,7,27,345,No,62.68
Pomegranate,1,93,6.27,44.32,30.39,Medium,4,35,261,Yes,99.34
Blueberry,3,5,7.78,79.18,28.8,Medium,0,95,108,No,66.77
Orange,0,80,3.02,65.57,19.84,Soft,8,45,45,Yes,85.32
Pomegranate,2,88,4.24,10.65,49.53,Soft,7,76,2,Yes,97.95
Peach,8,68,7.64,59.34,44.09,Medium,4,20,201,Yes,90.98
Orange,6,68,7.66,17.5,37.48,Soft,10,48,90,No,79.88
Plum,6,19,6.6,72.47,26.87,Medium,3,38,215,Yes,58.45
Watermelon,10,63,6.83,89.32,23.1,Medium,7,37,115,No,58.75
Strawberry,3,15,3.46,52.5,9.24,Medium,8,8,319,No,74.62
Papaya,1,50,5.57,64.62,15.29,Soft,6,19,92,Yes,97.6
Mango,3,36,4.16,28.99,38.7,Hard,3,83,326,No,95.22
Blueberry,5,72,3.91,45.01,22.69,Hard,6,7,186,Yes,58.31
Plum,10,68,7.05,78.49,44.11,Medium,5,13,260,No,64.39
Watermelon,10,41,3.68,23.39,7.4,Medium,10,61,158,Yes,79.44
Lemon,2,56,5.34,31.24,25.42,Soft,2,83,57,Yes,73.87
Orange,0,65,7.69,45.63,32.35,Hard,9,34,47,Yes,55.97
Lemon,7,8,3.93,66.98,25.84,Hard,2,54,222,Yes,68.47
Papaya,4,99,7.89,40.07,44.46,Hard,0,44,108,Yes,97.74
Kiwi,4,85,7.97,84.22,49.48,Soft,4,20,351,No,97.57
Kiwi,10,63,5.78,17.56,5.79,Soft,7,52,300,Yes,77.97
Mango,3,85,3.85,39.66,6.5,Soft,5,53,180,Yes,81.76
Strawberry,5,21,4.58,66.72,6.52,Medium,7,85,177,No,61.1
Papaya,2,33,5.12,28.08,34.06,Soft,6,42,180,Yes,87.1
Pear,8,54,4.55,62.51,18.63,Medium,1,5,37,Yes,52.62
Blueberry,4,28,4.4,23.14,36.67,Medium,7,54,63,No,61.03
Papaya,2,37,7.86,14.48,20.27,Medium,3,43,268,Yes,50.29
Blackberry,10,96,3.77,19.68,31.38,Medium,10,90,273,No,69.29
Watermelon,0,17,6.67,84.4,38.49,Soft,4,67,290,No,92.51
Blackberry,9,70,3.0,54.14,27.41,Soft,10,3,354,No,99.13
Blueberry,5,64,5.98,73.71,26.98,Hard,7,62,302,Yes,83.39
Apple,1,96,7.58,36.61,4.41,Hard,4,91,270,No,87.24
Blueberry,2,0,4.44,57.41,20.54,Medium,4,90,269,Yes,63.14
Orange,0,87,3.93,49.6,27.29,Hard,5,57,305,No,76.02
Watermelon,8,3,6.26,85.66,23.1,Hard,6,53,246,No,86.83
Watermelon,7,3,6.56,69.81,45.04,Hard,8,80,178,No,74.86
Cherry,1,81,6.44,68.44,45.33,Medium,10,37,67,Yes,54.43
Banana,10,26,4.6,13.71,41.1,Hard,6,59,277,No,87.04
Watermelon,7,42,4.26,53.97,18.76,Soft,5,51,208,Yes,60.98
Raspberry,8,58,7.78,47.36,35.86,Medium,9,28,307,No,54.88
Kiwi,0,31,7.62,84.23,19.76,Soft,3,39,38,No,73.9
Lemon,4,32,5.29,30.59,11.63,Medium,10,70,119,Yes,53.73
Mango,7,27,7.23,31.59,17.15,Soft,9,7,26,No,81.47
Lime,10,54,5.26,42.91,3.55,Hard,1,96,6,No,82.02
Papaya,1,99,5.12,29.47,16.59,Medium,10,95,274,Yes,62.84
Apple,3,59,3.78,20.33,23.04,Soft,10,34,233,Yes,98.23
Pineapple,6,69,5.13,78.59,47.77,Medium,8,81,114,No,91.22
Mango,2,61,5.69,54.66,15.67,Soft,9,15,134,No,55.48
Pomegranate,4,79,3.11,78.91,45.12,Hard,10,17,313,No,87.43
Lime,7,33,5.22,76.49,11.44,Medium,4,58,178,Yes,67.65
Strawberry,9,86,6.91,32.56,9.55,Medium,4,88,25,Yes,87.51
Watermelon,2,87,6.4,53.82,25.95,Soft,10,33,48,No,90.04
Lime,3,55,6.18,16.66,33.63,Soft,2,3,280,Yes,57.57
Pomegranate,8,12,7.55,83.22,2.22,Hard,2,68,343,Yes,83.09
Blackberry,6,55,3.09,42.34,11.05,Soft,0,77,301,No,93.14
Pineapple,0,17,5.79,41.49,22.78,Soft,10,64,299,Yes,66.17
Pomegranate,3,53,6.94,34.22,16.55,Soft,4,60,72,Yes,54.02
Pomegranate,3,76,5.71,46.85,35.63,Hard,2,85,201,Yes,51.36
Pear,8,100,4.62,30.14,25.56,Hard,10,45,326,Yes,55.5
Apple,5,42,3.68,39.99,8.02,Medium,1,20,33,Yes,50.21
Banana,8,38,7.44,74.0,44.72,Hard,10,76,97,No,66.35
Papaya,5,60,5.35,76.74,14.65,Soft,8,99,45,Yes,64.97
Peach,5,41,7.39,34.33,36.56,Medium,9,92,263,Yes,55.52
Plum,4,80,5.93,47.52,39.0,Hard,5,37,362,Yes,82.56
Strawberry,4,78,6.37,79.91,48.16,Hard,2,72,70,Yes,99.6
Pineapple,1,17,7.02,14.21,24.93,Soft,6,96,301,No,95.05
Plum,7,22,6.3,81.13,30.79,Soft,8,85,293,No,62.64
Blueberry,7,53,4.99,27.53,16.74,Hard,8,80,218,Yes,88.5
Grape,10,29,5.57,64.28,33.91,Medium,0,59,207,No,96.84
Pineapple,0,97,7.02,56.6,23.17,Soft,1,86,172,Yes,95.32
Orange,7,57,4.87,54.24,21.88,Hard,7,35,246,No,94.23
Orange,4,67,4.94,78.75,42.77,Hard,10,5,256,Yes,89.32
Raspberry,1,66,3.48,18.13,2.51,Soft,0,38,264,Yes,64.65
Strawberry,1,70,7.57,37.76,44.1,Medium,10,28,264,No,54.18
Strawberry,5,17,3.46,53.06,42.6,Medium,10,26,5,Yes,74.39
Pear,10,6,6.24,74.9,25.32,Medium,2,68,10,No,52.74
Pear,8,39,5.07,27.32,24.51,Soft,10,8,271,Yes,99.92
Strawberry,0,69,5.03,74.23,18.09,Soft,6,23,230,No,67.92
Banana,5,85,6.4,41.97,49.71,Soft,7,62,312,No,97.92
Orange,8,64,3.34,25.11,5.56,Medium,4,18,55,No,88.66
Peach,7,67,5.97,70.72,29.51,Medium,1,96,41,No,70.56
Apple,10,48,6.86,17.27,34.08,Soft,2,29,138,Yes,55.92
Raspberry,5,51,7.14,51.18,46.72,Soft,8,57,115,Yes,61.86
Grape,2,28,3.85,15.11,39.01,Soft,10,39,63,No,83.65
Mango,7,20,7.49,38.51,32.19,Medium,9,67,344,Yes,91.5
Papaya,8,89,6.28,58.09,5.84,Hard,6,31,34,Yes,98.97
Watermelon,0,77,7.41,54.49,18.69,Hard,0,64,252,Yes,56.61
Blackberry,8,8,5.43,42.37,6.94,Medium,2,33,197,No,57.8
Mango,5,46,5.71,44.32,44.06,Soft,8,84,356,No,52.12
Raspberry,5,75,7.6,28.14,37.48,Soft,6,30,363,Yes,63.02
Pear,3,41,7.5,46.47,37.88,Soft,1,58,252,Yes,91.05
Pear,0,50,5.24,86.26,32.61,Soft,5,77,62,No,59.91
Kiwi,9,55,4.37,78.04,25.35,Medium,8,25,225,Yes,77.39
Orange,7,50,4.97,21.62,7.5,Hard,3,21,356,Yes,72.32
Pineapple,1,69,4.94,12.38,16.48,Hard,9,33,54,Yes,66.29
Blackberry,0,19,4.43,84.68,6.85,Medium,1,96,159,No,80.92
Cherry,1,87,4.34,52.14,36.25,Soft,2,12,294,No,75.12
Strawberry,0,26,7.31,53.03,8.01,Hard,6,95,25,No,66.74
Pear,0,37,3.35,72.46,35.11,Medium,3,54,237,Yes,84.44
Peach,8,71,6.39,35.18,34.61,Soft,6,7,321,Yes,64.0
Papaya,0,64,3.86,48.55,22.97,Hard,4,61,100,Yes,82.16
Cherry,3,53,4.72,87.49,6.76,Medium,7,21,228,No,97.86
Mango,9,23,3.31,63.77,15.74,Hard,7,55,178,No,86.45
Pomegranate,5,46,4.35,22.3,16.0,Hard,4,83,155,No,70.92
Mango,6,70,6.84,20.66,35.02,Medium,6,20,239,Yes,87.38
Mango,1,82,7.43,26.34,5.69,Medium,10,97,143,No,90.46
Mango,5,85,4.11,71.34,41.45,Hard,5,48,17,Yes,66.29
Banana,6,62,5.32,33.63,38.05,Hard,7,93,285,Yes,85.26
Lime,9,56,5.35,11.71,9.32,Medium,8,5,5,No,71.72
Apple,9,54,7.37,85.53,35.96,Soft,4,34,11,Yes,90.93
Watermelon,1,59,6.81,23.58,33.43,Soft,6,26,208,Yes,64.77
Watermelon,1,98,5.57,10.76,37.41,Soft,0,83,81,No,96.89
Plum,9,61,6.35,28.97,9.45,Soft,10,39,33,Yes,78.74
Lemon,6,29,7.24,28.8,7.88,Medium,7,13,305,No,67.67
Pear,0,92,3.05,43.76,11.82,Soft,2,73,159,No,70.97
Blueberry,7,21,5.01,83.63,18.29,Hard,0,51,274,No,67.39
Banana,10,74,7.54,80.33,39.68,Soft,5,78,115,Yes,57.31
Lemon,2,83,6.7,46.55,36.9,Medium,7,39,217,No,53.42
Papaya,10,28,5.71,42.87,46.27,Soft,10,42,261,No,66.09
Banana,5,40,5.65,54.4,2.93,Soft,2,57,158,No,72.93
Strawberry,8,41,4.74,29.48,0.58,Medium,0,2,45,Yes,68.09
Orange,5,97,5.6,14.17,34.96,Soft,2,14,120,Yes,50.7
Banana,8,64,6.28,85.14,13.96,Medium,4,44,215,Yes,78.95
Raspberry,6,30,5.09,24.94,16.7,Soft,10,94,128,No,57.24
Orange,8,29,6.57,25.87,27.34,Medium,7,10,254,No,60.55
Peach,1,17,7.31,47.8,5.12,Soft,8,38,38,No,56.04
Lemon,7,16,3.77,49.33,32.13,Hard,8,18,210,Yes,76.02
Strawberry,7,37,5.26,11.47,16.26,Hard,3,78,352,No,54.76
Papaya,1,13,5.04,21.84,31.64,Medium,7,19,94,No,62.82
Blueberry,3,86,6.44,40.25,41.7,Medium,10,85,29,Yes,72.59
Papaya,10,88,4.25,64.7,8.56,Medium,4,70,164,Yes,58.39
Blackberry,6,78,6.2,28.27,46.54,Hard,2,55,137,No,72.31
Pineapple,10,55,7.39,43.84,26.53,Medium,4,77,23,No,67.14
Orange,3,21,5.09,54.59,46.15,Soft,1,3,131,No,93.03
Pear,3,66,7.56,81.09,10.39,Medium,10,8,86,Yes,89.75
Pineapple,5,55,7.97,36.09,30.23,Medium,10,24,184,Yes,99.64
Raspberry,9,18,3.53,20.68,20.19,Soft,10,46,237,No,76.45
Kiwi,5,56,4.17,49.14,38.71,Soft,5,98,184,Yes,78.77
Blackberry,9,43,7.75,69.74,30.3,Hard,0,100,314,Yes,97.33
Strawberry,2,97,7.79,18.79,24.73,Soft,5,48,159,No,69.98
Orange,8,34,3.49,43.97,45.65,Soft,4,26,11,No,77.78
Mango,9,0,3.07,11.42,18.86,Medium,8,27,42,Yes,68.95
Peach,10,51,3.81,12.68,11.0,Hard,6,87,235,Yes,77.29
Pineapple,1,84,7.98,48.64,30.41,Soft,5,96,131,Yes,54.04
Papaya,5,92,3.9,33.86,31.2,Hard,10,96,185,Yes,89.19
Banana,6,69,5.51,77.61,21.95,Soft,6,61,14,No,99.26
Apple,8,36,7.24,58.17,24.33,Hard,9,15,302,Yes,53.29
Strawberry,2,64,3.1,46.31,47.98,Soft,4,86,254,No,90.05
Plum,9,50,6.02,42.63,36.63,Medium,0,45,147,Yes,62.09
Grape,2,0,4.39,49.78,5.53,Hard,8,74,60,No,59.88
Raspberry,6,90,7.31,13.24,10.61,Hard,4,45,292,Yes,84.67
Kiwi,3,20,4.42,81.42,48.78,Soft,3,39,160,No,52.21
Lime,7,52,6.43,89.86,36.32,Hard,5,82,26,No,73.16
Plum,6,15,6.37,24.52,45.75,Soft,4,33,65,No,50.07
Pear,4,60,4.11,19.63,15.19,Hard,0,86,70,Yes,77.72
Blackberry,6,53,3.17,21.49,37.09,Hard,1,9,173,Yes,73.1
Strawberry,2,39,5.05,62.88,35.7,Medium,3,100,225,Yes,95.77
Blackberry,1,25,4.45,62.92,14.73,Medium,7,0,153,Yes,86.01
Lime,5,79,7.04,77.83,27.54,Hard,4,65,40,No,56.3
Cherry,1,91,7.0,70.15,31.37,Medium,6,85,146,Yes,67.73
Raspberry,2,64,5.29,45.98,24.06,Hard,1,16,98,No,96.58
Cherry,5,99,6.03,59.03,41.36,Soft,7,46,248,No,86.27
Apple,4,73,6.02,65.06,41.64,Hard,4,23,12,Yes,79.71
Pear,7,63,7.14,51.02,42.53,Hard,3,49,24,No,77.95
Peach,8,42,5.13,48.05,40.17,Medium,8,84,225,No,69.9
Strawberry,10,16,4.38,61.61,24.4,Medium,5,28,245,Yes,79.26
Watermelon,2,58,4.33,54.6,19.07,Soft,3,77,171,Yes,88.58
Banana,9,22,5.68,61.52,41.57,Soft,7,71,32,No,56.38
Pomegranate,2,6,5.25,59.03,24.51,Soft,2,93,114,Yes,98.49
Lemon,2,43,5.2,67.54,12.32,Hard,9,85,209,No,61.97
Grape,5,52,3.46,61.42,25.37,Soft,1,86,303,Yes,72.39
Blackberry,0,70,6.59,51.58,7.09,Soft,6,12,35,Yes,51.14
Watermelon,6,78,4.07,64.54,34.58,Medium,3,63,205,No,77.52
Pomegranate,0,33,3.98,45.96,16.8,Medium,3,27,266,Yes,69.09
Blackberry,4,45,5.06,29.33,13.03,Soft,9,93,65,Yes,62.49
Papaya,9,67,4.14,10.11,47.83,Soft,8,4,98,Yes,99.28
Orange,7,77,5.92,54.8,38.84,Hard,1,73,185,No,71.41
Pineapple,3,77,4.86,57.25,39.35,Hard,0,8,238,No,70.71
Grape,4,15,5.24,87.76,31.19,Medium,6,13,266,Yes,73.16
Grape,3,70,5.69,38.92,41.96,Soft,7,9,232,No,55.81
Pomegranate,3,95,4.02,41.53,37.96,Soft,2,32,109,No,69.65
Blackberry,7,18,3.78,26.14,29.94,Soft,1,74,178,No,66.82
Blackberry,1,1,7.4,15.64,48.06,Soft,3,39,249,Yes,73.26
Peach,0,9,5.17,71.82,9.58,Soft,1,5,324,Yes,92.83
Orange,2,49,5.06,29.97,47.17,Hard,1,16,360,Yes,59.64
Lime,8,80,3.18,58.71,20.07,Hard,4,35,5,No,80.39
Plum,3,100,5.49,65.02,26.42,Soft,9,69,157,No,51.88
Lemon,9,11,5.77,47.7,6.14,Hard,4,60,230,Yes,65.84
Pomegranate,4,69,5.79,80.11,27.01,Hard,7,73,116,Yes,73.63
Banana,1,21,6.54,45.5,30.56,Soft,8,48,261,Yes,53.71
Plum,3,31,3.89,32.79,49.89,Hard,1,68,316,Yes,77.2
Cherry,1,83,4.26,81.68,48.76,Soft,0,82,321,No,65.52
Apple,1,0,7.05,78.93,48.32,Hard,2,70,127,Yes,99.64
Lemon,3,53,7.74,23.12,17.42,Soft,5,23,28,No,81.55
Watermelon,5,57,3.68,12.08,49.56,Soft,4,50,339,Yes,62.21
Blackberry,6,69,5.49,17.2,22.77,Hard,7,41,228,Yes,55.13
Grape,9,82,4.07,32.92,42.59,Hard,7,18,129,No,52.04
Orange,2,17,3.3,87.78,10.82,Medium,1,61,29,Yes,54.54
Raspberry,2,5,4.63,54.68,25.29,Soft,8,74,179,Yes,84.0
Raspberry,9,44,3.72,39.86,48.3,Soft,3,66,164,No,92.75
Lemon,5,96,6.55,81.1,47.35,Soft,0,29,160,No,57.84
Raspberry,2,22,5.67,46.25,34.19,Soft,1,37,320,Yes,70.11
Peach,1,22,3.72,35.22,39.89,Hard,10,5,288,No,67.71
Strawberry,7,25,3.05,85.3,8.82,Hard,5,98,265,No,82.23
Papaya,4,76,7.04,77.96,36.08,Medium,4,21,297,Yes,59.13
Blackberry,0,6,3.88,77.49,30.9,Soft,6,10,25,Yes,97.67
Strawberry,2,78,6.03,50.98,4.58,Medium,8,71,145,Yes,86.43
Cherry,9,43,4.68,73.16,5.66,Medium,5,90,175,No,97.75
Orange,7,26,5.93,24.35,5.42,Medium,5,28,8,No,63.87
Pear,3,25,4.58,55.86,36.22,Medium,1,7,314,Yes,79.39
Plum,6,96,3.43,88.71,7.09,Medium,6,86,109,Yes,86.61
Lemon,9,78,4.11,33.28,23.39,Hard,1,92,129,Yes,85.55
Raspberry,1,35,3.94,73.55,17.85,Hard,6,79,2,Yes,51.07
Watermelon,6,54,5.14,49.24,27.53,Medium,7,34,10,No,99.91
Pear,4,63,6.29,13.18,35.32,Hard,0,71,347,Yes,96.4
Banana,4,90,4.32,71.04,34.24,Hard,8,71,117,No,55.99
Lemon,5,56,3.06,23.49,25.78,Medium,7,44,319,No,77.18
Peach,8,68,5.59,60.52,23.22,Hard,8,32,11,Yes,65.73
Strawberry,5,60,6.03,16.85,19.89,Hard,4,4,96,No,93.94
Pineapple,7,1,7.81,85.75,43.1,Soft,3,61,93,No,84.88
Pear,6,54,5.95,33.34,16.54,Medium,0,36,102,No,61.18
Blackberry,8,96,5.36,28.12,12.97,Soft,8,16,98,Yes,51.69
Plum,3,79,5.87,20.33,37.17,Soft,3,21,282,Yes,64.59
Lime,1,86,7.64,85.68,17.99,Medium,3,77,295,Yes,51.91
Pear,6,37,7.14,66.95,42.35,Soft,3,31,348,Yes,57.07
Kiwi,5,79,4.61,69.33,16.39,Soft,1,13,156,Yes,81.81
Pear,0,77,4.19,49.95,35.1,Hard,10,19,145,Yes,87.25
Lemon,10,28,4.31,47.98,2.26,Soft,3,21,364,No,73.4
Cherry,8,25,5.52,18.8,19.28,Medium,1,29,211,No,80.01
Orange,8,34,6.72,54.79,17.16,Hard,7,53,155,No,57.79
Kiwi,1,78,5.52,29.75,40.83,Hard,6,32,242,No,65.84
Banana,2,66,3.34,88.17,48.35,Hard,10,4,76,No,85.64
Raspberry,4,86,6.62,73.73,23.04,Medium,9,17,323,No,68.24
Orange,4,28,7.03,43.04,41.24,Medium,1,62,175,No,67.44
Mango,0,33,4.45,22.11,34.98,Medium,1,45,111,No,59.7
Cherry,7,96,6.32,72.83,48.37,Soft,1,6,18,Yes,79.74
Orange,7,40,5.13,19.76,40.56,Soft,0,28,291,Yes,90.48
Grape,3,40,7.45,25.15,3.87,Hard,5,56,274,No,73.47
Mango,6,22,7.23,26.92,35.66,Hard,5,46,238,No,55.78
Peach,10,70,5.63,54.55,26.77,Medium,0,8,198,Yes,91.92
Watermelon,9,2,6.46,72.96,0.82,Medium,10,58,162,Yes,53.57
Watermelon,2,57,7.42,35.15,12.57,Soft,0,70,200,Yes,73.59
Cherry,5,31,5.48,16.77,46.09,Soft,5,70,234,No,63.05
Pomegranate,9,30,4.57,47.16,46.3,Medium,10,42,340,No,96.82
Banana,9,81,6.77,69.85,39.94,Medium,5,58,43,Yes,86.88
Mango,8,42,4.1,27.73,49.09,Soft,3,5,82,No,78.32
Raspberry,0,6,4.94,27.59,40.33,Hard,2,52,27,No,83.39
Grape,4,0,7.33,85.78,0.51,Hard,8,63,304,Yes,76.64
Watermelon,3,60,6.62,86.33,14.39,Soft,5,90,69,Yes,57.38
Strawberry,7,13,5.02,89.24,1.53,Soft,0,3,199,Yes,85.45
Mango,10,51,4.07,74.61,4.71,Hard,2,0,216,No,74.63
Grape,0,95,4.78,25.05,10.94,Soft,0,69,124,Yes,81.72
Strawberry,8,5,4.42,26.96,25.18,Hard,2,30,16,Yes,52.26
Mango,5,9,3.88,37.22,42.38,Hard,1,64,126,Yes,57.1
Raspberry,3,70,6.72,35.45,43.1,Soft,4,68,14,No,79.47
Cherry,8,89,4.26,86.52,30.81,Medium,2,18,39,No,72.97
Plum,10,97,5.27,73.13,46.41,Medium,6,68,199,No,61.34
Banana,4,29,4.93,67.92,25.0,Medium,7,68,108,Yes,62.04
Plum,4,99,7.91,24.88,44.45,Medium,6,48,268,No,81.58
Blackberry,4,20,4.96,82.76,22.7,Medium,1,30,353,No,52.95
Peach,0,59,3.4,76.23,13.86,Medium,9,59,311,Yes,71.71
Strawberry,0,80,3.45,23.09,45.82,Medium,9,70,40,No,76.16
Lemon,7,96,5.95,79.69,19.4,Soft,6,78,347,No,65.41
Mango,7,73,6.0,31.78,25.17,Soft,9,54,269,No,91.03
Lime,5,62,5.09,16.47,16.44,Medium,2,76,69,No,52.84
Grape,10,41,5.16,62.55,33.14,Soft,6,75,152,No,93.29
Banana,3,50,3.27,62.3,49.75,Hard,0,82,187,No,86.16
Orange,1,63,5.58,17.59,1.28,Medium,1,76,352,No,72.31
Pineapple,1,75,5.52,35.51,44.99,Hard,9,90,241,No,96.22
Watermelon,8,55,3.75,89.43,0.2,Soft,0,37,227,Yes,85.11
Grape,4,79,3.52,64.27,18.21,Medium,8,32,204,Yes,96.55
Strawberry,3,40,3.62,68.41,8.43,Hard,1,5,267,Yes,73.63
Papaya,9,31,3.51,27.03,37.87,Soft,1,12,118,Yes,72.65
Plum,0,14,6.05,16.3,2.53,Medium,5,76,317,Yes,76.54
Pineapple,6,61,3.98,32.15,27.67,Medium,6,76,292,Yes,53.27
Lemon,2,26,4.26,29.91,14.75,Hard,1,19,222,Yes,95.42
Grape,5,27,3.87,28.76,6.68,Hard,3,99,63,No,83.39
Grape,4,80,7.79,25.42,38.59,Hard,2,36,5,No,80.88
Lime,4,63,7.27,55.98,10.87,Soft,4,44,334,No,96.32
Cherry,10,58,4.15,36.25,11.18,Hard,8,72,292,No,99.68
Cherry,4,57,4.64,75.63,13.75,Hard,1,80,145,No,58.17
Blackberry,0,1,4.05,24.72,29.34,Hard,4,98,150,Yes,87.45
Blueberry,0,35,5.46,47.17,32.98,Medium,7,58,159,Yes,79.0
Pomegranate,2,70,3.1,11.09,0.88,Hard,5,51,269,No,73.05
Grape,9,12,6.36,48.53,12.09,Hard,3,17,319,No,98.88
Watermelon,3,14,5.62,14.47,21.55,Soft,9,24,11,No,92.51
Raspberry,4,88,7.49,88.22,16.6,Soft,7,78,69,Yes,84.84
Raspberry,1,86,3.82,73.25,44.21,Hard,2,86,192,Yes,69.13
Mango,7,59,7.02,49.21,39.39,Soft,3,0,102,No,83.3
Raspberry,10,21,6.96,16.93,31.29,Soft,10,40,32,Yes,76.58
Blackberry,10,62,3.64,57.4,16.9,Soft,8,17,202,No,62.47
Pomegranate,1,89,4.99,70.7,35.03,Medium,4,0,266,No,72.52
Mango,8,96,3.85,25.26,42.18,Hard,5,38,108,Yes,60.61
Apple,1,74,4.27,55.46,29.74,Hard,10,73,54,No,75.02
Papaya,8,73,4.32,75.14,39.22,Hard,1,30,338,Yes,86.01
Raspberry,6,24,5.78,71.46,37.46,Soft,8,70,190,No,51.83
Lime,7,100,5.06,74.24,28.59,Soft,7,37,239,No,88.27
Pineapple,10,47,7.74,80.35,15.61,Soft,6,7,343,Yes,51.0
Kiwi,1,42,3.63,85.01,37.29,Medium,8,33,338,Yes,75.86
Orange,6,37,7.87,42.44,10.34,Soft,4,72,291,Yes,78.67
Strawberry,5,40,4.15,55.5,38.97,Medium,4,88,323,No,88.06
Cherry,3,44,6.86,73.25,40.23,Hard,10,26,321,No,88.05
Blueberry,6,87,4.69,65.77,41.11,Soft,10,40,273,No,70.87
Grape,3,39,3.72,89.64,23.65,Medium,8,6,42,No,53.32
Banana,1,96,7.29,11.09,9.62,Medium,10,31,198,No,84.68
Watermelon,9,16,4.54,38.41,4.99,Soft,4,72,121,Yes,75.55
Papaya,6,87,6.29,32.48,37.17,Medium,8,80,334,Yes,66.65
Grape,7,100,5.83,30.99,44.31,Soft,0,98,284,No,61.74
Pear,1,56,5.36,27.8,32.54,Medium,9,15,295,Yes,55.99
Cherry,4,1,5.48,66.73,7.21,Hard,9,1,182,Yes,64.76
Grape,0,95,6.66,16.78,46.74,Hard,10,42,100,No,72.92
Raspberry,6,61,3.44,69.33,49.46,Hard,7,30,11,Yes,73.88
Pineapple,7,87,6.34,65.47,21.67,Soft,2,79,233,No,79.14
Cherry,5,8,7.48,30.06,29.74,Hard,7,46,117,No,68.12
Pomegranate,4,67,3.29,30.23,38.86,Hard,4,32,64,Yes,95.99
Kiwi,5,80,3.7,60.31,36.82,Hard,1,84,176,Yes,74.79
Banana,1,16,6.58,70.97,48.39,Soft,8,16,83,No,71.19
Blueberry,0,49,5.19,80.12,5.74,Medium,3,98,2,No,52.41
Raspberry,6,93,5.02,78.17,29.04,Soft,6,53,299,No,79.95
Apple,6,39,3.68,87.19,34.6,Soft,7,53,217,Yes,80.14
Pear,9,57,5.53,56.51,44.5,Hard,6,50,242,No,79.16
Apple,10,74,3.63,82.69,43.71,Medium,10,51,297,No,94.38
Pomegranate,9,84,5.38,74.68,48.9,Hard,5,6,60,No,88.15
Blueberry,1,20,6.82,81.57,25.6,Hard,6,53,203,No,93.37
Plum,1,17,4.29,10.93,41.54,Soft,3,92,40,Yes,52.97
Banana,0,54,5.4,87.27,21.36,Soft,9,10,315,No,65.91
Pear,9,28,7.96,47.88,21.12,Soft,0,61,45,Yes,65.94
Papaya,7,23,6.43,73.85,12.67,Hard,4,29,298,No,82.85
Cherry,7,73,7.21,20.18,40.91,Medium,7,81,119,No,72.43
Banana,0,16,5.07,41.68,49.29,Medium,9,56,131,No,88.87
Cherry,10,17,6.84,31.72,12.82,Hard,5,45,280,No,69.22
Plum,7,41,3.2,33.33,2.81,Medium,4,79,50,Yes,61.08
Banana,8,83,3.61,19.86,40.78,Hard,1,69,88,Yes,64.55
Blackberry,3,100,4.02,74.46,31.01,Medium,9,65,21,Yes,59.12
Plum,0,44,5.01,10.74,47.98,Hard,4,54,232,No,59.89
Pineapple,0,81,7.23,35.0,12.61,Medium,9,57,43,No,60.84
Papaya,2,16,4.73,23.95,3.55,Soft,2,9,23,Yes,50.8
Grape,4,72,6.27,57.12,24.62,Soft,1,3,216,Yes,85.8
Pineapple,4,13,6.55,30.34,4.27,Soft,2,73,277,Yes,69.98
Kiwi,8,48,5.93,30.72,13.09,Soft,3,72,194,No,51.13
Kiwi,9,28,4.79,49.07,6.3,Hard,1,61,215,No,68.5
Raspberry,1,94,5.89,62.22,11.21,Medium,3,42,179,Yes,95.27
Grape,1,3,4.71,19.7,5.31,Hard,3,41,143,Yes,75.56
Peach,5,81,3.42,24.04,47.7,Soft,5,23,314,Yes,99.34
Pear,8,19,7.96,29.77,13.93,Medium,4,4,26,No,77.0
Lime,0,46,3.64,87.9,22.19,Hard,6,98,218,No,98.14
Mango,8,8,3.36,41.77,44.93,Soft,10,67,59,No,60.09
Mango,8,76,7.39,57.92,33.87,Medium,6,98,346,No,64.5
Blackberry,8,78,4.51,29.32,30.9,Medium,2,76,45,No,85.0
Mango,4,26,6.25,49.24,35.28,Soft,8,100,224,Yes,99.34
Grape,8,14,4.65,15.93,41.44,Soft,6,95,350,Yes,91.26
Watermelon,10,91,4.96,12.78,43.88,Medium,6,44,256,No,77.69
Peach,3,100,4.31,47.5,32.13,Soft,1,58,110,Yes,54.26
Peach,1,18,4.72,41.89,44.5,Hard,9,64,320,No,68.22
Watermelon,5,89,5.05,20.95,26.77,Soft,2,62,340,Yes,54.32
Apple,3,51,6.6,65.01,13.86,Soft,2,74,250,Yes,65.56
Papaya,5,25,5.56,89.43,44.0,Soft,5,89,77,Yes,62.94
Lime,2,88,7.72,41.65,27.07,Medium,3,66,283,No,69.43
Pineapple,5,25,3.21,59.96,45.31,Medium,3,48,87,Yes,91.86
Lime,1,25,5.52,87.04,2.01,Soft,0,76,250,No,57.52
Watermelon,1,45,5.92,76.52,19.88,Medium,5,31,208,Yes,65.3
Blackberry,8,91,7.6,47.08,47.39,Soft,7,49,159,Yes,63.06
Lemon,6,48,3.25,69.0,12.48,Hard,7,86,12,Yes,64.81
Pear,2,81,5.87,20.25,47.08,Medium,7,57,225,Yes,68.03
Pineapple,10,95,7.27,50.97,47.7,Soft,4,51,358,Yes,62.22
Cherry,0,52,4.21,32.32,44.11,Medium,9,22,301,Yes,97.13
Mango,7,2,7.38,22.89,28.18,Hard,5,29,32,No,71.01
Blackberry,5,65,3.1,44.1,32.35,Hard,4,69,54,No,55.71
Cherry,6,96,6.66,20.48,43.48,Soft,3,70,242,No,73.38
Watermelon,8,41,7.67,65.92,38.79,Medium,3,29,115,No,59.22
Pear,4,18,6.29,46.5,31.5,Hard,3,36,288,No,60.81
Pomegranate,0,16,5.2,52.49,49.11,Medium,3,47,104,No,64.25
Lemon,9,32,3.22,21.71,34.28,Soft,5,31,311,Yes,56.24
Banana,6,75,7.6,21.18,48.77,Hard,5,69,297,Yes,86.06
Strawberry,4,48,5.35,56.67,2.87,Hard,4,34,127,Yes,89.6
Orange,2,55,3.14,88.8,6.95,Medium,10,95,40,No,69.71
Banana,8,62,6.45,17.7,22.57,Hard,10,75,72,No,84.45
Blackberry,0,2,5.41,32.86,19.24,Soft,8,67,235,Yes,69.45
Grape,0,48,3.62,79.56,39.14,Soft,7,31,247,Yes,58.2
Pomegranate,0,54,4.07,15.78,8.03,Hard,9,58,294,Yes,69.86
Plum,2,25,3.32,80.07,48.8,Soft,5,34,247,Yes,77.85
Plum,5,98,5.87,51.94,15.75,Hard,10,15,312,No,52.05
Lemon,9,71,6.11,42.66,21.45,Hard,8,78,34,Yes,82.72
Strawberry,10,51,5.53,34.77,13.74,Hard,4,51,129,No,87.13
Pomegranate,2,99,7.09,33.77,28.97,Hard,9,65,10,No,93.0
Blackberry,7,6,7.31,34.46,2.93,Medium,3,5,168,Yes,55.14
Banana,9,45,6.08,80.78,7.48,Hard,5,13,272,No,50.0
Grape,1,45,3.06,67.9,37.29,Soft,3,28,216,No,53.66
Apple,8,99,6.48,63.58,9.33,Medium,7,25,240,Yes,96.21
Kiwi,2,15,5.09,73.9,11.78,Soft,6,17,14,No,88.28
Mango,4,23,5.83,30.57,39.65,Hard,4,3,90,No,91.77
Pomegranate,9,60,6.25,59.44,4.67,Soft,9,100,18,Yes,75.85
Lemon,7,53,4.75,46.81,21.87,Medium,5,56,340,Yes,76.34
Papaya,1,61,7.59,72.6,1.15,Soft,10,52,169,Yes,64.93
Lemon,5,0,3.67,34.74,17.34,Medium,6,24,56,Yes,92.14
Pear,4,48,6.36,61.45,34.95,Hard,1,46,164,Yes,91.49
Plum,9,24,3.02,80.58,4.51,Hard,8,51,152,No,69.61
Raspberry,8,9,7.62,42.17,44.42,Soft,6,92,90,Yes,66.46
Kiwi,4,79,3.56,15.33,45.47,Soft,7,33,285,Yes,86.92
Lemon,1,15,3.47,51.28,5.25,Hard,4,15,22,No,51.31
Cherry,4,57,4.67,37.68,49.54,Hard,2,100,267,No,93.0
Pear,3,71,4.87,63.78,14.88,Soft,1,93,297,No,72.31
Pineapple,10,28,4.07,86.08,4.21,Hard,1,86,246,Yes,72.07
Pomegranate,6,91,5.93,48.85,0.25,Medium,2,35,139,Yes,83.45
Pineapple,5,5,5.21,47.3,20.43,Medium,0,27,52,Yes,82.29
Strawberry,1,15,3.17,62.37,31.49,Soft,0,64,67,No,63.3
Peach,10,19,4.6,18.28,16.61,Soft,6,71,85,Yes,97.16
Watermelon,10,79,7.05,30.28,41.84,Hard,9,52,250,No,99.32
Watermelon,4,70,6.45,83.52,35.83,Hard,10,41,331,No,76.3
Pomegranate,6,77,6.62,63.6,17.51,Medium,7,78,123,No,78.07
Pineapple,10,42,6.49,11.08,36.72,Soft,5,97,202,No,77.72
Lime,6,25,4.55,26.37,47.02,Soft,6,18,6,No,74.29
Pear,4,89,3.5,64.63,4.65,Soft,0,43,337,No,97.26
Strawberry,8,77,4.36,71.15,15.31,Soft,0,29,199,Yes,62.24
Pear,3,70,7.16,77.19,23.17,Medium,8,73,224,No,55.4
Kiwi,10,32,7.9,33.37,24.9,Medium,4,43,13,Yes,96.48
Cherry,2,25,5.47,84.48,27.11,Soft,6,26,6,No,60.65
Papaya,3,44,3.05,54.24,15.03,Medium,5,83,121,No,87.46
Pomegranate,4,83,3.7,65.72,33.36,Soft,3,88,45,No,60.19
Peach,5,62,4.61,57.74,32.25,Medium,0,72,362,No,98.01
Watermelon,2,66,5.89,19.82,28.89,Hard,3,33,26,No,89.56
Watermelon,1,51,3.38,87.05,5.69,Medium,9,84,4,No,95.94
Apple,3,67,7.72,19.83,23.85,Soft,9,23,293,No,97.55
Grape,4,25,4.83,30.39,17.81,Hard,7,55,277,Yes,54.22
Strawberry,3,74,7.56,75.09,24.55,Soft,10,6,284,No,71.67
Cherry,10,1,6.9,59.49,46.09,Hard,0,67,210,Yes,82.41
Pomegranate,2,13,6.78,77.05,24.03,Hard,1,50,288,No,90.12
Blueberry,7,29,6.03,51.26,0.7,Medium,7,7,359,No,62.07
Papaya,9,48,6.13,40.16,21.94,Medium,1,55,181,Yes,95.73
Orange,3,11,6.19,83.75,41.03,Hard,10,76,253,Yes,61.05
Banana,1,89,6.14,12.9,39.0,Hard,9,57,282,No,93.31
Pineapple,1,43,5.77,78.49,25.67,Hard,8,84,145,Yes,75.64
Grape,0,32,7.93,28.47,12.49,Soft,2,98,116,No,75.77
Grape,3,12,6.66,77.9,23.25,Medium,2,68,349,Yes,68.7
Peach,9,77,6.88,21.14,28.19,Soft,5,7,30,Yes,55.18
Lemon,8,87,7.36,56.42,49.99,Medium,2,65,242,Yes,67.35
Pomegranate,10,97,4.08,81.05,32.21,Soft,8,23,5,Yes,71.34
Kiwi,6,25,3.42,47.88,34.71,Medium,10,41,262,Yes,73.95
Grape,9,20,5.41,69.73,24.57,Hard,7,53,106,No,86.95
Grape,6,27,5.57,74.37,17.72,Hard,3,15,124,Yes,67.6
Watermelon,6,47,7.15,68.92,40.65,Medium,5,3,326,Yes,70.33
Pear,7,99,5.22,84.03,24.75,Hard,7,58,138,Yes,95.3
Grape,0,39,5.85,45.75,49.73,Hard,3,93,106,No,87.63
Pineapple,9,65,5.64,23.85,22.86,Soft,4,45,213,No,51.14
Apple,9,72,3.19,13.82,3.4,Medium,6,93,300,Yes,90.6
Orange,7,86,6.08,29.72,34.13,Hard,7,98,56,No,99.5
Blackberry,3,78,7.14,21.46,2.33,Medium,6,12,132,No,96.99
Pear,3,76,3.79,54.64,12.53,Soft,7,36,269,No,91.8
Strawberry,3,22,5.97,24.8,17.69,Medium,3,53,122,Yes,81.46
Banana,5,80,5.97,13.11,36.97,Soft,0,48,202,Yes,63.91
Pomegranate,6,47,3.82,12.88,24.71,Soft,5,74,208,No,82.72
Lemon,5,1,3.62,76.53,1.43,Soft,4,57,275,No,84.78
Papaya,0,83,7.9,57.32,30.84,Hard,10,18,90,Yes,64.08
Pineapple,7,19,4.97,38.65,20.57,Soft,3,17,190,Yes,62.77
Grape,9,58,4.14,81.54,46.09,Medium,1,59,265,No,69.85
Peach,10,45,3.86,15.62,24.98,Medium,0,16,46,Yes,82.06
Blackberry,6,2,6.34,88.43,35.45,Hard,8,10,312,No,64.65
Mango,5,54,6.05,59.3,10.94,Hard,1,14,330,Yes,77.78
Plum,5,11,6.22,24.68,38.05,Soft,8,71,40,Yes,94.96
Apple,4,39,3.44,64.33,36.05,Soft,5,92,67,Yes,64.76
Pear,5,65,7.47,71.07,45.2,Soft,5,16,113,Yes,98.3
Banana,8,99,4.95,44.35,1.69,Hard,1,89,339,No,73.67
Kiwi,9,77,4.57,78.93,22.38,Hard,5,4,62,Yes,55.05
Plum,8,15,5.31,22.06,33.96,Medium,2,60,227,Yes,52.75
Peach,9,82,4.95,32.31,4.76,Soft,6,3,174,Yes,66.93
Lemon,7,33,7.32,17.48,20.53,Soft,9,55,134,Yes,62.94
Lime,9,43,7.65,26.87,47.11,Medium,3,87,285,Yes,92.19
Papaya,8,5,4.52,29.1,21.8,Medium,8,74,275,No,86.88
Mango,9,76,7.32,83.41,49.27,Medium,4,93,114,No,94.23
Banana,7,63,6.91,16.25,2.84,Medium,9,47,108,Yes,79.46
Blackberry,7,99,7.65,44.19,35.89,Soft,2,47,143,No,71.77
Pear,0,21,4.23,52.59,29.05,Hard,0,34,57,Yes,63.53
Pear,9,17,5.88,81.9,25.03,Soft,0,32,294,No,79.16
Apple,10,11,4.37,89.82,48.54,Medium,3,99,277,Yes,80.9
Raspberry,4,51,7.12,70.27,6.48,Hard,9,20,51,Yes,69.65
Blueberry,3,93,3.03,87.66,44.8,Soft,9,4,276,No,96.83
Peach,1,50,5.82,72.97,34.56,Medium,3,63,234,Yes,82.0
Mango,7,70,4.7,87.06,12.95,Hard,8,68,242,Yes,91.87
Blackberry,2,95,4.61,66.58,45.08,Hard,7,20,258,Yes,81.02
Cherry,3,47,6.22,16.38,21.46,Hard,3,88,237,Yes,65.83
Strawberry,6,18,7.26,42.15,40.71,Soft,5,73,32,Yes,86.83
Apple,9,5,6.05,61.73,19.44,Medium,6,82,348,No,61.51
Lemon,8,83,7.27,38.06,42.55,Soft,9,31,248,No,79.83
Apple,1,26,4.32,31.87,31.83,Soft,7,17,132,No,70.12
Pomegranate,2,52,5.6,56.19,7.05,Soft,3,57,263,No,57.49
Papaya,3,100,5.25,84.68,32.48,Hard,0,97,259,Yes,70.66
Mango,9,47,3.06,12.8,9.57,Medium,4,78,281,Yes,65.51
Pineapple,0,6,5.78,71.54,20.6,Soft,0,23,250,No,55.61
Strawberry,6,58,6.31,67.82,8.51,Medium,10,4,265,Yes,91.19
Pineapple,1,68,5.96,87.12,1.1,Hard,10,52,215,No,74.93
Peach,4,10,6.68,84.46,10.59,Soft,3,95,215,Yes,67.32
Raspberry,0,14,5.86,70.98,26.82,Medium,6,72,282,Yes,75.25
Pear,2,63,3.33,51.63,24.08,Hard,6,54,320,No,87.73
Blackberry,1,2,3.58,26.34,25.07,Soft,0,4,18,No,50.91
Papaya,0,68,5.98,53.62,12.38,Soft,8,68,347,No,77.34
Cherry,6,22,4.37,71.23,34.26,Medium,1,40,2,No,73.96
Strawberry,4,52,3.4,81.65,35.21,Medium,4,97,1,No,94.65
Mango,0,36,5.15,73.18,17.9,Soft,5,6,304,No,77.8
Pineapple,5,8,5.77,25.62,44.06,Soft,0,89,363,No,56.87
Plum,4,14,4.64,57.97,32.2,Hard,1,0,216,Yes,69.43
Lime,2,2,6.6,36.57,35.65,Hard,6,51,164,No,81.05
Grape,6,92,6.22,10.74,13.87,Soft,5,97,191,No,52.3
Lime,10,69,4.66,26.02,0.03,Medium,5,25,75,No,94.23
Blackberry,9,16,6.77,19.06,43.27,Medium,5,95,26,Yes,53.39
Banana,8,25,6.24,77.42,41.12,Soft,6,62,262,Yes,51.53
Lemon,8,20,6.19,30.68,6.16,Hard,9,11,282,Yes,50.1
Mango,8,71,5.77,32.78,18.71,Soft,8,69,221,No,84.19
Apple,1,20,3.06,86.79,33.07,Medium,8,83,43,Yes,72.8
Kiwi,2,10,6.48,40.33,32.61,Soft,1,18,122,No,55.14
Blueberry,6,37,4.88,10.77,43.02,Soft,1,79,129,No,92.81
Pomegranate,4,71,7.71,32.71,7.01,Hard,4,3,265,Yes,60.14
Kiwi,1,87,7.09,19.54,21.5,Medium,9,95,283,No,66.32
Pomegranate,2,34,5.94,18.22,4.86,Medium,6,81,71,Yes,58.89
Banana,9,13,4.26,16.2,19.48,Soft,2,4,259,Yes,96.34
Mango,5,13,4.02,57.46,0.76,Medium,2,53,201,Yes,87.9
Pear,6,9,4.7,25.15,44.91,Medium,3,69,130,Yes,86.2
Plum,8,11,5.38,38.9,26.35,Medium,2,56,330,No,52.2
Mango,0,37,4.48,78.96,42.49,Medium,2,77,81,Yes,76.14
Strawberry,10,33,5.57,43.95,3.0,Hard,7,51,254,Yes,78.77
Pear,6,40,3.83,83.26,11.37,Hard,6,17,65,No,69.13
Peach,7,9,7.89,49.84,12.97,Hard,6,63,146,No,66.09
Blueberry,2,16,3.54,41.91,19.33,Hard,9,9,134,Yes,92.6
Watermelon,3,16,7.66,70.03,40.14,Hard,1,22,102,Yes,51.15
Pear,9,66,7.57,15.85,19.33,Medium,10,81,42,Yes,81.27
Banana,5,61,5.63,17.16,10.23,Soft,8,67,196,Yes,69.71
Pear,9,94,6.62,62.16,3.25,Soft,5,51,360,No,83.3
Raspberry,6,0,5.18,48.96,3.97,Hard,2,95,260,Yes,59.9
Kiwi,3,11,6.15,73.23,38.0,Medium,8,46,99,No,61.93
Raspberry,7,3,4.7,83.3,22.24,Hard,8,69,65,No,79.34
Orange,4,41,4.51,41.07,36.31,Soft,5,25,297,No,99.0
Papaya,0,12,5.89,57.71,34.11,Medium,9,69,223,Yes,98.73
Kiwi,3,97,5.49,50.06,6.77,Medium,5,98,245,Yes,62.45
Watermelon,2,84,5.9,88.53,7.14,Medium,7,42,183,No,55.12
Kiwi,8,85,4.43,76.49,37.77,Soft,7,68,149,Yes,79.52
Banana,7,3,4.83,82.94,36.06,Soft,5,62,116,No,71.0
Plum,0,81,3.42,30.35,18.9,Hard,6,77,320,No,88.08
Plum,10,68,3.26,71.8,3.87,Hard,3,65,258,Yes,76.4
Pomegranate,5,18,4.27,31.24,0.6,Soft,0,62,79,Yes,75.53
Plum,8,1,3.37,26.7,14.41,Hard,3,12,231,No,82.32
Plum,6,11,3.52,85.54,0.46,Soft,7,50,357,No,56.32
Pineapple,3,80,7.06,11.54,11.5,Medium,7,4,119,No,83.86
Watermelon,0,73,3.19,87.23,20.98,Hard,1,46,74,Yes,74.43
Raspberry,1,97,6.29,21.94,6.07,Soft,6,35,9,Yes,91.01
Kiwi,4,5,4.36,75.56,5.21,Soft,0,35,279,Yes,56.94
Plum,10,7,7.36,32.07,44.82,Soft,1,49,270,No,65.04
Pineapple,4,50,5.42,38.06,29.27,Hard,7,55,54,Yes,97.51
Raspberry,7,10,4.53,27.34,46.72,Hard,10,18,45,No,77.65
Kiwi,5,62,5.59,56.84,17.29,Medium,9,19,225,No,96.47
Pomegranate,7,56,4.91,37.85,33.86,Hard,3,21,16,Yes,84.45
Pineapple,1,11,5.82,62.59,10.23,Hard,2,30,212,No,96.32
Plum,2,72,3.57,11.25,30.92,Hard,1,61,200,No,65.89
Peach,5,1,7.98,15.15,6.48,Medium,10,43,241,No,54.53
Peach,9,7,5.13,17.97,0.1,Medium,5,67,102,Yes,90.11
Raspberry,2,10,4.74,43.52,46.58,Medium,3,66,95,No,90.22
Raspberry,5,52,6.55,75.18,27.74,Hard,2,100,185,No,80.94
Mango,5,99,4.82,81.05,46.35,Soft,2,88,136,Yes,78.98
Apple,1,9,7.17,29.58,16.69,Hard,9,48,25,No,95.75
Plum,6,84,5.27,55.95,16.39,Medium,2,100,318,Yes,58.82
Peach,1,83,6.6,71.47,20.03,Hard,7,58,333,Yes,80.83
Pear,5,7,3.54,33.11,35.3,Hard,8,3,50,No,52.49
Grape,0,35,7.23,42.72,28.29,Soft,8,38,169,No,57.04
Pomegranate,2,92,6.68,51.92,46.27,Soft,4,6,290,Yes,71.86
Mango,1,75,4.06,20.79,1.27,Hard,0,70,100,No,91.06
Watermelon,6,13,3.73,12.08,35.41,Medium,9,48,81,No,86.66
Banana,3,53,4.58,22.22,16.52,Hard,4,88,12,No,98.7
Lime,7,84,7.88,60.15,9.01,Hard,0,14,208,No,52.24
Raspberry,5,85,4.28,15.89,25.52,Hard,8,6,77,Yes,69.07
Papaya,9,20,5.28,25.18,25.25,Medium,9,46,75,Yes,57.94
Strawberry,3,49,3.15,37.03,6.85,Medium,7,67,170,No,51.85
Peach,4,93,4.99,16.23,10.09,Medium,6,97,311,Yes,63.22
Cherry,8,38,5.86,25.34,20.41,Medium,1,44,348,Yes,62.22
Lime,6,19,7.77,82.9,20.44,Medium,1,18,179,Yes,71.0
Pomegranate,9,87,5.58,11.54,15.88,Hard,3,46,88,No,57.0
Cherry,8,86,7.1,62.27,7.43,Medium,8,52,265,Yes,74.43
Strawberry,6,6,5.74,40.75,0.22,Hard,8,26,222,Yes,96.0
Kiwi,0,8,3.2,63.81,48.51,Hard,7,4,3,Yes,87.41
Orange,7,0,4.58,57.1,47.17,Hard,10,59,118,Yes,92.11
Lemon,3,25,5.88,27.88,24.18,Soft,4,76,136,Yes,90.24
Strawberry,2,37,7.75,77.78,49.75,Medium,6,61,187,No,69.48
Plum,6,37,7.3,49.36,33.68,Medium,8,58,30,No,85.45
Blueberry,2,60,4.14,75.8,3.44,Hard,2,60,67,Yes,87.71
Papaya,7,43,4.1,42.48,5.89,Soft,3,55,311,No,60.28
Blackberry,5,85,4.01,88.77,45.81,Medium,1,77,299,Yes,93.01
Raspberry,4,43,7.61,71.64,31.5,Hard,8,93,217,No,72.89
Mango,3,73,7.26,87.28,42.16,Soft,6,46,158,No,50.82
Cherry,7,61,6.87,51.15,44.91,Hard,5,47,71,No,82.17
Blackberry,7,5,4.96,47.9,22.4,Soft,4,9,318,No,83.84
Pomegranate,0,16,5.52,70.44,2.43,Hard,6,31,110,No,77.59
Raspberry,8,50,5.32,80.42,9.41,Medium,2,64,285,No,60.62
Watermelon,4,37,4.27,87.13,3.33,Hard,4,23,258,No,74.11
Orange,3,23,5.53,35.96,9.44,Hard,1,28,90,Yes,70.01
Kiwi,5,50,3.15,73.9,20.53,Soft,4,6,361,Yes,98.73
Mango,5,9,3.66,26.85,5.91,Soft,6,94,57,Yes,91.23
Orange,1,71,7.43,53.65,8.34,Medium,10,16,298,Yes,88.09
Banana,7,20,6.76,24.39,22.29,Hard,9,93,49,Yes,59.05
Blackberry,6,69,5.11,37.79,17.01,Soft,10,24,185,No,66.55
Watermelon,0,84,5.59,84.51,23.38,Medium,6,91,199,No,68.99
Orange,4,56,4.85,21.69,21.46,Medium,8,35,18,No,74.63
Mango,5,38,6.7,60.59,32.22,Soft,2,60,198,Yes,51.51
Raspberry,3,87,6.92,57.44,46.86,Soft,7,70,232,No,79.65
Blueberry,1,32,6.82,19.66,5.39,Hard,4,34,27,No,67.89
Banana,3,58,6.61,36.08,4.96,Medium,6,83,118,Yes,78.08
Apple,0,17,4.02,55.04,42.64,Soft,0,77,54,Yes,50.45
Grape,6,55,4.69,24.97,25.32,Medium,0,49,152,No,66.07
Orange,1,91,5.35,74.05,38.32,Hard,3,55,225,No,88.43
Blueberry,1,56,4.65,87.77,10.77,Soft,4,93,162,No,75.05
Watermelon,8,95,6.77,27.18,41.44,Medium,9,64,150,No,89.44
Apple,4,75,4.65,24.95,46.19,Soft,2,40,216,Yes,84.95
Blackberry,1,47,3.69,46.39,31.77,Hard,5,24,319,Yes,92.75
Papaya,10,41,5.0,69.82,5.29,Hard,2,33,348,Yes,50.37
Kiwi,8,26,7.9,32.53,44.76,Hard,4,7,340,No,63.07
Peach,8,73,4.13,11.59,39.62,Hard,10,55,317,No,77.44
Banana,0,51,6.06,53.3,37.54,Soft,0,83,338,Yes,97.05
Cherry,10,41,5.16,86.53,1.84,Soft,2,29,42,No,83.99
Plum,2,31,3.36,41.3,39.95,Medium,6,67,352,No,72.83
Pomegranate,3,25,5.44,43.61,6.9,Medium,2,20,161,Yes,56.51
Grape,6,24,6.51,87.51,11.12,Soft,4,90,74,Yes,74.66
Raspberry,9,74,5.57,65.57,28.86,Soft,6,9,25,No,72.05
Plum,3,22,7.36,67.53,13.25,Medium,1,86,303,Yes,88.92
Peach,1,97,4.44,55.02,33.07,Soft,2,32,242,No,70.67
Watermelon,6,56,3.43,87.97,30.4,Hard,3,74,173,No,65.94
Pineapple,5,51,7.68,65.11,5.41,Hard,4,82,287,No,54.49
Watermelon,2,86,4.89,81.6,32.8,Hard,8,74,159,No,52.33
Strawberry,5,92,5.88,65.95,46.2,Medium,8,3,354,No,71.96
Grape,10,30,6.96,68.81,8.06,Soft,3,22,218,No,67.34
Watermelon,5,63,4.62,33.23,29.85,Medium,8,68,115,Yes,77.77
Pear,4,70,6.58,34.28,17.09,Medium,3,52,241,Yes,85.6
Watermelon,3,32,3.68,72.64,22.98,Soft,1,4,308,No,52.0
Blackberry,9,84,4.46,33.74,14.35,Medium,9,17,212,No,74.81
Papaya,0,1,3.72,55.02,17.71,Hard,0,16,363,No,93.1
Pineapple,9,17,7.06,29.95,1.45,Soft,6,57,86,Yes,72.76
Lime,5,46,4.11,75.36,49.08,Hard,3,66,133,No,76.06
Strawberry,1,32,6.59,18.84,31.24,Hard,7,71,268,Yes,74.34
Pomegranate,2,100,7.72,76.36,25.04,Soft,7,55,277,Yes,69.49
Kiwi,7,97,5.64,58.22,19.19,Hard,7,39,265,No,55.51
Raspberry,9,83,5.7,24.95,26.97,Hard,5,86,93,Yes,56.32
Pear,5,34,5.31,53.36,19.01,Hard,8,86,91,Yes,58.95
Blackberry,2,50,4.63,32.6,18.0,Soft,3,1,145,Yes,89.63
Cherry,6,17,5.38,35.88,23.2,Soft,4,20,360,No,63.77
Blueberry,3,87,6.01,38.12,13.8,Soft,3,51,152,Yes,97.41
Apple,8,71,7.93,15.07,9.0,Medium,4,23,155,No,90.51
Orange,4,29,7.69,88.88,27.83,Hard,1,52,136,Yes,84.23
Blackberry,2,43,7.31,12.52,42.14,Medium,4,37,253,Yes,86.02
Apple,1,52,7.45,63.0,7.64,Medium,9,19,318,Yes,52.38
Strawberry,10,9,5.34,39.7,1.64,Hard,7,49,29,Yes,78.42
Cherry,1,86,6.29,61.68,12.34,Soft,8,38,83,Yes,97.05
Blueberry,2,51,7.48,38.5,48.99,Medium,6,59,330,No,51.96
Blueberry,1,48,4.96,63.9,41.44,Soft,6,90,34,No,64.55
Kiwi,3,10,7.81,68.34,29.79,Soft,5,38,316,Yes,52.58
Pear,1,65,5.08,65.24,46.46,Hard,1,70,104,Yes,78.49
Grape,9,57,6.01,19.12,22.26,Medium,9,32,233,Yes,55.81
Kiwi,8,89,6.55,62.55,49.16,Medium,10,28,237,Yes,73.96
Lime,1,35,7.75,32.4,14.82,Soft,9,73,223,No,86.0
Papaya,8,32,4.22,12.3,12.02,Hard,8,9,90,No,58.22
Raspberry,5,46,6.73,43.19,31.9,Medium,4,75,333,Yes,87.77
Apple,0,12,5.6,44.68,18.91,Soft,5,66,240,No,53.01
Lime,3,39,4.34,47.37,31.32,Soft,0,2,218,Yes,57.48
Papaya,0,88,6.88,66.39,15.25,Soft,4,76,182,Yes,64.01
Blueberry,5,67,5.76,34.71,30.9,Hard,5,30,257,No,89.8
Watermelon,3,41,6.3,35.22,13.79,Hard,9,26,232,No,92.51
Mango,2,18,4.61,14.84,2.55,Soft,10,69,189,Yes,61.02
Peach,2,81,5.41,64.95,45.61,Soft,1,26,329,Yes,54.79
Orange,8,100,6.09,55.43,44.16,Hard,6,98,344,Yes,92.4
Blueberry,5,93,5.02,37.95,48.54,Soft,3,8,255,No,82.47
Cherry,8,18,3.99,66.42,35.83,Soft,4,5,45,Yes,57.89
Lemon,4,57,7.81,52.99,34.14,Hard,2,5,316,No,77.89
Lemon,1,22,5.56,47.54,27.95,Soft,4,25,86,Yes,93.62
Lime,7,53,6.67,50.91,6.3,Soft,3,42,201,No,53.48
Pineapple,4,79,5.06,60.91,9.46,Soft,9,18,359,No,54.19
Strawberry,1,64,4.78,62.8,14.47,Hard,5,15,343,No,63.68
Papaya,3,11,5.04,33.12,44.51,Hard,1,22,212,Yes,82.61
Apple,8,23,5.05,21.26,8.65,Hard,2,74,119,Yes,58.9
Watermelon,3,33,5.72,22.53,46.14,Medium,9,79,298,Yes,90.82
Banana,3,52,5.72,61.15,26.14,Medium,0,28,155,No,87.52
Kiwi,1,7,5.49,79.83,35.78,Medium,6,37,186,No,78.05
Raspberry,5,17,3.67,42.76,5.51,Medium,8,58,197,No,55.8
Peach,10,56,5.48,23.56,13.45,Hard,1,47,337,No,99.41
Apple,1,4,3.85,70.53,47.93,Soft,6,19,201,No,74.5
Orange,6,25,3.63,76.6,13.31,Hard,2,20,266,No,72.6
Papaya,2,29,7.66,80.45,14.83,Medium,4,27,236,No,99.78
Strawberry,2,53,6.02,58.55,9.88,Hard,5,49,194,Yes,93.19
Raspberry,4,12,6.3,78.86,6.45,Soft,7,32,25,No,72.82
Pineapple,2,82,5.01,11.23,11.66,Medium,3,39,259,No,70.94
Mango,1,28,7.54,18.58,32.12,Soft,1,89,71,No,54.8
Blackberry,9,2,6.19,17.41,22.77,Soft,2,53,28,No,96.33
Banana,8,89,6.85,67.01,27.69,Soft,7,9,11,No,92.19
Mango,1,57,4.84,15.57,6.12,Medium,6,33,349,Yes,65.5
Orange,10,75,7.8,49.71,40.11,Hard,5,72,118,No,87.67
Banana,1,1,7.1,47.82,39.2,Medium,4,35,208,No,88.14
Blueberry,7,74,7.27,34.86,1.08,Medium,10,74,93,No,61.4
Pomegranate,8,27,3.86,79.63,19.18,Hard,4,73,141,Yes,80.68
Pomegranate,6,81,4.35,23.63,3.44,Hard,0,6,355,No,62.75
Mango,2,76,4.43,38.2,39.61,Hard,5,15,11,No,89.49
Apple,8,100,4.35,71.93,36.86,Hard,8,50,291,Yes,57.69
Apple,2,85,7.28,12.43,45.1,Soft,7,89,239,No,83.45
Pineapple,4,75,3.16,63.84,11.82,Medium,9,95,264,No,66.3
Pomegranate,8,1,3.38,75.31,22.81,Medium,0,60,263,Yes,51.81
Pineapple,2,100,4.37,84.58,9.22,Medium,10,30,69,Yes,56.19
Blackberry,6,6,4.0,80.1,18.56,Hard,5,31,70,Yes,82.74
Strawberry,0,25,4.16,35.55,26.11,Medium,2,44,185,No,62.0
Raspberry,3,89,6.99,56.91,2.67,Soft,5,75,124,No,81.55
Lime,3,87,5.82,16.18,35.74,Medium,8,26,222,No,70.74
Blueberry,6,75,3.03,30.63,27.16,Medium,5,21,11,No,84.64
Orange,7,15,5.15,17.54,41.45,Soft,7,14,166,No,74.65
Kiwi,0,22,5.04,35.21,13.59,Soft,5,7,91,Yes,65.43
Mango,4,39,3.57,80.01,45.17,Medium,5,67,248,No,57.29
Orange,6,59,6.38,37.77,49.93,Hard,6,7,341,Yes,67.05
Blueberry,3,72,6.51,54.95,45.96,Hard,10,86,305,No,81.74
Pear,3,31,6.6,44.67,38.89,Medium,9,15,291,Yes,87.02
Strawberry,3,14,6.64,46.71,40.62,Medium,10,47,157,Yes,58.02
Grape,5,100,3.0,87.57,28.69,Medium,3,33,88,No,83.21
Mango,6,12,7.77,33.69,9.51,Medium,7,85,228,Yes,58.96
Orange,1,4,7.07,60.19,33.85,Hard,3,86,134,No,61.09
Plum,4,74,7.52,43.61,35.64,Medium,6,56,266,No,76.57
Plum,3,73,3.08,14.89,49.27,Soft,0,4,84,Yes,64.46
Blackberry,2,51,7.67,49.15,27.07,Hard,8,100,212,Yes,83.08
Mango,6,76,7.05,75.07,13.57,Hard,9,43,218,No,97.79
Papaya,10,40,7.19,17.9,34.18,Soft,8,70,341,No,57.44
Apple,5,52,3.47,15.57,48.97,Medium,6,36,237,No,78.53
Pomegranate,6,49,6.69,22.29,8.86,Medium,7,89,151,No,96.16
Lemon,4,14,7.8,71.15,16.3,Medium,1,27,174,Yes,58.83
Mango,5,6,6.39,67.92,27.09,Medium,9,67,140,No,68.34
Grape,4,39,5.85,55.2,8.51,Medium,9,95,55,Yes,56.18
Pear,6,27,7.73,47.46,1.11,Soft,6,37,141,No,82.1
Lime,1,31,5.21,81.07,16.85,Medium,0,45,74,No,83.46
Blackberry,10,98,6.0,71.34,43.27,Soft,2,72,135,No,83.21
Orange,4,14,5.38,74.96,2.17,Soft,5,99,317,Yes,77.11
Banana,5,99,7.66,75.06,21.45,Soft,4,25,130,Yes,87.31
Lime,5,84,3.38,61.42,38.11,Medium,4,74,232,Yes,51.79
Blueberry,4,69,5.51,46.64,47.66,Medium,8,83,26,No,97.88
Mango,9,64,6.43,79.17,49.27,Hard,5,52,69,No,61.1
Peach,6,3,6.96,84.08,21.1,Hard,2,62,62,Yes,56.08
Apple,9,10,5.92,11.9,47.52,Soft,1,62,200,No,97.06
Plum,7,25,7.54,14.12,1.77,Hard,8,37,167,Yes,91.52
Cherry,6,60,7.71,86.7,37.3,Soft,9,14,116,Yes,88.24
Pineapple,4,36,3.32,32.17,32.14,Hard,3,98,139,No,55.24
Lime,0,22,5.01,79.87,12.48,Medium,10,8,232,Yes,90.38
Plum,4,92,3.12,41.1,25.37,Medium,4,96,214,No,80.45
Orange,9,84,4.65,19.53,6.48,Soft,8,74,208,No,86.6
Lime,1,90,5.68,16.44,43.58,Soft,4,21,102,Yes,98.9
Pomegranate,4,39,7.55,22.52,17.89,Medium,6,69,298,No,59.72
Watermelon,4,76,7.23,29.99,31.3,Medium,1,55,10,Yes,75.22
Peach,1,22,3.64,49.08,7.94,Medium,1,36,123,Yes,87.67
Mango,4,15,3.47,66.12,10.31,Hard,3,56,275,Yes,71.68
Raspberry,3,93,5.95,88.91,49.6,Hard,7,59,4,No,52.73
Pomegranate,0,60,5.66,45.32,37.65,Hard,1,84,259,Yes,55.57
Blueberry,2,67,4.33,51.45,48.1,Hard,9,11,209,No,80.1
Banana,0,79,7.5,51.75,14.79,Soft,6,6,266,Yes,64.25
Cherry,10,30,7.64,53.15,8.23,Soft,0,65,262,No,56.89
Raspberry,4,52,5.01,51.42,25.15,Hard,8,40,287,Yes,66.99
Orange,3,24,7.45,10.7,24.73,Soft,9,23,31,Yes,60.05
Kiwi,6,43,4.92,10.14,8.75,Hard,5,89,176,No,51.2
Papaya,4,11,6.68,17.81,36.66,Hard,10,24,9,Yes,57.59
Lime,9,89,5.38,18.12,18.09,Medium,0,61,204,Yes,94.15
Pomegranate,3,100,3.61,66.39,9.32,Hard,9,83,108,No,50.6
Cherry,1,96,7.64,26.39,16.6,Soft,5,43,124,No,88.69
Blueberry,3,91,5.27,81.58,28.18,Hard,4,1,238,Yes,87.67
Orange,1,8,6.67,84.29,36.32,Medium,4,41,130,Yes,78.21
Orange,7,11,4.84,88.07,24.09,Soft,4,98,234,No,60.42
Banana,2,68,3.09,85.13,26.28,Medium,3,32,4,Yes,93.9
Plum,8,53,3.5,31.75,6.95,Hard,6,16,220,No,73.75
Cherry,3,53,5.48,50.78,45.73,Hard,8,62,262,No,58.66
Kiwi,5,27,6.45,24.04,46.44,Hard,3,21,30,Yes,71.45
Orange,9,55,4.67,74.5,34.17,Hard,1,0,317,No,59.75
Blueberry,4,98,6.48,81.07,0.88,Soft,1,100,77,No,68.8
Pineapple,9,68,6.49,78.1,26.85,Hard,1,93,183,Yes,74.83
Lime,0,97,6.52,44.67,31.46,Medium,6,69,292,Yes,68.0
Blackberry,8,97,5.46,70.69,49.73,Soft,3,53,202,Yes,82.85
Cherry,0,76,7.57,17.81,49.8,Soft,3,13,157,Yes,96.8
Apple,7,57,5.45,13.22,42.88,Soft,0,99,100,No,67.41
Blackberry,8,77,5.25,70.26,3.19,Medium,3,96,122,No,67.79
Lime,8,74,4.0,44.03,47.66,Medium,5,52,315,No,86.92
Pomegranate,0,41,4.54,89.64,30.63,Medium,1,5,110,Yes,76.53
Mango,1,37,3.21,17.78,40.04,Medium,3,89,167,No,71.44
Blackberry,0,67,6.17,78.45,20.36,Hard,10,63,130,Yes,90.69
Blackberry,9,52,4.24,48.4,15.98,Hard,6,87,270,No,94.55
Watermelon,1,32,4.52,76.17,23.16,Medium,8,32,138,Yes,79.53
Blueberry,9,70,6.85,75.37,7.34,Medium,1,71,176,Yes,59.26
Grape,7,55,4.64,83.28,17.85,Hard,7,43,64,No,73.31
Pineapple,4,71,4.21,33.83,42.88,Hard,5,33,131,Yes,75.22
Kiwi,10,100,3.85,85.98,1.9,Medium,7,33,328,No,71.61
Raspberry,6,50,6.87,22.13,7.54,Soft,1,23,188,No,63.12
Papaya,1,73,3.65,16.56,6.26,Soft,10,1,277,No,73.62
Orange,7,42,5.27,44.53,20.15,Medium,0,7,350,No,72.33
Pineapple,10,14,5.53,76.27,49.85,Soft,6,24,147,Yes,60.47
Kiwi,5,37,6.44,47.87,8.67,Hard,8,93,335,No,95.17
Kiwi,7,14,6.17,76.34,7.27,Soft,8,31,20,No,94.27
Blueberry,0,4,7.05,68.37,45.75,Medium,1,55,314,No,87.98
Watermelon,0,92,3.22,26.75,44.1,Soft,3,93,42,Yes,70.05
Watermelon,6,82,4.48,85.91,1.61,Soft,0,6,350,No,68.52
Lemon,7,53,4.4,14.86,37.59,Soft,10,47,344,Yes,85.82
Pear,2,50,3.73,81.86,32.77,Hard,6,87,140,No,80.41
Blackberry,4,9,4.45,34.36,38.39,Hard,1,53,9,No,80.03
Strawberry,0,11,4.55,50.01,24.73,Hard,3,62,79,No,56.21
Orange,6,3,5.61,43.79,49.57,Medium,1,72,338,No,80.91
Lime,4,94,6.32,23.75,2.19,Soft,0,79,148,No,95.09
Plum,7,17,4.91,38.65,11.72,Hard,6,1,193,Yes,54.29
Lime,7,79,6.6,25.43,19.83,Hard,5,34,259,Yes,66.96
Peach,8,35,4.68,26.31,22.49,Soft,1,97,136,No,75.45
Lime,6,24,4.45,24.96,46.07,Medium,3,21,39,No,84.3
Pineapple,10,86,5.71,49.12,28.0,Soft,10,82,320,No,54.48
Lemon,0,75,3.12,73.83,2.26,Medium,2,63,287,Yes,93.64
Pineapple,2,97,3.4,55.52,20.39,Soft,2,58,150,No,52.03
Mango,7,35,5.09,81.46,20.82,Hard,2,48,352,Yes,92.88
Peach,2,100,7.71,60.92,48.27,Hard,10,51,5,No,51.38
Blueberry,7,66,6.61,65.15,29.96,Hard,3,20,236,No,57.68
Orange,0,8,3.44,63.41,31.78,Medium,0,11,236,No,90.02
Grape,4,60,7.23,45.96,35.66,Soft,0,10,314,Yes,93.01
Orange,3,52,6.66,65.15,38.5,Medium,6,53,105,No,99.11
Raspberry,4,17,6.05,15.58,31.75,Hard,4,82,207,Yes,55.79
Blackberry,7,42,7.1,78.79,11.86,Medium,2,69,239,No,76.32
Peach,9,34,5.02,72.22,43.7,Medium,8,13,319,Yes,53.86
Mango,3,62,4.11,29.62,36.61,Medium,4,32,317,Yes,57.82
Blueberry,10,97,5.56,71.44,37.09,Soft,9,76,52,No,58.72
Apple,3,77,5.74,11.01,49.83,Medium,2,25,108,Yes,53.17
Peach,2,3,5.69,27.38,40.13,Medium,8,13,357,No,94.65
Banana,6,92,5.83,15.21,41.46,Medium,0,87,33,No,56.32
Watermelon,2,40,7.74,72.42,47.57,Hard,8,47,22,No,81.47
Watermelon,2,44,7.51,70.47,7.56,Hard,4,64,307,No,81.29
Pineapple,10,49,7.38,75.09,24.89,Soft,5,45,11,Yes,59.93
Raspberry,9,78,7.01,10.36,29.03,Hard,1,54,127,No,99.92
Blueberry,4,27,7.72,50.1,16.46,Soft,7,93,50,Yes,67.37
Raspberry,4,41,3.49,66.39,41.97,Hard,2,73,198,No,95.25
Apple,5,79,4.33,22.43,38.12,Soft,0,73,17,Yes,97.41
Kiwi,7,75,5.48,61.98,36.04,Soft,6,91,44,No,97.45
Papaya,9,68,7.23,16.73,49.86,Soft,2,67,185,Yes,87.64
Blueberry,5,97,5.53,24.51,12.97,Hard,3,77,39,No,62.69
Papaya,0,0,6.74,48.06,36.77,Medium,4,11,137,No,56.03
Blueberry,7,38,3.69,62.29,27.57,Hard,0,53,279,No,78.49
Strawberry,7,95,4.26,21.67,15.65,Medium,10,63,164,Yes,68.0
Grape,8,89,6.66,24.82,8.03,Hard,10,46,31,No,91.55
Apple,8,16,3.82,26.36,44.79,Medium,8,36,340,No,87.25
Papaya,1,90,4.76,29.1,29.77,Hard,6,73,23,Yes,63.82
Orange,1,87,4.32,28.12,41.25,Soft,1,40,199,Yes,50.85
Lime,2,34,4.75,41.61,27.27,Soft,0,26,174,No,61.87
Blueberry,0,45,6.54,62.3,11.0,Soft,10,41,58,Yes,78.36
Watermelon,3,41,4.84,45.04,16.88,Medium,1,75,196,Yes,53.95
Watermelon,3,38,5.78,72.08,19.08,Medium,2,85,88,No,82.91
Banana,8,89,3.5,67.54,48.65,Soft,2,67,142,Yes,83.58
Plum,8,48,7.03,20.12,0.28,Medium,7,28,281,Yes,58.47
Watermelon,8,61,4.85,13.91,49.28,Soft,4,35,207,Yes,79.82
Pineapple,9,37,6.24,80.24,49.02,Hard,8,56,172,No,80.35
Cherry,6,22,6.63,16.39,49.81,Medium,2,77,302,Yes,73.9
Raspberry,1,21,4.05,21.87,23.83,Medium,5,11,318,No,97.66
Watermelon,9,3,7.42,11.77,48.19,Hard,3,44,275,No,55.41
Kiwi,4,48,6.08,60.27,19.78,Medium,7,19,346,Yes,70.33
Pear,3,58,5.14,56.59,1.31,Medium,0,44,48,No,94.15
Cherry,10,72,3.91,88.95,11.22,Medium,3,22,161,No,69.32
Pear,7,67,7.71,80.95,47.26,Hard,6,61,165,No,71.23
Lime,1,70,6.78,42.87,0.69,Soft,8,85,217,No,83.41
Watermelon,5,86,4.04,39.73,27.3,Soft,0,33,117,Yes,83.28
Strawberry,4,1,4.69,33.75,3.78,Hard,7,20,337,No,51.15
Kiwi,1,48,7.05,22.19,14.32,Hard,1,50,251,No,72.78
Lime,10,87,6.48,21.05,4.4,Hard,3,8,356,No,66.68
Peach,9,94,6.83,20.58,42.98,Soft,3,73,244,Yes,81.38
Lemon,0,30,5.21,19.13,29.55,Hard,7,9,247,Yes,77.79
Pineapple,7,39,6.58,29.24,45.11,Soft,10,51,73,No,82.54
Papaya,1,47,4.93,34.53,34.42,Hard,1,44,284,No,82.69
Grape,6,50,4.06,86.93,48.55,Medium,6,51,195,Yes,62.74
Banana,8,42,6.16,56.28,25.49,Soft,2,29,267,Yes,62.32
Papaya,8,97,7.88,89.01,31.94,Soft,8,63,87,Yes,68.51
Lemon,7,54,4.55,39.8,28.82,Hard,4,96,246,No,62.1
Watermelon,10,87,5.3,46.61,24.21,Medium,7,1,158,Yes,84.14
Pear,9,48,6.37,35.97,42.3,Soft,4,48,357,Yes,80.14
Raspberry,8,89,5.71,24.63,32.23,Hard,0,95,36,No,60.82
Raspberry,1,79,7.22,21.45,40.07,Medium,8,44,236,No,94.21
Peach,5,56,6.81,85.61,39.32,Soft,9,16,248,Yes,73.03
Blueberry,3,76,3.29,88.94,9.55,Hard,10,27,100,No,56.35
Peach,3,14,7.99,13.59,32.51,Medium,6,44,227,No,60.65
Grape,4,26,6.76,22.03,9.98,Soft,3,16,119,No,76.99
Plum,2,67,7.32,43.88,29.17,Soft,6,58,354,Yes,66.92
Blackberry,0,79,6.26,24.91,33.87,Medium,4,13,196,No,92.56
Orange,7,63,7.28,39.11,49.86,Hard,9,9,88,No,74.74
Blueberry,4,93,3.56,20.33,1.53,Hard,8,97,36,No,95.76
Blackberry,2,29,4.74,46.52,4.56,Medium,1,77,314,No,55.09
Lemon,9,35,7.38,31.74,3.85,Soft,3,80,28,No,83.43
Peach,6,66,4.01,38.15,19.92,Medium,5,100,39,No,94.29
Grape,6,85,3.39,17.55,41.08,Medium,10,85,322,No,64.65
Banana,0,85,6.94,44.25,42.2,Medium,4,17,5,No,56.78
Orange,8,48,7.18,88.66,36.85,Soft,0,34,141,No,72.83
Kiwi,1,75,3.81,36.31,44.84,Medium,8,47,228,Yes,98.07
Pear,4,54,7.27,80.11,16.14,Medium,8,57,9,No,81.67
Papaya,4,84,6.43,77.46,4.41,Soft,2,17,359,No,82.2
Lime,7,55,5.6,86.16,2.91,Soft,3,51,57,No,83.58
Pomegranate,7,67,7.15,73.21,42.61,Medium,3,29,283,No,51.99
Papaya,6,94,5.1,62.77,36.52,Hard,9,36,359,No,72.28
Strawberry,6,43,3.97,78.53,34.93,Medium,7,39,178,No,53.88
Blackberry,10,30,4.42,16.05,16.98,Soft,5,5,82,Yes,65.79
Pear,5,57,5.53,47.03,19.0,Soft,1,78,85,No,91.08
Pear,5,86,5.66,89.14,47.91,Soft,3,34,65,No,82.81
Mango,10,52,7.03,71.57,3.19,Hard,0,25,343,Yes,99.78
Orange,8,83,6.96,86.97,38.69,Soft,2,90,290,Yes,58.61
Banana,5,78,5.91,72.37,15.48,Hard,3,29,356,Yes,69.85
Blueberry,1,22,6.9,79.99,1.95,Soft,7,74,136,No,90.48
Mango,1,27,3.96,66.52,37.13,Soft,2,23,250,No,60.78
Grape,4,15,3.25,70.84,16.55,Medium,4,54,94,No,57.69
Pomegranate,3,36,7.37,51.85,36.11,Hard,0,77,48,No,71.38
Orange,10,20,3.38,83.94,35.38,Medium,3,86,100,No,69.19
Mango,1,78,4.23,76.0,26.74,Hard,1,8,338,No,99.01
Pineapple,2,16,6.48,77.51,38.87,Soft,3,61,194,Yes,72.81
Mango,6,36,5.05,63.84,29.05,Soft,4,17,117,No,93.05
Pomegranate,7,76,7.38,34.37,14.33,Hard,2,50,267,No,94.4
Pineapple,5,18,4.49,12.85,36.71,Medium,5,18,308,Yes,57.89
Kiwi,10,29,3.06,84.85,29.46,Hard,1,68,164,No,85.77
Plum,4,44,4.5,56.89,0.64,Hard,4,81,287,Yes,63.88
Raspberry,0,17,5.89,33.85,45.08,Hard,3,32,24,Yes,54.74
Pomegranate,7,77,4.88,21.93,27.28,Soft,4,37,96,Yes,93.74
Blueberry,2,61,5.67,76.36,43.43,Hard,8,12,254,Yes,64.62
Papaya,5,35,7.38,76.92,44.14,Soft,5,48,121,No,67.27
Pear,2,99,7.56,75.16,22.25,Medium,6,72,72,No,66.2
Blueberry,6,83,4.33,61.61,25.38,Soft,10,89,353,No,60.01
Banana,6,51,5.31,39.28,20.79,Medium,7,52,64,No,71.73
Banana,8,18,5.75,34.33,22.47,Medium,8,0,243,No,71.41
Blueberry,4,43,7.75,10.68,44.76,Medium,4,11,127,No,70.44
Blackberry,7,6,7.99,76.69,39.41,Soft,7,23,39,Yes,95.81
Watermelon,9,43,4.18,16.99,6.33,Hard,1,0,353,Yes,66.99
Lemon,9,67,6.63,60.46,30.52,Soft,9,67,77,Yes,51.52
Pear,7,33,4.89,50.33,49.8,Medium,8,6,5,Yes,58.92
Lime,0,65,3.04,52.14,29.78,Hard,1,91,140,Yes,86.07
Blueberry,4,68,3.05,84.14,39.29,Soft,4,100,252,No,79.54
Blueberry,2,54,5.3,12.53,38.45,Medium,5,68,157,No,97.59
Pear,0,9,5.44,71.87,17.52,Medium,3,38,259,Yes,84.72
Strawberry,3,95,3.11,14.16,18.59,Hard,7,31,317,Yes,59.71
Orange,7,41,6.43,13.05,36.2,Soft,9,48,237,No,56.03
Apple,2,40,4.47,44.39,25.0,Hard,2,30,75,No,76.04
Blueberry,9,76,5.8,15.05,28.53,Hard,10,78,29,No,83.26
Mango,1,68,4.5,73.13,35.65,Hard,4,2,41,No,58.28
Apple,10,9,3.84,52.37,38.88,Hard,1,46,29,No,80.08
Grape,8,9,5.04,12.32,13.58,Soft,2,14,100,Yes,93.25
Pear,9,90,4.16,13.24,7.34,Hard,7,50,320,Yes,86.38
Strawberry,4,59,5.67,59.01,14.59,Medium,10,81,58,Yes,83.21
Peach,6,50,3.99,74.49,25.38,Medium,4,84,211,No,89.47
Banana,10,20,5.54,45.02,17.11,Medium,2,73,138,Yes,55.2
Blueberry,10,7,3.79,54.37,28.42,Hard,4,20,11,Yes,60.19
Blackberry,1,64,6.35,73.99,2.67,Medium,8,89,333,Yes,51.9
Watermelon,8,91,6.77,58.84,25.49,Soft,2,40,364,No,57.25
Pear,8,77,3.55,27.98,18.4,Hard,9,2,189,No,95.66
Papaya,3,84,5.34,59.04,26.73,Hard,6,0,94,No,61.11
Lemon,3,29,3.35,60.26,21.13,Hard,7,20,342,No,83.1
Cherry,5,84,5.99,68.73,14.21,Soft,4,74,181,Yes,84.58
Orange,9,48,4.32,59.67,45.21,Hard,2,79,321,Yes,82.27
Papaya,9,8,5.64,87.54,9.24,Hard,10,98,283,No,77.7
Pomegranate,9,16,5.59,25.78,34.07,Medium,5,20,321,No,74.31
Blueberry,5,68,7.62,86.09,46.23,Medium,2,74,58,No,71.0
Raspberry,0,57,5.75,53.07,26.93,Hard,8,94,25,Yes,95.84
Pomegranate,8,56,5.91,63.76,43.82,Soft,1,48,304,No,50.48
Plum,1,61,5.01,17.96,6.24,Medium,2,64,260,Yes,52.67
Banana,4,94,7.75,40.45,24.69,Hard,6,40,213,No,74.63
Grape,8,51,6.89,71.55,22.85,Medium,9,95,115,No,66.53
Lime,3,60,4.43,66.55,0.41,Medium,7,66,188,No,70.41
Cherry,10,39,7.22,13.21,22.16,Soft,4,95,260,Yes,99.89
Apple,2,37,5.16,53.73,18.45,Hard,4,41,136,No,88.76
Orange,6,42,7.14,17.06,33.49,Medium,4,68,90,Yes,93.87
Raspberry,5,62,7.11,89.67,46.92,Hard,3,56,221,Yes,68.43
Strawberry,7,18,3.94,81.78,4.29,Soft,8,42,16,No,61.98
Mango,2,99,6.51,11.69,16.37,Soft,5,100,147,Yes,88.4
Cherry,4,49,4.45,78.69,22.2,Medium,7,11,101,No,90.38
Pomegranate,9,32,4.49,83.55,22.76,Soft,7,77,219,No,77.49
Cherry,3,12,4.48,38.28,38.74,Medium,4,63,45,No,94.8
Orange,3,77,6.63,67.56,22.17,Hard,8,50,63,No,98.37
Blackberry,3,96,4.15,45.37,1.36,Medium,1,72,350,Yes,73.55
Papaya,9,61,3.0,62.42,35.51,Medium,7,59,292,Yes,61.13
Cherry,7,92,6.58,37.23,44.24,Soft,2,70,359,No,75.86
Kiwi,5,42,3.86,35.8,25.7,Hard,6,79,66,No,99.48
Watermelon,2,48,3.52,43.95,29.06,Hard,8,27,119,Yes,64.65
Blackberry,9,35,4.19,21.65,8.15,Medium,10,70,234,Yes,80.88
Pear,4,9,4.9,76.49,11.03,Hard,4,13,8,Yes,84.7
Cherry,5,94,5.38,37.9,11.76,Hard,10,31,195,Yes,60.7
Raspberry,4,5,3.22,42.01,21.54,Medium,7,7,227,No,79.42
Strawberry,5,56,7.85,81.52,46.41,Medium,3,26,27,Yes,65.73
Blackberry,7,0,6.58,49.73,26.09,Hard,0,49,290,Yes,92.71
Orange,6,70,4.62,53.54,9.6,Medium,0,58,28,No,85.74
Lemon,4,57,4.59,86.52,13.3,Soft,5,56,159,No,91.31
Strawberry,9,90,5.24,80.94,19.2,Hard,7,2,145,Yes,59.98
Lemon,5,20,6.13,23.56,31.16,Medium,9,26,234,No,51.73
Apple,3,91,3.73,47.86,22.0,Hard,1,93,108,Yes,92.53
Plum,8,79,3.94,87.7,19.62,Hard,10,33,203,No,69.34
Banana,3,55,7.3,39.79,28.24,Soft,3,25,265,Yes,58.99
Orange,0,86,4.28,39.73,12.09,Soft,2,100,313,No,54.59
Plum,6,19,4.9,25.6,3.95,Hard,8,39,301,Yes,75.83
Peach,6,53,7.36,19.15,1.22,Soft,2,85,11,No,57.51
Mango,3,24,6.32,69.22,12.56,Medium,10,31,325,Yes,78.33
Kiwi,2,27,4.71,71.6,4.58,Hard,7,40,95,No,86.37
Pineapple,7,4,6.42,87.52,16.82,Soft,6,1,130,No,76.75
Banana,4,20,3.1,71.87,38.65,Hard,0,71,103,No,95.18
Cherry,9,17,6.68,29.47,35.81,Hard,7,6,273,No,57.78
Banana,6,46,5.44,13.21,30.55,Medium,8,18,110,No,74.7
Pear,3,69,7.07,88.83,42.63,Medium,7,32,292,Yes,58.16
Raspberry,3,56,7.77,37.24,14.1,Medium,9,1,131,No,93.8
Grape,7,92,7.63,34.96,44.25,Soft,9,66,191,No,96.61
Blueberry,7,18,7.55,82.48,19.96,Soft,0,91,299,Yes,70.0
Blackberry,1,96,5.56,56.81,20.04,Soft,10,77,93,Yes,65.29
Blackberry,1,64,4.8,27.19,20.27,Medium,10,14,289,No,63.97
Plum,2,2,5.33,81.13,4.9,Hard,6,20,206,No,92.99
Blackberry,2,41,6.45,89.47,48.77,Medium,8,77,358,No,84.12
Pomegranate,0,20,7.42,16.93,6.93,Soft,4,58,29,Yes,94.03
Lime,2,98,4.03,78.98,17.04,Soft,1,81,187,No,55.88
Pineapple,5,39,7.59,41.24,15.97,Soft,7,38,337,Yes,73.8
Cherry,7,66,7.08,51.93,3.73,Medium,8,19,177,Yes,83.81
Raspberry,9,24,7.89,83.19,7.61,Soft,6,0,331,Yes,94.85
Cherry,5,54,7.4,87.87,2.24,Medium,4,72,156,No,69.1
Mango,4,83,4.4,30.97,14.62,Hard,7,8,246,No,65.65
Kiwi,3,51,3.53,27.03,43.33,Medium,5,50,199,No,95.65
Banana,2,43,3.56,16.44,16.97,Soft,3,37,109,No,52.38
Pomegranate,3,97,4.46,54.94,6.18,Hard,0,92,360,Yes,73.98
Plum,6,84,6.07,11.09,32.28,Soft,5,14,72,No,72.93
Grape,0,55,7.02,42.95,49.83,Hard,7,83,221,Yes,57.3
Apple,6,54,7.5,15.87,11.62,Soft,2,40,281,No,69.75
Mango,0,86,6.12,42.42,13.98,Medium,6,93,214,Yes,86.13
Orange,1,69,3.03,13.19,48.59,Soft,6,46,75,No,68.34
Kiwi,3,76,3.93,76.82,8.94,Medium,8,25,242,No,65.48
Raspberry,0,86,3.5,26.78,25.56,Medium,0,53,150,Yes,89.09
Lemon,10,72,4.82,36.26,11.98,Hard,4,69,323,No,99.44
Kiwi,10,80,5.51,79.6,46.62,Medium,7,38,178,No,88.97
Plum,10,65,3.22,69.7,49.08,Medium,2,16,176,Yes,92.32
Grape,8,18,4.74,27.52,40.73,Medium,4,69,104,Yes,96.98
Papaya,5,82,3.9,15.75,15.74,Hard,0,91,119,Yes,90.09
Papaya,0,6,6.24,67.25,20.17,Soft,8,8,200,Yes,99.02
Pear,0,62,5.32,41.26,12.12,Soft,3,90,70,No,87.36
Mango,5,41,5.48,71.29,44.54,Medium,4,98,57,No,83.08
Pomegranate,3,41,5.14,45.62,45.73,Medium,2,45,66,Yes,84.67
Lemon,3,58,7.78,37.68,20.94,Soft,1,5,58,No,95.0
Lime,10,19,4.07,46.1,32.83,Medium,6,67,117,No,84.15
Peach,5,72,5.58,69.88,8.28,Soft,10,15,307,Yes,88.06
Blueberry,10,16,6.68,82.18,21.75,Hard,4,86,21,Yes,60.8
Blueberry,6,26,5.78,13.98,31.57,Medium,10,86,79,No,95.63
Pineapple,8,46,7.65,51.93,19.27,Medium,9,28,312,No,72.36
Pear,9,1,4.89,12.63,17.88,Soft,2,40,354,Yes,58.05
Raspberry,4,62,5.32,47.47,0.05,Soft,1,67,47,Yes,89.99
Apple,8,61,3.44,80.82,40.21,Hard,9,61,171,Yes,67.82
Peach,3,99,6.04,38.93,44.47,Medium,5,39,84,No,59.21
Blackberry,9,18,4.44,84.6,48.47,Soft,9,61,108,Yes,62.81
Orange,1,16,3.8,60.45,35.96,Hard,5,23,287,Yes,51.75
Blueberry,2,68,5.72,84.73,27.44,Soft,2,5,271,No,54.53
Strawberry,10,38,5.66,70.57,13.46,Soft,8,39,176,Yes,79.63
Grape,0,81,3.38,18.27,49.96,Hard,0,69,318,Yes,93.31
Watermelon,5,70,6.49,28.49,29.49,Hard,2,57,70,Yes,72.43
Peach,5,80,6.12,41.53,34.06,Hard,0,13,166,No,81.3
Lemon,0,38,3.95,23.61,34.12,Hard,6,77,343,No,90.49
Kiwi,10,35,5.35,49.59,42.26,Hard,1,44,58,Yes,67.84
Banana,2,39,6.6,47.71,0.48,Hard,10,98,245,No,82.72
Orange,4,44,5.65,86.5,11.01,Medium,10,5,45,Yes,67.52
Apple,2,3,4.98,44.7,33.28,Hard,3,22,172,No,82.14
Orange,9,24,4.61,72.85,44.76,Medium,3,61,264,No,60.88
Pear,2,68,6.05,85.35,34.27,Soft,7,83,66,Yes,98.89
Plum,9,29,7.7,80.16,20.67,Soft,10,16,327,Yes,53.81
Papaya,2,75,6.36,26.69,18.08,Hard,3,83,189,No,75.26
Banana,4,67,3.37,49.68,36.9,Soft,2,69,273,No,64.31
Papaya,4,87,5.3,37.82,37.06,Hard,9,27,71,No,80.04
Plum,3,28,7.45,41.99,30.35,Hard,2,12,353,No,71.42
Pear,0,72,3.47,38.86,14.57,Medium,4,28,36,Yes,65.33
Blueberry,4,67,7.94,76.11,46.26,Soft,5,44,239,No,62.5
Grape,9,50,7.75,46.17,27.59,Hard,6,19,68,Yes,59.12
Grape,4,23,3.39,51.9,39.52,Soft,4,57,108,Yes,89.14
Mango,3,13,7.67,88.6,10.72,Medium,6,80,208,No,61.11
Kiwi,5,68,4.82,14.8,17.2,Soft,3,53,277,No,88.68
Blackberry,9,17,7.22,49.04,43.73,Medium,4,98,210,No,74.25
Raspberry,3,41,5.09,71.92,2.51,Medium,5,63,302,Yes,53.61
Mango,6,56,5.2,22.09,25.62,Medium,8,51,348,Yes,58.27
Orange,6,82,6.17,58.92,24.09,Hard,5,100,107,No,94.65
Cherry,1,11,6.87,29.16,37.56,Hard,9,42,16,No,80.14
Pear,2,81,3.17,79.39,14.09,Soft,10,86,239,No,59.22
Strawberry,0,16,5.97,36.17,10.95,Hard,0,17,222,Yes,85.19
Grape,7,29,3.93,36.33,46.31,Hard,10,99,256,Yes,91.16
Raspberry,8,87,4.73,57.86,28.59,Soft,6,83,301,No,66.53
Lemon,3,74,4.74,24.69,5.23,Medium,10,53,145,Yes,77.83
Apple,5,98,5.35,32.79,9.65,Medium,10,59,164,Yes,64.67
Papaya,8,22,4.67,43.33,49.94,Soft,2,70,12,Yes,54.0
Banana,5,80,3.54,38.29,9.78,Hard,5,99,50,Yes,69.98
Mango,8,0,3.73,51.99,30.52,Soft,1,0,315,No,87.57
Raspberry,3,78,3.17,57.97,21.01,Soft,6,36,360,No,72.93
Grape,7,31,5.35,55.33,44.28,Hard,0,48,12,No,70.26
Kiwi,8,8,7.77,62.33,37.76,Soft,1,34,190,Yes,68.3
Cherry,3,14,3.58,34.62,29.85,Hard,8,66,296,No,72.95
Orange,4,27,7.73,20.11,0.54,Hard,8,34,93,No,65.91
Mango,7,23,6.67,70.86,43.99,Soft,6,92,130,Yes,80.61
Banana,9,59,6.19,78.06,22.23,Medium,1,8,349,Yes,53.18
Kiwi,5,34,6.23,30.56,46.58,Hard,4,36,364,Yes,90.37
Banana,6,85,7.13,42.57,24.78,Medium,3,59,341,No,58.66
Peach,2,26,3.53,49.89,34.71,Hard,1,55,214,No,81.67
Blackberry,6,82,5.52,52.67,3.46,Medium,1,88,330,Yes,72.49
Banana,7,75,6.49,62.76,37.26,Soft,9,11,287,No,88.67
Plum,9,19,5.93,13.33,16.9,Hard,7,70,175,No,91.31
Watermelon,5,64,7.16,67.72,17.57,Soft,4,70,201,Yes,60.21
Lemon,9,84,3.36,14.96,5.93,Soft,7,3,105,Yes,83.86
Blueberry,8,48,6.45,47.46,7.34,Soft,1,60,231,No,59.5
Strawberry,5,0,5.67,76.21,9.29,Hard,1,44,98,No,56.2
Pineapple,8,9,4.9,46.1,16.41,Soft,10,94,103,Yes,96.51
Blackberry,3,46,4.7,21.93,44.6,Soft,10,49,41,Yes,58.22
Peach,7,58,6.1,88.8,18.41,Hard,2,49,151,Yes,61.41
Apple,10,95,7.45,81.14,36.22,Soft,10,73,268,Yes,56.52
Grape,3,61,5.48,71.71,4.14,Hard,9,47,327,No,73.51
Watermelon,1,85,7.12,42.92,29.55,Soft,7,22,352,No,95.98
Blackberry,9,17,5.01,24.71,24.09,Medium,7,89,278,No,63.2
Raspberry,10,45,3.51,85.31,48.9,Soft,2,86,56,No,77.09
Blackberry,8,31,3.31,52.59,42.31,Medium,0,92,16,No,70.57
Blackberry,4,26,3.26,78.19,22.74,Hard,6,7,222,Yes,66.8
Apple,3,91,4.9,37.37,38.76,Medium,3,82,179,Yes,78.61
Papaya,1,17,4.69,36.82,9.65,Hard,2,28,134,Yes,77.94
Cherry,0,38,6.59,88.84,28.12,Soft,4,42,258,Yes,67.97
Orange,10,48,6.71,51.75,3.73,Medium,5,52,62,No,92.53
Peach,6,92,3.25,21.26,17.4,Soft,0,5,123,No,52.66
Blueberry,5,81,4.11,27.57,11.29,Medium,8,92,42,Yes,54.26
Pomegranate,1,43,4.37,48.56,35.95,Hard,5,23,299,No,99.54
Plum,7,71,5.74,13.4,24.5,Hard,2,73,52,Yes,87.38
Blueberry,10,53,3.72,47.0,37.55,Hard,0,13,312,No,90.2
Lime,3,94,3.67,43.52,25.76,Hard,8,51,67,No,80.14
Lemon,7,33,7.72,72.35,4.32,Soft,1,69,59,No,70.99
Lemon,6,70,7.02,38.4,36.77,Soft,9,3,304,No,81.46
Pineapple,4,35,3.9,88.6,41.66,Soft,5,57,35,No,54.63
Pineapple,9,17,5.03,24.46,45.18,Soft,5,78,136,No,87.89
Lime,9,37,4.78,57.28,28.6,Soft,2,36,76,No,77.04
Cherry,7,58,6.96,17.18,37.68,Hard,10,47,242,Yes,97.84
Apple,8,8,5.55,68.71,37.6,Soft,5,38,288,Yes,81.87
Pomegranate,4,72,3.64,89.58,7.79,Soft,1,91,221,No,57.58
Blackberry,9,71,6.69,75.53,8.21,Soft,7,65,301,Yes,73.88
Lime,4,50,4.98,54.46,3.54,Hard,0,12,85,Yes,52.89
Pear,1,34,4.31,48.78,16.0,Hard,5,65,123,Yes,87.27
Lemon,4,81,4.88,76.8,23.68,Hard,0,59,195,Yes,75.09
Pomegranate,2,4,5.49,84.88,49.89,Hard,8,40,102,Yes,68.48
Orange,6,13,4.72,89.14,21.55,Soft,8,31,283,No,98.43
Blueberry,9,91,4.21,41.72,36.31,Soft,5,51,3,No,97.03
Banana,4,29,4.99,89.27,34.67,Medium,5,4,313,No,97.64
Banana,7,3,3.1,22.47,10.22,Soft,8,66,247,Yes,61.05
Watermelon,0,38,6.86,30.28,2.93,Hard,4,65,148,Yes,86.43
Strawberry,2,83,3.85,17.12,27.3,Hard,8,77,199,No,97.27
Plum,2,63,3.22,31.74,35.02,Soft,4,51,121,Yes,78.54
Pear,8,24,6.27,71.44,49.91,Medium,3,48,169,No,60.71
Peach,4,27,6.87,78.23,17.93,Hard,1,28,1,No,90.89
Kiwi,8,75,7.07,72.31,44.82,Medium,1,37,330,Yes,94.0
Mango,8,65,5.47,60.49,19.1,Hard,0,69,109,Yes,85.16
Pear,0,77,4.03,51.12,34.47,Hard,9,97,327,Yes,64.68
Blueberry,1,21,6.69,66.7,29.91,Soft,2,7,10,No,59.53
Blueberry,4,30,6.5,41.27,2.65,Hard,0,58,127,No,81.21
Pineapple,3,22,4.23,77.3,3.92,Medium,5,54,157,No,74.14
Blackberry,9,47,7.52,64.18,1.04,Medium,10,1,231,No,83.44
Raspberry,8,19,3.52,65.82,18.54,Soft,6,25,15,Yes,55.58
Pomegranate,6,37,7.91,52.87,37.29,Hard,8,62,275,No,56.8
Raspberry,5,54,7.3,80.82,8.64,Medium,6,16,46,Yes,68.14
Blackberry,6,67,6.44,30.16,30.29,Soft,3,58,274,No,62.94
Pineapple,0,78,7.69,40.49,14.44,Medium,3,87,106,No,80.97
Lime,0,87,6.61,72.21,39.85,Soft,7,94,3,No,68.38
Cherry,7,88,3.95,49.42,39.92,Medium,3,15,326,No,84.2
Blackberry,1,0,5.21,81.14,38.77,Hard,0,57,253,No,88.44
Blueberry,9,6,3.36,37.71,26.24,Medium,8,63,22,No,59.36
Grape,10,56,4.95,39.55,14.23,Medium,2,49,55,Yes,95.99
Grape,8,94,6.71,81.1,40.47,Soft,0,84,297,No,89.36
Pineapple,6,11,4.93,47.15,9.31,Soft,8,25,110,Yes,81.34
Peach,5,4,4.65,51.29,14.49,Soft,10,16,223,Yes,95.45
Grape,0,49,5.98,36.62,9.2,Medium,10,45,248,No,63.29
Pear,0,41,7.36,32.13,33.71,Soft,9,67,136,No,71.09
Plum,1,11,3.24,62.48,34.31,Hard,9,49,321,No,54.29
Peach,5,17,4.93,19.59,32.63,Soft,4,42,246,Yes,72.81
Pineapple,5,65,3.79,80.34,20.78,Soft,8,47,70,Yes,75.32
Blackberry,1,73,6.48,72.34,5.01,Hard,2,67,18,Yes,80.8
Strawberry,0,78,3.53,25.26,45.56,Soft,5,18,186,Yes,53.2
Kiwi,9,93,6.32,65.52,25.39,Soft,10,24,117,No,51.62
Pineapple,4,16,4.43,58.21,20.35,Medium,10,71,257,Yes,70.99
Kiwi,4,67,3.99,24.76,29.44,Medium,6,17,278,Yes,59.46
Lemon,1,70,7.68,31.86,9.64,Soft,4,50,95,Yes,87.94
Apple,5,61,3.09,42.72,6.63,Hard,7,17,115,Yes,83.44
Blackberry,8,40,5.19,65.94,20.28,Soft,9,57,62,No,66.29
Raspberry,1,94,3.11,61.1,11.36,Soft,5,63,275,No,52.29
Lemon,9,33,5.42,52.58,12.21,Soft,5,70,315,No,59.12
Peach,1,69,5.51,71.47,44.63,Medium,6,56,124,No,84.58
Apple,2,44,4.61,70.64,26.54,Hard,7,16,80,No,99.51
Kiwi,6,57,3.66,59.43,24.17,Hard,1,58,147,Yes,66.32
Mango,5,50,4.88,72.96,34.47,Hard,6,66,22,Yes,90.1
Pear,7,33,6.36,36.74,47.58,Medium,8,85,83,Yes,93.35
Kiwi,7,43,6.91,80.5,5.61,Medium,0,14,324,Yes,52.41
Mango,5,14,5.65,59.19,41.68,Soft,0,94,5,Yes,95.81
Cherry,10,77,5.95,75.79,29.2,Medium,6,99,261,No,73.31
Grape,9,69,4.0,53.7,7.31,Soft,4,25,280,Yes,98.21
Lemon,2,49,4.44,27.48,14.86,Medium,0,47,129,No,76.93
Plum,2,100,3.81,53.39,24.12,Soft,0,13,114,No,61.76
Papaya,0,31,4.25,39.69,34.56,Medium,1,80,284,No,98.73
Orange,6,66,4.12,65.8,12.13,Hard,10,8,47,Yes,62.17
Grape,4,2,5.6,48.06,26.74,Soft,9,6,341,Yes,94.12
Blackberry,3,85,5.81,76.89,34.23,Medium,8,90,188,Yes,58.66
Grape,9,85,7.72,64.25,22.44,Medium,2,91,19,No,83.74
Raspberry,3,73,3.98,64.76,43.15,Soft,8,54,87,No,70.56
Strawberry,3,50,6.21,27.37,43.47,Medium,5,11,142,Yes,98.6
Pear,5,66,7.09,88.74,23.53,Hard,9,16,251,No,59.24
Grape,7,75,5.8,77.33,48.65,Soft,5,72,326,No,70.44
Pineapple,7,92,4.28,73.12,3.78,Soft,6,7,8,No,81.99
Plum,4,47,4.31,36.42,0.17,Soft,9,90,37,Yes,98.88
Apple,5,16,3.2,52.85,19.03,Soft,10,41,86,No,65.19
Grape,3,6,4.53,20.97,30.05,Soft,7,75,72,Yes,69.84
Raspberry,10,12,6.72,53.08,31.46,Hard,10,36,266,Yes,73.09
Plum,8,65,3.24,21.67,23.82,Soft,2,19,67,No,62.64
Peach,7,3,4.1,54.24,6.24,Hard,7,0,141,No,90.87
Strawberry,9,9,6.53,61.9,8.52,Hard,5,8,295,No,54.6
Raspberry,9,87,6.91,41.22,42.61,Hard,5,23,64,Yes,85.24
Pomegranate,0,16,5.28,49.88,43.4,Soft,10,33,30,Yes,76.7
Lime,1,51,6.49,80.05,33.69,Hard,2,35,45,No,62.1
Pineapple,8,5,4.94,18.69,33.21,Soft,5,3,134,No,74.64
Pineapple,7,82,3.8,73.34,29.88,Hard,10,28,16,Yes,91.5
Lemon,2,68,4.99,23.66,10.15,Soft,7,86,278,No,72.27
Raspberry,7,95,5.9,12.94,21.41,Medium,6,98,219,Yes,56.09
Watermelon,0,73,7.74,24.85,34.79,Medium,9,15,277,No,52.04
Blueberry,9,8,3.34,71.2,26.86,Hard,9,7,221,No,88.89
Pomegranate,3,90,5.54,42.41,0.93,Medium,6,90,193,No,66.52
Grape,2,76,4.64,79.8,47.68,Hard,2,38,158,Yes,96.56
Blackberry,5,82,5.54,51.98,42.24,Hard,9,57,24,No,80.86
Pineapple,6,20,3.12,11.78,13.03,Hard,2,11,320,No,71.81
Blackberry,3,23,4.57,67.34,30.82,Medium,4,43,141,Yes,78.22
Pineapple,6,3,7.1,18.82,46.16,Hard,4,3,222,Yes,72.86
Blackberry,8,23,5.77,73.15,4.8,Medium,8,24,26,Yes,95.29
Blueberry,10,58,5.25,23.45,25.15,Medium,8,69,98,Yes,72.9
Orange,1,98,4.43,37.64,22.81,Soft,9,66,276,Yes,55.2
Watermelon,10,2,4.49,70.9,20.51,Medium,4,38,61,Yes,79.85
Pineapple,2,67,4.92,86.34,41.78,Soft,4,23,243,Yes,81.15
Raspberry,4,100,7.18,39.71,19.03,Hard,5,84,9,Yes,88.27
Pear,2,39,7.84,76.35,3.18,Hard,7,5,357,No,96.66
Pomegranate,10,47,5.19,25.26,3.29,Soft,5,96,272,No,72.15
Strawberry,7,53,4.97,74.57,2.14,Hard,10,71,260,No,67.6
Blueberry,9,34,7.23,62.6,20.46,Soft,5,32,32,No,74.54
Pomegranate,7,94,5.13,25.42,35.92,Soft,8,47,340,Yes,95.01
Watermelon,7,55,5.76,34.2,10.19,Hard,0,66,93,Yes,99.0
Lime,8,88,4.15,20.54,32.32,Soft,3,1,128,Yes,98.56
Blueberry,3,39,6.72,40.64,34.35,Soft,9,37,237,Yes,61.48
Mango,4,76,5.66,26.29,12.76,Soft,9,39,17,Yes,74.84
Blackberry,4,67,7.05,61.52,30.03,Hard,1,55,41,No,62.97
Papaya,7,45,6.9,89.56,34.24,Hard,8,87,301,No,68.4
Lime,6,77,4.08,10.96,23.33,Hard,2,20,272,Yes,51.58
Pear,8,12,6.58,53.27,16.84,Hard,9,81,276,No,58.03
Pomegranate,7,26,7.0,55.89,30.96,Hard,10,34,42,Yes,69.85
Grape,1,5,4.73,83.14,48.89,Medium,1,74,266,Yes,68.24
Blackberry,9,16,3.86,50.48,21.34,Medium,7,74,52,No,63.94
Watermelon,3,35,3.01,53.5,19.59,Soft,3,66,188,No,61.52
Lemon,5,98,5.25,47.73,23.21,Medium,10,59,151,Yes,87.45
Pear,1,80,4.76,31.51,3.81,Hard,1,22,244,No,64.73
Pear,6,1,5.77,14.48,27.66,Hard,3,64,289,Yes,85.33
Orange,2,76,3.94,42.69,16.43,Hard,6,62,127,Yes,68.43
Strawberry,2,51,7.3,14.21,6.07,Soft,6,22,205,No,90.1
Grape,10,65,4.29,54.04,23.31,Soft,0,85,306,Yes,58.36
Watermelon,1,51,4.13,34.58,0.17,Soft,0,41,357,Yes,57.88
Watermelon,10,91,5.4,52.69,20.09,Soft,2,93,100,No,83.98
Pomegranate,7,42,5.49,20.74,5.29,Soft,1,63,344,Yes,95.75
Pineapple,5,89,4.08,84.61,1.21,Soft,2,65,79,Yes,57.15
Blackberry,0,21,4.36,81.56,41.22,Medium,3,80,183,No,53.69
Papaya,0,54,3.85,25.2,45.81,Hard,6,40,98,No,96.73
Lime,6,66,6.59,37.48,10.38,Medium,1,19,68,No,55.87
Pear,7,98,6.85,59.08,26.96,Soft,6,8,334,Yes,62.52
Pomegranate,4,59,5.31,17.65,13.9,Hard,4,56,28,Yes,96.47
Pomegranate,10,57,6.57,38.37,24.68,Hard,7,74,29,No,90.15
Banana,4,11,6.68,30.09,21.83,Hard,7,16,338,No,67.14
Orange,3,87,3.69,83.24,13.45,Medium,4,77,122,Yes,97.73
Mango,5,68,7.83,78.2,35.02,Hard,9,81,212,No,78.4
Watermelon,5,83,7.11,56.39,6.32,Soft,7,17,176,Yes,53.61
Apple,2,38,4.02,51.63,2.65,Soft,8,62,105,Yes,85.15
Blackberry,8,12,3.93,84.46,38.38,Medium,6,71,72,No,76.86
Strawberry,10,40,3.63,84.59,33.3,Medium,5,92,110,Yes,78.63
Lime,6,56,3.69,87.55,24.93,Soft,6,71,113,No,99.71
Papaya,0,52,6.74,20.03,23.39,Medium,6,25,232,Yes,57.63
Pineapple,6,11,5.35,22.84,24.87,Hard,2,91,43,Yes,82.84
Grape,4,12,6.91,64.14,21.85,Medium,5,71,265,Yes,72.94
Peach,4,73,6.73,53.31,19.64,Hard,5,83,296,No,63.59
Papaya,1,96,6.02,11.48,24.98,Hard,10,71,46,Yes,84.68
Blackberry,3,56,6.43,14.96,26.43,Hard,8,77,58,Yes,83.41
Lemon,5,39,3.09,81.05,34.6,Hard,0,12,225,No,92.82
Apple,9,79,4.56,79.51,35.56,Hard,6,16,140,No,93.94
Mango,10,44,6.19,38.58,18.88,Soft,0,25,101,Yes,78.09
Plum,6,34,3.05,81.28,20.68,Soft,9,5,281,No,66.28
Pomegranate,10,2,3.16,57.49,18.68,Soft,3,80,238,Yes,76.48
Raspberry,4,4,7.26,74.47,26.83,Hard,6,3,89,Yes,67.96
Kiwi,8,89,6.42,44.19,22.67,Medium,5,88,246,Yes,63.87
Pomegranate,2,10,4.33,19.07,44.48,Medium,5,6,179,Yes,77.58
Apple,0,70,6.44,44.7,34.82,Hard,4,16,231,Yes,82.9
Pear,3,55,6.96,46.58,44.93,Medium,10,85,99,Yes,79.53
Blackberry,8,9,4.53,54.08,35.46,Hard,6,91,215,No,97.72
Banana,3,33,3.18,18.45,48.55,Medium,8,49,200,Yes,64.93
Kiwi,1,66,7.66,89.31,31.79,Hard,5,5,256,Yes,68.62
Banana,9,71,4.73,29.53,48.18,Medium,9,29,195,No,83.38
Pear,4,30,3.53,25.88,7.91,Medium,6,73,24,Yes,80.02
Apple,2,74,5.46,52.14,2.62,Soft,8,55,363,Yes,50.09
Apple,8,70,6.84,52.98,28.96,Medium,6,38,270,Yes,65.61
Lemon,3,65,4.11,45.19,49.17,Medium,5,13,278,Yes,62.69
Pear,5,69,4.35,71.75,20.88,Hard,2,53,226,No,92.0
Raspberry,1,40,4.21,51.33,10.6,Medium,0,21,228,Yes,93.31
Pear,5,62,7.96,58.78,26.08,Medium,9,56,128,No,64.19
Blueberry,2,31,3.99,67.9,32.44,Medium,8,40,31,No,55.1
Lemon,8,19,5.88,12.0,15.76,Medium,6,89,341,No,60.26
Peach,10,56,7.63,55.65,35.74,Medium,2,9,251,Yes,58.83
Banana,1,97,3.73,80.74,48.76,Soft,9,1,58,Yes,61.87
Banana,8,49,7.85,11.39,44.85,Medium,8,66,325,No,61.73
Watermelon,4,79,7.74,42.41,14.58,Hard,2,47,147,No,73.99
Papaya,7,24,7.42,84.1,16.34,Hard,2,41,106,Yes,65.98
Watermelon,1,11,4.07,38.25,18.58,Medium,6,10,85,Yes,77.99
Peach,5,70,6.17,46.7,19.73,Medium,1,73,2,Yes,67.21
Orange,2,38,6.8,88.52,5.02,Medium,9,11,303,Yes,90.73
Plum,9,16,7.93,25.95,38.1,Soft,6,13,53,Yes,97.54
Grape,4,44,3.9,15.22,18.27,Hard,6,29,222,No,70.2
Grape,7,10,6.83,78.75,43.99,Soft,0,59,25,No,52.47
Peach,9,69,4.69,79.48,46.35,Soft,9,76,35,No,61.98
Lime,0,22,3.88,47.77,1.22,Medium,10,29,157,Yes,55.09
Orange,4,90,5.11,51.14,49.43,Medium,1,37,343,No,67.24
Raspberry,2,69,6.97,76.86,35.5,Hard,4,74,145,Yes,82.26
Blackberry,3,37,5.32,69.08,26.02,Medium,3,64,336,No,75.95
Watermelon,1,1,5.69,31.21,19.48,Hard,2,90,278,Yes,62.14
Papaya,8,85,7.98,11.35,25.93,Soft,9,46,294,No,88.36
Apple,2,83,5.0,48.38,16.23,Hard,10,38,343,No,56.57
Peach,1,88,6.08,78.71,31.13,Hard,7,48,277,Yes,61.41
Peach,9,78,4.83,81.67,4.65,Hard,6,100,179,Yes,83.8
Apple,10,92,4.96,86.5,31.06,Soft,8,72,280,No,59.86
Blackberry,8,71,6.48,80.37,13.77,Soft,2,57,352,No,83.94
Cherry,6,36,7.69,56.4,0.88,Medium,9,89,301,Yes,98.85
Lime,5,48,5.71,45.57,27.64,Medium,0,88,197,Yes,91.57
Pomegranate,0,51,6.84,71.99,28.92,Hard,8,16,225,Yes,58.0
Papaya,4,32,3.45,69.19,21.33,Hard,8,5,47,No,76.02
Raspberry,10,21,4.06,53.05,3.61,Soft,0,14,185,No,71.12
Strawberry,10,4,5.51,16.99,44.67,Soft,7,66,162,Yes,99.58
Pear,2,17,3.1,84.09,30.57,Soft,9,94,131,No,98.22
Banana,0,37,4.26,46.45,5.79,Hard,0,27,295,Yes,56.36
Watermelon,3,36,5.59,39.07,25.55,Hard,5,72,92,No,95.44
Mango,1,93,3.07,60.37,24.86,Soft,8,43,75,Yes,59.67
Cherry,1,94,4.32,63.91,3.02,Hard,2,17,138,Yes,65.97
Papaya,2,63,5.57,26.86,30.34,Soft,5,31,168,No,67.67
Plum,7,9,5.87,76.96,40.42,Medium,2,82,258,Yes,64.34
Pineapple,7,78,7.63,33.19,37.45,Soft,10,68,238,Yes,92.66
Pomegranate,6,41,6.23,24.93,10.15,Hard,4,43,45,No,66.5
Strawberry,5,47,5.07,42.51,43.11,Hard,10,69,309,No,90.84
Blueberry,8,43,7.65,68.44,17.13,Hard,6,62,137,No,99.72
Cherry,3,81,6.92,87.24,47.33,Hard,10,75,103,No,92.04
Cherry,0,86,4.0,74.74,3.59,Soft,9,57,129,Yes,67.31
Cherry,7,96,3.65,85.23,24.31,Soft,3,46,161,Yes,85.56
Pear,6,15,6.38,21.25,29.86,Medium,3,16,38,Yes,76.7
Grape,6,53,5.8,15.69,12.38,Soft,6,38,57,Yes,89.33
Watermelon,2,34,6.95,54.62,38.57,Medium,4,58,161,Yes,57.65
Grape,3,97,6.69,33.22,31.34,Soft,0,6,176,No,81.91
Mango,9,27,6.13,76.24,0.91,Soft,10,62,259,No,88.68
Cherry,8,1,7.93,63.76,30.42,Hard,9,56,288,Yes,88.06
Orange,5,93,5.67,87.66,24.57,Medium,1,74,324,No,98.18
Papaya,4,12,3.57,30.38,9.8,Hard,5,33,145,No,52.92
Strawberry,2,40,7.14,48.86,49.79,Hard,8,52,68,No,67.29
Pear,8,79,4.26,50.1,44.86,Soft,6,65,340,No,73.83
Raspberry,4,58,6.89,29.13,14.63,Soft,3,77,268,No,65.49
Grape,4,68,7.79,57.21,27.05,Medium,1,81,218,Yes,65.49
Cherry,3,91,6.48,45.46,15.83,Medium,3,47,301,No,58.81
Cherry,3,52,5.98,45.74,38.77,Soft,4,59,164,Yes,90.65
Strawberry,0,44,5.3,39.02,46.52,Medium,1,42,336,Yes,95.4
Plum,6,19,4.82,11.35,17.94,Soft,0,72,179,Yes,54.12
Cherry,8,23,4.77,51.77,40.28,Soft,3,3,48,Yes,57.74
Apple,2,60,6.18,36.82,24.92,Soft,10,77,194,Yes,61.42
Lime,1,90,6.76,10.11,19.83,Medium,5,74,289,No,75.45
Blackberry,2,93,6.39,34.64,46.92,Hard,0,93,206,Yes,89.56
Watermelon,0,57,3.99,32.29,25.52,Medium,0,90,84,Yes,53.57
Papaya,5,26,5.47,41.48,23.37,Hard,8,92,101,Yes,81.84
Blackberry,10,25,6.96,20.55,33.62,Medium,4,51,155,No,57.47
Watermelon,10,6,5.38,50.61,13.06,Hard,1,31,47,No,98.57
Lime,6,41,5.68,65.4,16.24,Hard,10,93,234,No,94.94
Cherry,10,46,6.86,60.41,46.6,Medium,1,89,341,No,97.48
Blackberry,10,52,6.31,74.3,33.93,Medium,3,93,299,Yes,55.31
Blueberry,1,58,5.05,46.16,41.33,Hard,10,50,336,Yes,74.4
Lemon,7,37,7.48,51.53,13.56,Soft,1,9,147,Yes,58.26
Plum,5,68,3.81,74.83,27.19,Hard,3,11,196,Yes,80.02
Apple,3,86,7.98,44.22,48.57,Hard,10,96,22,Yes,61.64
Pear,4,91,3.59,66.13,15.94,Soft,5,97,194,No,88.53
Lime,7,97,3.07,44.77,8.02,Hard,6,81,364,Yes,82.2
Peach,2,52,7.45,43.42,25.54,Soft,5,38,354,No,78.58
Raspberry,2,14,4.22,70.82,19.39,Soft,3,79,274,Yes,91.26
Strawberry,10,95,6.65,23.99,7.98,Medium,9,67,208,No,75.01
Watermelon,3,25,7.06,37.09,44.43,Hard,2,9,275,No,63.49
Pineapple,0,47,7.29,27.93,49.54,Hard,3,91,217,No,81.04
Papaya,8,94,7.96,38.73,28.43,Soft,4,81,27,Yes,97.85
Mango,7,18,4.47,28.43,38.73,Hard,3,72,15,No,80.06
Pineapple,7,8,6.55,56.35,42.95,Soft,2,85,159,Yes,81.48
Raspberry,9,63,3.58,73.85,35.05,Hard,0,9,214,Yes,96.74
Blueberry,5,92,5.03,72.93,2.21,Hard,2,22,351,No,75.76
Blackberry,6,53,7.24,39.16,7.88,Soft,10,76,164,No,99.82
Raspberry,5,50,4.84,89.1,3.55,Soft,4,87,127,No,57.98
Apple,8,38,5.96,57.51,0.49,Hard,5,12,330,No,76.85
Cherry,2,3,5.52,41.95,15.3,Hard,3,47,58,Yes,60.65
Mango,2,2,6.23,76.84,19.62,Soft,0,88,147,Yes,72.67
Peach,2,63,7.86,68.39,12.05,Medium,9,43,256,Yes,58.53
Peach,9,28,3.28,69.94,3.23,Medium,6,92,110,No,61.13
Apple,2,10,5.87,25.69,26.49,Hard,8,79,49,No,60.54
Pomegranate,8,96,7.32,47.47,13.67,Hard,5,63,182,No,66.0
Lemon,3,57,5.41,78.95,39.8,Hard,5,39,61,No,56.73
Lemon,6,74,3.39,50.32,0.4,Soft,8,5,235,Yes,90.47
Blackberry,8,26,5.8,64.68,42.13,Hard,3,71,242,Yes,61.03
Pomegranate,10,96,4.66,57.03,47.74,Hard,4,97,130,Yes,70.83
Blueberry,6,20,3.77,77.39,35.81,Hard,4,81,331,No,50.8
Cherry,8,38,7.25,32.76,36.68,Medium,4,42,264,No,55.24
Banana,2,94,5.61,56.04,46.68,Hard,7,31,208,No,94.81
Plum,3,45,7.67,19.86,10.45,Hard,10,48,142,No,91.86
Mango,7,65,7.03,65.22,49.73,Soft,0,73,22,No,92.05
Peach,5,90,6.46,68.56,38.67,Medium,9,97,17,Yes,70.57
Peach,4,35,3.03,13.43,36.33,Soft,10,86,363,No,57.08
Orange,3,74,5.14,64.06,18.05,Hard,9,18,319,Yes,55.39
Pomegranate,7,81,3.99,43.18,27.29,Hard,10,83,122,No,80.28
Kiwi,0,64,7.55,19.93,32.7,Hard,2,51,282,Yes,91.41
Blackberry,8,62,3.87,43.59,31.02,Hard,7,51,227,No,95.01
Raspberry,0,98,4.43,25.54,35.25,Hard,10,33,301,No,64.44
Raspberry,7,34,5.58,43.24,4.12,Soft,8,58,286,Yes,66.05
Kiwi,3,30,4.32,40.75,17.78,Hard,1,80,116,No,55.04
Orange,8,27,4.05,69.07,21.7,Hard,3,4,149,No,88.72
Peach,10,0,6.0,71.94,13.03,Medium,7,65,170,No,63.78
Lime,4,24,3.44,58.56,8.63,Medium,4,40,90,Yes,74.05
Lemon,2,42,3.29,11.81,6.95,Hard,0,33,119,No,96.44
Mango,8,83,4.86,84.48,18.32,Hard,5,53,184,No,87.61
Peach,10,66,6.6,64.9,24.67,Hard,8,19,264,No,52.64
Blackberry,8,62,5.77,12.74,3.15,Hard,8,53,227,No,50.41
Plum,3,50,5.11,75.51,47.32,Hard,10,65,93,No,89.37
Orange,10,1,5.83,26.02,38.26,Hard,0,91,117,Yes,77.63
Lemon,3,81,4.83,56.34,36.54,Soft,3,17,312,Yes,86.02
Pineapple,7,63,7.68,47.33,8.64,Soft,0,43,318,Yes,57.84
Pear,1,73,3.27,43.59,30.19,Soft,6,47,121,Yes,93.6
Cherry,8,68,6.37,81.18,26.49,Medium,2,34,317,No,88.67
Lime,5,8,7.46,44.99,49.12,Hard,1,78,138,No,94.54
Watermelon,8,1,7.02,16.03,37.38,Medium,7,38,231,Yes,67.05
Lime,7,33,3.92,85.73,28.79,Medium,8,2,306,Yes,63.79
Cherry,6,59,4.48,83.64,42.54,Medium,6,18,148,Yes,57.59
Watermelon,0,60,6.59,64.75,7.75,Soft,5,86,284,Yes,96.5
Watermelon,2,30,3.42,47.43,0.76,Hard,9,82,142,Yes,58.84
Grape,10,9,7.06,17.43,34.51,Hard,10,17,332,No,55.97
Blueberry,1,75,6.59,73.26,4.92,Medium,5,93,8,Yes,59.63
Blackberry,4,35,6.65,16.04,5.77,Soft,8,82,5,No,88.57
Cherry,4,84,3.5,15.49,37.23,Medium,4,4,257,No,94.48
Watermelon,4,48,6.59,52.99,13.53,Medium,4,54,329,Yes,90.55
Mango,3,69,6.4,22.81,31.43,Hard,1,12,246,No,78.16
Papaya,4,48,7.15,10.62,45.87,Soft,5,33,235,No,99.69
Raspberry,2,2,3.21,43.85,15.82,Hard,5,87,362,No,53.44
Pineapple,0,73,3.12,20.98,10.86,Medium,5,17,10,No,93.36
Raspberry,4,4,4.87,22.84,5.33,Hard,3,67,242,Yes,71.39
Grape,8,89,3.74,16.15,6.52,Medium,10,99,321,No,72.76
Watermelon,8,60,5.79,26.41,3.11,Soft,6,71,188,No,56.38
Banana,3,84,7.59,67.24,4.38,Hard,8,42,314,Yes,51.67
Strawberry,2,89,4.96,74.71,21.6,Hard,0,64,2,Yes,65.83
Blackberry,0,25,7.22,46.2,16.04,Hard,2,40,154,Yes,58.74
Strawberry,1,71,3.0,50.52,35.33,Hard,9,37,203,No,74.17
Plum,7,4,3.84,12.61,43.51,Hard,8,99,217,Yes,57.37
Apple,0,14,3.15,15.55,39.24,Soft,4,37,315,No,56.9
Plum,7,15,4.64,30.61,26.53,Soft,5,12,105,Yes,93.85
Apple,6,0,7.54,53.51,5.12,Hard,7,21,1,No,96.06
Pomegranate,7,15,3.48,69.16,35.49,Medium,8,28,254,Yes,98.21
Grape,5,36,6.03,58.4,18.14,Medium,7,8,287,Yes,84.03
Plum,8,2,5.26,41.37,4.28,Hard,2,90,294,No,88.55
Orange,2,51,7.69,19.47,42.12,Hard,9,67,278,Yes,91.79
Peach,9,46,3.61,72.46,16.91,Soft,0,16,194,Yes,82.95
Raspberry,3,94,4.06,39.1,10.91,Soft,10,36,257,No,66.51
Raspberry,5,12,3.15,68.88,43.57,Hard,4,63,250,Yes,57.82
Pomegranate,7,79,5.17,51.04,45.11,Hard,6,66,248,Yes,61.86
Cherry,4,54,4.39,69.09,16.95,Medium,1,3,88,No,92.02
Mango,2,20,7.35,82.58,17.74,Soft,0,39,253,No,84.8
Cherry,5,65,6.02,83.68,28.98,Hard,3,15,164,Yes,72.79
Mango,3,53,6.07,52.81,36.67,Soft,2,10,162,Yes,51.47
Pomegranate,8,26,5.66,50.92,3.16,Hard,3,90,265,No,63.31
Papaya,2,37,3.46,31.25,29.67,Hard,0,25,110,No,86.44
Grape,3,89,5.23,84.86,47.64,Hard,1,94,340,Yes,75.62
Lemon,6,57,8.0,46.63,13.1,Hard,0,97,207,No,71.78
Raspberry,6,61,7.18,20.21,45.44,Medium,2,71,319,Yes,65.68
Plum,3,45,7.47,44.62,47.51,Hard,3,64,132,Yes,80.35
Mango,5,88,7.12,20.16,13.46,Medium,0,1,133,No,98.32
Pineapple,2,10,3.52,50.2,37.71,Medium,5,90,108,No,95.06
Watermelon,5,71,4.14,54.9,11.94,Hard,1,44,172,No,51.52
Pomegranate,1,7,3.02,37.02,36.88,Soft,9,42,40,No,74.05
Kiwi,7,96,4.52,15.73,39.87,Soft,10,2,292,Yes,66.47
Kiwi,1,70,3.54,85.48,12.36,Hard,4,33,35,No,75.53
Strawberry,10,63,5.36,71.87,35.79,Hard,7,79,59,Yes,80.31
Pineapple,6,20,6.39,77.11,40.61,Hard,3,64,193,Yes,60.0
Pomegranate,8,71,7.37,39.35,17.93,Soft,4,63,210,Yes,89.08
Apple,0,62,6.75,70.87,8.39,Soft,8,6,31,Yes,73.75
Orange,7,84,7.69,48.83,4.6,Hard,1,34,174,Yes,99.6
Pomegranate,6,63,3.27,26.09,28.77,Soft,1,21,305,No,51.26
Papaya,5,19,3.06,19.95,48.9,Medium,5,47,198,No,59.49
Orange,5,7,6.31,37.6,41.15,Soft,5,31,106,Yes,84.48
Blueberry,5,57,4.45,21.0,21.79,Soft,2,25,275,No,84.76
Cherry,8,45,4.27,89.86,26.83,Hard,8,5,96,No,79.11
Pear,1,30,4.65,13.94,13.98,Medium,0,45,170,Yes,98.6
Blueberry,0,92,4.35,45.29,8.15,Hard,2,54,30,Yes,70.77
Grape,5,8,5.56,46.17,24.1,Soft,7,74,282,No,70.85
Pomegranate,9,14,5.2,34.05,23.18,Medium,7,94,161,Yes,95.52
Grape,10,93,5.56,55.71,26.1,Hard,3,54,306,No,76.92
Apple,7,25,6.36,22.0,47.64,Soft,7,84,111,No,67.69
Blueberry,2,9,4.94,72.71,30.19,Medium,10,56,212,Yes,85.95
Pomegranate,9,28,4.26,36.6,30.29,Hard,9,85,196,No,80.98
Pineapple,0,79,3.83,57.31,6.4,Medium,7,62,96,No,65.32
Lemon,8,35,4.75,67.25,49.82,Soft,0,0,338,Yes,64.9
Banana,0,83,6.71,81.12,38.64,Hard,2,20,138,Yes,69.78
Pomegranate,2,36,6.78,76.86,43.86,Soft,0,19,278,No,53.58
Papaya,7,85,6.33,58.66,20.72,Medium,1,72,310,Yes,97.13
Kiwi,2,70,4.17,41.07,25.11,Soft,3,90,179,No,59.15
Orange,3,22,5.94,50.26,26.1,Medium,2,28,337,Yes,59.69
Blackberry,7,40,5.85,71.5,9.7,Hard,10,42,234,Yes,82.35
Kiwi,0,92,5.42,80.2,34.47,Soft,5,96,249,No,86.21
Pineapple,5,79,5.75,18.3,45.15,Hard,4,44,132,No,86.84
Blueberry,0,27,5.46,40.79,8.19,Hard,4,64,249,No,68.75
Grape,0,47,5.83,72.09,4.32,Hard,9,2,293,Yes,93.67
Orange,7,37,6.58,44.53,36.91,Hard,6,95,63,No,77.2
Apple,10,30,3.55,36.58,13.66,Soft,6,19,307,Yes,71.93
Blackberry,3,13,6.75,42.91,31.19,Soft,8,80,257,Yes,90.52
Pear,0,96,3.68,58.23,34.79,Hard,7,36,248,No,62.18
Apple,9,72,3.33,89.98,16.1,Hard,2,37,264,No,93.01
Grape,6,90,7.88,49.44,40.76,Medium,1,73,337,Yes,76.94
Papaya,4,87,7.78,26.68,27.5,Hard,0,44,361,No,95.0
Cherry,4,76,3.3,23.03,43.45,Medium,9,92,179,Yes,60.08
Kiwi,0,89,5.22,13.39,38.16,Medium,5,41,315,Yes,96.8
Raspberry,9,28,3.93,54.71,43.43,Hard,3,45,301,Yes,84.39
Papaya,10,50,5.43,53.57,1.01,Soft,2,59,165,No,80.92
Mango,5,48,7.15,26.42,12.18,Medium,10,95,91,Yes,71.1
Pear,8,42,7.75,65.63,4.5,Soft,10,12,322,Yes,97.82
Cherry,8,91,6.17,69.29,22.1,Hard,1,30,192,No,72.2
Grape,7,91,4.77,30.73,44.5,Hard,1,67,292,No,74.93
Pear,4,71,6.02,37.53,23.38,Hard,10,61,76,No,89.07
Banana,0,86,4.56,89.24,42.49,Hard,3,48,306,Yes,64.24
Lemon,8,92,7.55,39.94,16.36,Medium,0,17,99,No,64.57
Blueberry,0,4,7.35,70.86,16.98,Medium,5,74,95,Yes,88.76
Banana,7,41,5.79,46.22,44.78,Soft,9,52,181,Yes,56.43
Pineapple,4,6,4.62,73.47,21.29,Soft,10,17,154,Yes,91.15
Mango,2,41,4.47,71.52,39.49,Medium,4,50,356,No,81.26
Grape,10,35,3.17,63.42,11.83,Hard,9,40,324,Yes,76.95
Pear,6,26,7.08,78.38,47.44,Soft,8,100,112,Yes,61.46
Blackberry,6,57,5.25,85.14,28.73,Medium,1,96,171,No,89.32
Blackberry,8,45,4.63,56.4,37.97,Soft,8,100,253,Yes,90.25
Lime,6,65,5.36,29.0,4.48,Medium,8,66,351,No,74.15
Lime,10,24,7.09,41.89,24.63,Hard,9,64,122,No,69.46
Watermelon,2,72,3.62,70.66,45.05,Medium,8,82,205,No,62.31
Apple,10,26,7.29,62.07,43.85,Soft,9,5,245,No,87.71
Peach,0,0,7.49,24.22,2.34,Medium,9,73,127,Yes,81.97
Watermelon,7,86,7.73,14.1,15.18,Soft,3,36,359,Yes,60.33
Orange,2,73,4.99,64.64,22.17,Soft,4,11,315,Yes,89.72
Lime,7,41,4.09,30.09,8.61,Soft,7,80,46,Yes,94.11
Blackberry,7,51,4.87,49.97,36.5,Hard,7,90,296,No,52.96
Peach,4,24,4.66,69.74,9.23,Hard,0,1,236,Yes,88.62
Lime,0,53,3.88,55.01,17.33,Medium,9,52,141,No,92.64
Blueberry,9,66,6.04,16.66,33.16,Medium,0,24,121,Yes,99.58
Pear,6,5,5.38,24.85,24.1,Soft,9,27,361,Yes,61.88
Strawberry,9,57,7.33,27.55,36.93,Hard,5,44,9,No,68.55
Cherry,4,69,3.16,30.63,48.06,Medium,6,36,66,Yes,98.31
Pineapple,7,52,6.22,55.23,5.83,Medium,1,100,309,Yes,54.7
Banana,8,65,6.81,50.32,35.48,Hard,1,16,81,No,76.19
Apple,10,57,6.8,26.25,11.52,Soft,4,68,260,Yes,75.34
Apple,6,81,7.43,15.4,20.72,Medium,8,55,105,Yes,80.33
Plum,6,86,6.65,23.71,1.64,Soft,4,57,97,Yes,66.54
Raspberry,0,1,7.64,88.75,6.8,Hard,7,82,190,No,96.3
Cherry,3,75,4.66,47.48,15.99,Hard,7,3,348,No,63.5
Pineapple,1,21,5.52,79.39,17.1,Medium,4,54,195,Yes,82.48
Blackberry,1,36,3.07,77.9,44.98,Medium,7,48,334,Yes,74.8
Lemon,1,19,3.03,50.92,37.09,Hard,7,37,83,Yes,63.33
Watermelon,3,23,4.2,66.54,48.61,Soft,4,44,251,No,59.44
Plum,0,83,3.5,25.42,29.95,Soft,4,29,70,Yes,97.83
Pineapple,3,64,4.3,65.07,12.09,Hard,3,95,292,No,78.06
Blueberry,1,64,3.89,31.79,16.38,Medium,0,36,340,No,80.21
Papaya,4,80,3.14,76.56,15.99,Hard,8,55,188,Yes,89.14
Orange,2,0,7.55,16.7,16.32,Medium,1,26,141,No,54.06
Apple,7,93,3.04,71.85,33.65,Soft,0,31,140,No,85.69
Watermelon,3,2,6.68,17.99,26.54,Medium,5,10,75,No,58.26
Orange,0,45,3.76,80.5,19.27,Soft,4,57,100,No,87.02
Blackberry,0,54,7.56,34.34,7.45,Hard,10,76,145,No,57.07
Banana,9,74,7.46,62.35,1.11,Medium,0,34,175,Yes,91.62
Pomegranate,2,87,6.27,49.0,10.94,Soft,6,16,309,No,84.05
Plum,8,85,6.36,39.3,5.37,Medium,6,29,221,No,69.29
Blueberry,6,63,3.03,61.64,39.27,Soft,2,17,323,No,67.94
Watermelon,1,44,7.92,85.8,5.62,Soft,7,100,10,No,57.45
Cherry,8,25,7.39,13.3,36.21,Hard,5,29,46,No,95.2
Pear,9,76,7.48,83.51,19.28,Hard,3,89,339,Yes,55.93
Cherry,1,64,6.3,58.73,3.67,Medium,9,15,117,Yes,73.6
Blueberry,2,23,4.72,74.59,40.64,Soft,9,74,4,No,61.83
Pear,10,73,7.47,40.71,28.98,Hard,9,53,313,Yes,99.82
Plum,9,34,4.46,47.75,11.79,Medium,2,3,238,No,79.29
Pineapple,1,23,5.81,79.51,44.73,Hard,0,14,294,Yes,57.48
Grape,2,27,3.5,43.19,2.26,Medium,1,75,31,Yes,83.38
Pomegranate,5,99,7.61,52.77,10.09,Hard,1,26,130,No,99.58
Banana,8,79,3.7,11.62,37.6,Hard,10,3,241,No,80.25
Blueberry,8,15,4.12,22.69,35.47,Soft,4,34,81,No,72.87
Watermelon,6,58,5.79,61.33,14.46,Soft,3,84,25,No,64.66
Lemon,2,80,6.82,67.36,3.1,Hard,1,62,261,Yes,54.61
Plum,3,53,6.1,56.61,42.9,Soft,10,99,48,No,61.41
Cherry,5,78,4.16,21.46,15.68,Hard,8,65,52,Yes,77.68
Pomegranate,10,15,3.0,45.63,9.79,Medium,6,38,330,No,87.69
Peach,4,14,6.79,38.41,25.8,Hard,7,27,149,No,93.9
Plum,1,97,7.93,49.65,45.51,Hard,7,33,99,Yes,89.69
Plum,5,10,7.05,79.63,2.18,Medium,1,32,67,No,56.27
Pear,2,64,5.3,72.07,38.29,Medium,4,49,210,No,88.67
Pear,7,78,7.52,16.72,28.62,Soft,2,59,248,Yes,79.08
Papaya,1,89,5.05,81.22,21.27,Medium,9,71,119,Yes,73.46
Strawberry,0,67,5.62,47.74,37.2,Soft,8,71,228,No,78.64
Orange,8,42,5.39,69.51,48.29,Hard,8,41,103,Yes,50.4
Kiwi,2,68,5.24,21.2,11.46,Medium,5,85,289,No,53.39
Peach,10,98,6.88,63.66,7.18,Hard,3,90,240,Yes,76.29
Watermelon,0,12,5.63,28.91,45.64,Soft,7,27,232,No,58.68
Cherry,6,9,4.58,45.07,33.45,Medium,4,74,290,Yes,77.28
Strawberry,9,74,4.29,11.35,21.9,Soft,2,26,154,Yes,67.71
Peach,4,81,3.19,22.13,28.66,Soft,10,0,170,Yes,95.37
Plum,4,97,5.92,17.37,37.28,Medium,7,91,159,No,97.48
Pineapple,0,40,4.15,29.18,38.65,Medium,5,90,113,No,98.99
Mango,8,49,3.74,18.0,45.99,Soft,4,7,51,No,94.95
Strawberry,6,86,6.27,65.35,21.34,Medium,0,45,36,Yes,99.29
Pomegranate,7,70,6.41,12.32,14.67,Soft,2,23,13,Yes,85.31
Peach,8,58,6.76,59.42,31.98,Hard,6,39,341,Yes,98.03
Lime,5,38,5.52,21.26,20.79,Hard,2,50,218,Yes,82.09
Pomegranate,4,2,7.47,85.61,29.73,Medium,0,99,243,No,90.46
Blackberry,5,75,7.68,84.65,21.0,Medium,7,23,223,Yes,56.6
Pomegranate,10,6,7.04,28.04,7.65,Hard,6,21,208,Yes,84.13
Strawberry,1,48,6.18,59.15,23.47,Soft,4,73,269,No,96.56
Watermelon,3,25,4.52,12.24,34.55,Soft,9,67,222,No,77.0
Kiwi,2,32,7.91,84.54,39.96,Soft,4,7,288,Yes,59.34
Mango,6,100,4.37,51.84,24.67,Medium,5,57,12,Yes,76.34
Watermelon,8,47,4.01,13.46,8.26,Soft,6,14,187,Yes,85.35
Peach,4,78,5.21,37.4,20.73,Medium,2,7,169,No,88.49
Watermelon,5,1,3.28,16.15,39.31,Medium,10,92,293,Yes,76.19
Mango,9,70,7.89,41.44,20.64,Medium,3,41,324,Yes,60.87
Lime,1,31,5.94,63.59,34.83,Hard,0,38,106,Yes,96.33
Plum,2,3,5.78,47.59,25.36,Soft,6,34,176,No,88.68
Plum,2,19,6.28,40.7,12.06,Medium,9,40,349,Yes,63.53
Blackberry,8,35,5.49,19.53,39.81,Soft,1,47,41,No,90.59
Grape,6,31,3.16,29.6,4.21,Hard,6,77,312,No,67.39
Cherry,7,27,6.06,18.01,26.24,Soft,5,95,325,No,65.62
Pear,10,76,6.58,74.6,10.44,Hard,3,70,249,No,93.15
Pineapple,9,0,5.08,20.82,3.35,Medium,10,43,267,No,93.66
Pear,10,59,6.79,57.63,25.15,Medium,1,96,222,Yes,69.92
Cherry,8,55,4.14,37.42,24.98,Hard,6,34,113,Yes,50.45
Lime,5,34,4.11,28.08,35.35,Medium,6,26,284,No,59.33
Banana,3,29,3.81,61.16,37.24,Soft,4,64,278,No,95.46
Banana,0,53,4.86,46.56,36.39,Soft,8,69,203,Yes,94.94
Lemon,7,35,7.24,42.01,20.48,Hard,2,65,341,No,72.67
Papaya,6,54,7.14,57.43,31.58,Soft,8,70,262,Yes,65.21
Mango,1,88,4.91,49.3,28.85,Medium,4,71,282,Yes,65.14
Papaya,7,79,5.95,34.28,21.08,Medium,1,62,144,No,94.86
Pear,4,57,6.6,54.72,29.86,Medium,8,92,243,Yes,66.24
Blueberry,6,82,4.21,63.56,47.36,Soft,0,79,270,Yes,75.58
Kiwi,3,64,3.84,12.14,9.64,Medium,0,28,35,Yes,86.55
Pomegranate,4,68,7.86,47.27,45.29,Soft,6,30,298,No,60.47
Banana,7,50,6.09,14.61,2.67,Hard,2,63,53,Yes,62.69
Mango,0,21,7.91,24.91,15.42,Medium,7,85,356,Yes,67.9
Lime,0,87,4.69,54.84,14.41,Hard,6,52,150,Yes,82.71
Grape,3,100,6.52,79.3,31.32,Soft,10,73,13,No,90.87
Strawberry,2,52,4.11,80.62,6.56,Soft,6,67,267,No,77.34
Apple,9,99,4.31,15.6,44.12,Hard,0,24,97,No,56.65
Mango,1,35,5.56,43.53,41.43,Medium,0,12,86,No,72.31
Plum,2,67,4.6,56.64,32.6,Medium,1,80,309,Yes,56.38
Blackberry,10,35,3.84,21.77,22.92,Medium,1,39,265,Yes,54.41
Orange,10,51,4.31,71.23,46.65,Hard,10,71,71,Yes,79.48
Orange,10,52,3.18,69.54,41.54,Soft,4,86,17,Yes,97.81
Blueberry,0,81,6.52,82.27,24.97,Hard,8,6,189,No,91.88
Raspberry,0,49,5.46,10.68,35.09,Soft,6,31,10,No,88.72
Papaya,5,79,3.47,27.33,28.35,Medium,1,23,166,No,86.35
Blueberry,4,40,3.86,76.17,29.4,Medium,4,0,39,Yes,94.86
Plum,7,17,3.51,63.65,16.55,Soft,4,46,345,No,87.64
Strawberry,1,21,6.06,81.55,23.1,Medium,7,50,219,No,81.34
Lime,3,65,3.47,14.57,3.91,Hard,8,35,94,Yes,68.23
Peach,7,20,6.77,57.76,17.87,Soft,7,26,158,Yes,55.05
Banana,5,99,3.1,55.52,34.79,Medium,1,69,363,Yes,73.05
Blackberry,0,43,4.25,12.85,47.66,Medium,3,41,34,No,96.24
Kiwi,3,46,7.45,51.08,48.15,Medium,1,94,289,Yes,79.16
Watermelon,0,38,6.59,58.76,27.79,Medium,5,75,12,No,59.23
Lime,1,28,3.36,25.3,30.33,Soft,3,89,233,No,82.45
Lemon,4,53,7.11,31.87,9.29,Soft,6,88,87,Yes,73.27
Lemon,7,89,5.47,61.23,34.77,Medium,1,67,93,No,96.57
Lemon,7,84,7.23,47.46,3.53,Hard,8,69,107,No,58.05
Cherry,10,16,6.0,78.64,14.23,Hard,4,12,193,Yes,85.6
Kiwi,2,79,6.41,37.39,33.42,Hard,0,24,10,No,84.08
Strawberry,10,59,7.97,31.33,15.52,Hard,10,94,125,No,99.18
Lime,3,30,4.16,88.79,2.49,Soft,2,21,275,No,78.25
Pineapple,9,72,6.12,82.89,41.59,Soft,3,98,279,Yes,93.58
Orange,10,94,5.3,12.32,15.52,Hard,2,20,128,No,51.24
Kiwi,5,77,3.2,71.66,3.16,Soft,5,14,341,Yes,56.14
Blackberry,10,48,3.07,18.83,3.74,Hard,5,66,185,Yes,67.3
Raspberry,10,100,3.6,12.2,12.59,Medium,9,36,363,No,80.97
Cherry,9,1,6.25,31.9,8.9,Medium,10,44,355,Yes,72.45
Lime,2,47,5.84,31.55,38.72,Hard,6,25,59,No,60.13
Watermelon,1,13,5.77,75.55,16.08,Soft,8,80,182,Yes,79.46
Raspberry,5,58,3.16,66.85,40.23,Hard,9,54,74,Yes,78.33
Papaya,10,96,5.35,88.53,8.69,Soft,8,49,2,No,76.22
Apple,4,98,7.62,66.92,24.64,Medium,6,34,243,Yes,54.53
Banana,9,57,4.99,43.46,34.4,Soft,10,40,228,No,96.35
Blueberry,4,57,6.12,65.91,32.6,Hard,0,71,48,No,79.61
Grape,9,50,6.9,89.96,30.06,Medium,2,10,6,No,63.2
Blackberry,4,83,6.92,66.81,46.24,Medium,4,87,43,No,84.37
Banana,9,1,5.6,70.93,11.43,Soft,9,7,145,No,65.9
Orange,4,40,7.29,85.07,24.69,Medium,10,53,127,Yes,75.29
Papaya,2,82,4.96,19.09,44.2,Medium,5,93,335,No,67.06
Peach,6,100,7.44,66.38,3.89,Soft,5,0,246,No,94.02
Peach,5,81,4.2,78.06,2.79,Medium,4,97,121,No,99.7
Pineapple,3,15,4.4,86.35,11.67,Hard,5,19,232,No,58.06
Mango,1,3,3.27,26.88,31.65,Soft,8,99,189,Yes,51.18
Banana,8,11,6.98,50.31,12.99,Soft,0,33,285,Yes,60.97
Orange,0,28,5.09,64.44,9.51,Soft,0,56,242,Yes,79.5
Plum,10,6,4.15,29.8,22.94,Soft,8,97,78,Yes,58.7
Strawberry,3,13,4.16,58.04,30.68,Hard,7,12,58,No,90.57
Watermelon,0,11,7.51,30.61,12.43,Soft,8,53,181,No,70.43
Lime,5,98,7.17,36.68,15.03,Hard,6,52,70,No,80.53
Watermelon,3,4,5.77,45.32,30.68,Soft,9,51,265,No,72.78
Peach,4,80,6.08,52.34,47.29,Soft,5,5,204,No,95.17
Pomegranate,4,31,5.37,45.95,33.74,Medium,8,35,170,No,51.76
Pineapple,8,73,4.96,49.46,39.15,Medium,1,24,295,No,86.47
Mango,0,42,7.58,33.89,18.34,Hard,3,90,247,No,82.61
Banana,1,80,3.63,22.72,13.61,Medium,1,57,59,No,82.48
Pomegranate,5,68,5.09,13.79,22.71,Soft,5,54,300,No,70.7
Papaya,4,44,4.72,25.68,40.36,Hard,0,94,321,Yes,50.78
Cherry,10,8,5.49,56.56,22.81,Medium,6,2,11,Yes,84.46
Raspberry,6,48,5.29,72.89,42.34,Soft,6,27,347,No,91.47
Orange,2,32,5.59,23.54,49.44,Medium,6,67,340,No,54.26
Mango,2,99,3.7,18.68,3.6,Medium,3,80,5,Yes,72.08
Pineapple,9,99,5.57,69.94,2.27,Medium,7,37,205,No,58.13
Blueberry,1,17,4.21,34.41,7.48,Medium,4,33,245,No,80.55
Blueberry,2,8,3.92,86.12,19.22,Soft,1,83,249,No,89.28
Pineapple,9,61,3.32,67.15,6.55,Medium,4,12,105,No,83.34
Papaya,0,56,6.81,36.14,43.53,Hard,9,4,242,No,65.9
Grape,4,28,5.14,33.16,1.16,Hard,8,59,272,Yes,56.99
Orange,4,77,6.13,51.9,15.79,Medium,9,87,7,No,89.71
Blackberry,10,24,6.64,16.33,9.23,Hard,0,16,224,Yes,66.2
Banana,6,14,6.4,19.41,46.58,Medium,10,56,217,No,51.11
Kiwi,3,5,5.35,24.07,33.47,Soft,1,30,44,No,78.57
Banana,2,41,4.94,71.98,45.6,Soft,9,91,26,No,62.33
Peach,0,28,4.88,51.11,48.62,Hard,7,64,292,Yes,92.06
Papaya,7,78,6.2,10.85,24.85,Hard,4,65,181,Yes,57.16
Peach,2,92,5.47,63.88,11.72,Medium,8,32,92,No,71.74
Pomegranate,1,3,7.25,43.9,9.69,Medium,5,92,268,Yes,62.66
Banana,10,81,7.37,50.87,11.15,Medium,7,3,346,Yes,84.48
Apple,3,56,3.85,27.13,35.43,Soft,0,81,68,Yes,77.43
Raspberry,2,48,3.68,54.14,2.02,Medium,8,54,364,No,89.55
Strawberry,0,43,6.15,88.33,2.57,Soft,8,23,151,Yes,72.93
Apple,2,79,4.51,15.88,30.41,Hard,2,31,104,Yes,50.24
Pomegranate,1,74,3.09,32.71,32.1,Soft,0,72,88,Yes,60.76
Orange,7,13,7.44,29.44,33.26,Hard,7,46,95,No,99.96
Banana,5,2,4.13,29.88,18.59,Soft,7,15,286,Yes,70.27
Raspberry,8,61,7.65,40.3,40.3,Soft,8,20,319,Yes,81.01
Strawberry,7,63,6.59,75.45,26.68,Medium,5,93,3,No,95.25
Orange,9,44,6.81,83.03,5.27,Hard,8,66,208,No,51.03
Lemon,2,81,4.01,26.18,39.85,Soft,9,96,102,No,82.98
Plum,4,57,4.17,53.44,47.65,Soft,8,30,348,Yes,64.42
Cherry,6,19,5.61,60.95,3.0,Hard,3,13,177,No,63.96
Peach,4,57,3.86,51.75,19.57,Soft,10,5,304,No,61.24
Blackberry,7,88,4.53,44.73,24.38,Hard,4,68,199,Yes,91.14
Peach,4,56,4.61,25.36,7.32,Hard,5,28,8,No,68.65
Orange,0,76,3.8,49.06,43.39,Hard,5,54,245,Yes,53.36
Watermelon,4,67,4.03,42.1,14.21,Soft,9,36,293,No,54.84
Kiwi,3,77,6.94,73.65,39.15,Soft,1,58,327,No,57.43
Lemon,5,96,3.84,71.09,33.55,Medium,3,35,178,Yes,94.95
Pineapple,2,91,3.14,20.72,29.9,Hard,8,84,82,Yes,71.37
Banana,10,51,6.15,17.08,9.61,Soft,6,75,112,Yes,95.8
Mango,4,36,7.88,82.65,11.04,Soft,8,58,359,Yes,90.87
Kiwi,1,7,4.66,52.84,2.37,Hard,5,86,21,No,91.89
Apple,10,43,3.59,78.62,12.04,Hard,10,77,34,No,64.34
Orange,5,97,5.85,14.65,17.27,Hard,6,63,255,Yes,63.57
Papaya,5,4,7.53,52.12,41.66,Medium,8,42,27,No,78.0
Watermelon,4,68,6.92,53.15,18.32,Medium,3,41,8,Yes,70.9
Papaya,5,30,6.11,78.86,37.73,Medium,8,73,18,No,75.45
Lime,10,44,4.58,17.81,21.97,Hard,2,59,233,Yes,52.66
Cherry,6,8,5.71,29.24,39.24,Soft,10,61,307,Yes,98.58
Pear,4,31,3.46,42.52,48.81,Hard,7,63,191,Yes,52.91
Raspberry,0,32,6.39,79.27,11.99,Soft,2,90,150,Yes,58.94
Blackberry,7,66,6.63,85.11,43.12,Medium,2,57,156,No,83.91
Blackberry,3,29,7.83,89.42,31.09,Medium,2,1,47,Yes,57.78
Watermelon,8,75,4.3,86.74,40.86,Medium,8,77,312,Yes,55.34
Pear,9,28,3.09,10.48,32.58,Soft,9,70,139,No,57.68
Kiwi,5,2,5.73,13.82,21.2,Soft,2,80,142,No,53.1
Grape,0,89,6.53,21.81,11.4,Hard,5,83,335,Yes,62.57
Cherry,2,56,6.95,37.91,3.5,Hard,10,7,14,No,63.56
Papaya,2,29,3.97,76.39,26.78,Hard,3,55,356,No,74.93
Lime,9,8,4.31,81.41,49.52,Medium,1,83,259,Yes,71.94
Lime,3,25,5.56,24.95,36.9,Hard,2,35,236,Yes,73.69
Strawberry,5,1,4.65,59.57,16.37,Medium,4,68,7,Yes,80.8
Mango,6,61,7.3,83.39,41.36,Soft,9,12,39,No,61.55
Lime,9,2,5.37,47.1,38.45,Medium,3,38,185,No,56.74
Pineapple,3,45,7.0,18.28,14.08,Medium,4,80,115,No,93.94
Papaya,5,67,5.9,46.63,0.72,Medium,10,5,110,Yes,81.7
Cherry,10,24,6.87,40.06,5.91,Soft,0,18,65,Yes,53.03
Blackberry,0,50,4.66,56.21,43.87,Soft,3,24,231,No,98.05
Apple,7,12,7.16,45.09,41.83,Hard,10,2,281,Yes,84.65
Mango,6,43,4.37,11.39,14.76,Hard,9,52,31,No,57.59
Banana,10,34,5.73,89.52,14.26,Hard,2,27,86,No,98.46
Strawberry,10,54,4.07,53.48,39.64,Soft,1,25,138,Yes,68.27
Strawberry,8,86,5.38,47.89,46.89,Soft,6,46,77,Yes,99.23
Apple,2,8,4.59,86.37,38.96,Soft,9,7,137,No,55.16
Raspberry,1,1,4.33,22.47,30.28,Soft,8,56,122,Yes,58.0
Kiwi,0,60,7.83,25.14,12.13,Soft,0,54,264,Yes,82.87
Lime,2,40,3.8,74.64,26.29,Medium,6,78,97,Yes,51.11
Pineapple,4,43,6.94,30.87,11.68,Hard,10,0,19,Yes,50.93
Watermelon,10,63,7.92,73.94,40.4,Medium,0,39,286,Yes,89.6
Pomegranate,1,30,3.1,31.72,19.35,Hard,4,22,9,Yes,58.39
Cherry,2,46,6.5,12.66,41.68,Medium,0,99,83,No,95.94
Pear,3,1,4.26,51.36,19.08,Soft,2,53,47,Yes,71.29
Blueberry,6,95,3.2,25.73,41.21,Hard,7,41,90,No,93.68
Pineapple,2,81,5.01,70.63,16.67,Medium,3,79,1,No,70.89
Cherry,8,76,7.68,61.3,22.01,Hard,0,49,162,No,76.51
Banana,7,68,3.06,83.89,30.77,Soft,0,3,153,Yes,65.83
Papaya,3,57,5.94,72.64,3.51,Soft,7,7,1,No,82.9
Cherry,0,43,5.51,24.46,47.41,Hard,7,35,146,Yes,65.91
Kiwi,0,73,7.37,74.01,28.68,Hard,3,9,161,No,61.16
Lime,0,55,3.42,61.34,25.39,Soft,3,29,135,No,54.05
Pineapple,0,42,6.41,63.52,41.97,Soft,9,99,286,No,52.88
Lemon,7,88,6.4,76.58,43.29,Soft,10,15,77,Yes,65.3
Mango,2,33,6.35,55.91,26.11,Medium,1,29,81,No,86.82
Peach,5,100,7.71,47.28,46.36,Hard,1,63,269,No,60.28
Cherry,2,29,7.12,60.93,3.24,Soft,5,73,269,Yes,64.96
Cherry,10,70,3.21,33.84,5.66,Hard,7,10,42,No,95.26
Plum,4,69,5.36,24.61,29.84,Medium,6,33,124,No,81.96
Raspberry,6,54,4.99,59.33,17.7,Medium,6,79,230,No,95.99
Mango,1,66,4.55,28.71,23.21,Soft,2,54,357,No,95.56
Orange,5,12,5.26,16.39,16.4,Hard,1,82,202,No,53.17
Strawberry,5,2,4.92,10.04,20.24,Medium,9,3,334,No,97.75
Papaya,10,25,5.16,58.67,41.13,Hard,6,48,107,Yes,52.56
Blackberry,2,56,7.9,38.97,29.67,Hard,3,43,292,No,96.28
Peach,5,23,3.44,70.18,49.87,Soft,0,30,291,Yes,77.34
Lime,9,52,7.61,40.01,39.34,Medium,0,47,174,Yes,76.66
Apple,9,69,5.4,48.88,13.68,Medium,3,98,312,Yes,85.66
Lemon,4,42,6.12,42.57,13.22,Medium,4,97,87,Yes,93.96
Cherry,1,59,7.15,62.05,16.79,Hard,4,25,5,No,80.85
Grape,8,57,4.8,38.49,42.16,Medium,0,69,172,No,71.27
Banana,7,48,5.15,87.1,1.36,Medium,2,96,121,Yes,55.59
Pomegranate,2,41,5.05,84.89,11.51,Hard,5,90,156,Yes,89.46
Pomegranate,7,75,4.87,77.84,45.25,Medium,9,11,87,No,56.41
Papaya,8,99,7.63,83.62,31.99,Medium,6,44,98,No,86.32
Pear,2,65,7.14,45.93,11.34,Hard,10,7,135,No,76.4
Strawberry,2,10,3.54,52.91,10.96,Medium,0,8,7,Yes,69.29
Cherry,1,97,3.54,69.37,43.13,Soft,7,0,260,Yes,80.65
Apple,7,89,5.14,65.69,44.69,Hard,3,4,364,Yes,88.62
Peach,9,17,3.49,81.25,12.81,Medium,8,70,32,No,97.06
Raspberry,0,84,6.1,67.31,21.03,Soft,10,81,28,Yes,63.23
Pear,7,99,3.72,89.83,41.73,Hard,10,53,260,Yes,97.36
Blackberry,6,51,5.61,37.88,38.55,Medium,5,23,244,No,98.05
Strawberry,6,45,3.04,76.64,40.7,Hard,0,25,264,No,90.68
Watermelon,2,43,4.58,65.81,25.92,Soft,1,9,142,No,94.07
Banana,0,21,6.39,65.31,45.58,Hard,2,60,30,No,84.62
Lime,3,52,5.42,36.07,16.3,Medium,1,39,130,No,51.95
Banana,8,58,7.89,72.85,7.83,Soft,9,43,266,Yes,78.75
Lime,4,93,7.37,82.03,35.44,Hard,6,11,70,Yes,87.36
Pear,0,29,4.8,27.48,26.97,Medium,0,21,119,No,97.09
Raspberry,4,7,3.23,60.04,42.73,Medium,8,26,327,Yes,78.52
Cherry,7,97,7.23,41.37,4.06,Soft,1,66,70,No,89.71
Grape,7,56,7.56,89.16,42.18,Soft,3,81,208,Yes,85.25
Kiwi,4,72,7.1,48.31,14.66,Hard,7,68,91,No,64.04
Plum,8,19,3.64,28.27,32.74,Medium,10,13,120,No,57.74
Kiwi,0,24,7.99,40.55,2.01,Soft,2,24,207,Yes,87.55
Mango,3,18,4.29,62.31,30.48,Medium,8,51,256,No,61.69
Watermelon,2,4,6.62,16.09,35.86,Hard,6,94,35,No,62.23
Mango,1,74,7.54,58.29,18.44,Soft,9,84,124,No,82.2
Grape,7,78,4.18,84.5,10.77,Hard,2,58,112,Yes,89.45
Cherry,6,71,7.54,78.03,26.88,Hard,2,37,207,Yes,79.12
Lemon,8,82,4.55,15.41,41.66,Soft,4,19,102,No,94.25
Pomegranate,1,86,7.88,89.47,16.18,Hard,4,77,194,Yes,60.57
Watermelon,3,26,4.41,65.9,12.62,Medium,9,19,241,Yes,62.62
Papaya,5,39,7.77,22.98,13.95,Soft,4,55,147,No,81.85
Watermelon,10,95,3.27,10.99,47.46,Medium,8,100,132,Yes,91.47
Pear,2,25,6.55,23.7,17.96,Hard,8,29,220,No,76.97
Pomegranate,7,26,5.66,77.05,0.18,Soft,5,40,338,No,50.52
Orange,2,61,5.39,11.73,39.08,Medium,10,83,104,No,83.85
Blackberry,1,82,4.12,28.65,34.96,Medium,10,70,41,No,90.68
Banana,2,49,6.53,70.58,6.43,Medium,6,62,56,Yes,63.83
Mango,10,41,3.95,56.89,49.25,Medium,9,68,311,No,52.71
Mango,5,28,5.76,72.62,30.4,Medium,7,94,250,Yes,75.9
Blueberry,1,38,4.27,69.69,25.04,Hard,8,28,242,Yes,52.11
Plum,7,59,7.78,14.05,19.11,Hard,5,78,127,Yes,70.8
Watermelon,0,40,3.14,81.4,44.93,Hard,7,88,150,No,50.89
Mango,6,32,4.0,28.16,12.2,Hard,1,76,331,No,61.25
Lime,1,82,4.21,54.27,14.29,Hard,9,43,336,No,69.44
Banana,9,100,5.07,61.54,6.12,Hard,7,87,149,No,55.59
Kiwi,5,82,4.16,23.49,37.96,Hard,10,78,169,No,55.71
Grape,1,96,5.46,88.1,29.78,Medium,1,87,45,No,91.35
Cherry,1,15,7.36,49.05,30.45,Hard,7,89,84,No,52.07
Pear,9,22,6.56,14.61,10.92,Medium,1,82,8,Yes,84.45
Watermelon,7,6,5.9,84.98,32.56,Soft,2,56,107,Yes,90.72
Watermelon,1,25,3.45,56.9,38.27,Hard,6,23,265,No,56.54
Plum,6,95,6.47,65.94,17.89,Medium,10,18,146,No,59.77
Papaya,2,11,3.83,52.01,40.07,Soft,8,16,31,Yes,82.07
Strawberry,7,71,6.93,76.78,17.44,Soft,2,68,244,No,65.78
Grape,6,4,4.25,12.65,37.91,Medium,4,60,35,Yes,73.82
Watermelon,7,91,5.09,31.47,1.69,Medium,8,3,247,Yes,91.8
Lime,6,68,4.75,47.57,27.56,Medium,6,21,18,No,56.9
Kiwi,10,48,7.29,16.13,48.48,Hard,1,73,24,No,80.98
Lime,5,25,3.63,66.47,49.06,Soft,4,84,342,Yes,97.12
Peach,6,4,5.83,41.49,14.09,Hard,4,88,304,Yes,52.87
Pomegranate,4,21,3.71,31.81,22.07,Hard,8,5,316,No,53.0
Raspberry,6,78,6.52,10.27,3.15,Hard,1,29,349,Yes,77.74
Blueberry,0,12,7.53,67.59,43.67,Soft,0,92,278,No,98.0
Strawberry,0,27,5.17,76.7,28.43,Soft,3,74,30,No,61.02
Plum,8,32,5.44,41.6,19.26,Soft,3,10,143,No,66.54
Peach,4,22,7.64,55.14,5.64,Medium,0,47,277,No,54.93
Papaya,4,96,5.6,28.21,47.34,Hard,9,45,356,Yes,68.11
Blackberry,2,17,5.44,59.78,26.51,Medium,6,26,12,No,52.22
Orange,4,29,5.89,10.97,14.15,Medium,1,18,203,No,69.45
Blackberry,2,25,6.45,49.09,17.51,Hard,10,85,250,Yes,77.77
Lime,8,15,3.53,61.54,13.53,Soft,8,91,103,Yes,98.75
Pineapple,8,76,7.11,83.46,30.09,Hard,6,58,35,Yes,90.92
Raspberry,5,38,5.18,40.51,46.5,Medium,6,67,324,No,91.1
Blackberry,0,32,3.36,71.22,42.83,Soft,0,100,20,Yes,61.41
Raspberry,6,25,6.93,57.81,23.02,Soft,8,53,47,Yes,54.36
Blackberry,6,47,4.88,84.16,41.32,Medium,9,82,84,No,80.15
Strawberry,9,64,3.5,41.87,21.16,Soft,8,16,268,Yes,76.06
Lime,9,37,6.17,35.53,12.62,Soft,1,49,53,Yes,75.83
Lemon,3,1,7.4,80.97,49.17,Hard,9,39,273,Yes,55.45
Pear,7,5,7.44,13.94,15.19,Hard,8,99,18,Yes,74.69
Pear,5,45,7.79,20.91,16.19,Medium,1,86,104,No,57.52
Peach,3,49,7.34,16.59,49.48,Medium,1,91,152,No,71.11
Blackberry,3,37,3.01,77.45,6.7,Medium,7,10,328,No,53.11
Pineapple,1,87,4.9,10.85,38.03,Soft,2,13,165,Yes,92.84
Blackberry,1,17,7.09,78.93,46.79,Medium,2,12,361,Yes,50.66
Mango,3,26,4.83,46.1,25.59,Hard,6,87,84,Yes,96.97
Blueberry,4,40,6.01,10.32,0.13,Soft,9,79,308,No,93.14
Pineapple,7,71,6.03,42.13,18.75,Medium,5,27,151,Yes,87.63
Mango,5,91,4.83,24.94,5.58,Soft,6,93,37,No,99.13
Pomegranate,3,73,7.52,59.95,20.81,Soft,5,43,353,No,52.69
Pear,10,16,5.52,64.35,39.5,Soft,8,62,152,Yes,82.08
Plum,6,61,5.32,49.0,21.94,Medium,1,60,356,Yes,92.47
Blueberry,7,28,7.99,13.24,21.6,Soft,7,90,208,Yes,56.33
Peach,1,57,5.47,62.49,27.84,Soft,10,16,50,No,79.24
Blackberry,6,69,3.89,77.36,29.08,Soft,5,49,220,Yes,69.7
Watermelon,1,77,5.57,67.63,42.81,Hard,3,25,47,Yes,71.79
Lemon,1,21,7.07,76.4,15.42,Medium,5,6,18,Yes,95.63
Pear,7,5,6.88,26.04,41.08,Hard,5,98,122,Yes,76.93
Peach,1,25,6.94,81.11,28.3,Soft,9,78,282,Yes,54.66
Raspberry,10,38,6.54,35.78,15.03,Soft,2,15,120,No,96.86
Strawberry,8,11,4.27,11.07,14.76,Hard,7,84,251,Yes,59.26
Cherry,0,98,7.31,77.47,18.06,Soft,4,16,327,No,94.63
Grape,8,13,7.47,85.35,31.13,Hard,10,89,299,No,98.55
Lime,0,21,3.97,62.44,11.54,Soft,9,34,47,Yes,93.89
Peach,9,50,3.65,28.51,46.02,Soft,10,83,85,No,83.86
Blueberry,9,22,7.88,30.14,28.75,Soft,3,83,299,No,87.18
Cherry,1,47,7.34,47.33,46.0,Soft,1,22,160,Yes,84.99
Strawberry,5,70,7.47,81.83,2.32,Medium,9,68,7,No,73.03
Strawberry,5,49,7.43,21.97,17.13,Medium,0,8,245,No,63.72
Grape,0,88,5.71,76.08,1.14,Medium,6,86,215,No,64.25
Mango,6,12,6.23,33.3,13.61,Hard,9,17,212,No,86.56
Apple,7,84,5.73,74.69,43.1,Hard,10,92,212,Yes,81.3
Plum,1,9,3.26,83.62,1.83,Hard,2,74,288,No,79.24
Grape,7,54,6.73,44.2,21.81,Hard,2,47,218,Yes,82.63
Grape,8,8,5.53,39.2,5.88,Medium,2,71,251,No,88.74
Blueberry,5,78,6.24,74.18,20.84,Hard,9,90,344,No,87.42
Pineapple,4,51,5.51,52.36,41.94,Hard,2,65,321,Yes,55.27
Blackberry,8,1,5.46,64.76,31.15,Hard,1,22,314,No,68.15
Apple,10,24,3.86,59.83,36.84,Soft,5,84,181,No,63.2
Raspberry,8,12,4.39,22.23,17.46,Hard,9,9,92,Yes,76.91
Cherry,0,97,3.79,77.58,47.22,Soft,2,37,218,Yes,53.07
Plum,10,50,3.98,25.66,35.46,Hard,0,58,290,Yes,88.12
Cherry,2,57,7.86,84.58,21.09,Hard,9,67,90,Yes,55.33
Mango,8,33,3.77,30.05,21.32,Soft,8,84,197,Yes,63.57
Blueberry,10,34,4.35,68.71,45.93,Hard,5,100,184,Yes,89.14
Pear,1,2,5.95,32.77,28.82,Soft,5,42,66,Yes,52.58
Cherry,3,58,6.05,35.42,35.32,Hard,9,11,98,Yes,83.01
Blackberry,3,69,3.77,34.8,20.85,Hard,8,52,306,No,96.22
Blueberry,1,47,6.97,69.83,11.18,Soft,1,13,24,Yes,80.88
Plum,2,63,6.93,54.55,36.18,Medium,9,51,220,No,85.63
Orange,2,18,4.19,80.64,30.39,Soft,8,83,174,No,89.61
Plum,0,66,4.44,34.59,25.07,Medium,2,71,245,No,61.11
Pineapple,5,81,7.69,65.36,31.2,Soft,2,90,114,Yes,79.05
Peach,7,72,7.13,70.24,10.41,Medium,2,100,266,Yes,65.45
Mango,2,75,6.49,22.12,39.7,Hard,0,60,354,No,62.47
Orange,4,4,3.41,42.05,47.41,Medium,9,40,223,Yes,59.62
Blueberry,0,66,5.09,48.63,44.56,Hard,6,20,308,Yes,79.27
Pineapple,9,10,5.8,38.45,16.07,Soft,9,47,235,Yes,89.73
Orange,6,93,3.94,35.77,20.3,Medium,6,55,306,Yes,93.79
Plum,9,67,5.24,64.91,40.42,Hard,1,34,110,No,71.43
Kiwi,0,68,6.01,27.27,29.76,Soft,5,43,314,Yes,68.64
Blueberry,10,0,4.64,66.75,27.4,Medium,3,38,13,No,84.37
Strawberry,8,90,6.9,84.8,46.33,Hard,10,14,125,Yes,89.02
Watermelon,7,91,7.2,55.22,26.8,Medium,6,11,315,No,62.67
Blueberry,6,62,4.62,58.91,25.75,Medium,6,97,167,No,64.86
Lemon,9,28,7.19,15.51,2.1,Hard,3,7,53,Yes,76.67
Blueberry,6,81,3.52,79.16,3.47,Hard,2,100,186,Yes,72.22
Apple,4,11,7.19,32.84,0.37,Soft,6,93,276,No,85.29
Raspberry,4,76,3.76,59.2,45.66,Hard,8,66,352,No,75.22
Cherry,10,40,3.41,88.33,20.42,Hard,3,93,10,Yes,55.58
Cherry,4,1,6.21,57.64,23.43,Medium,5,92,147,Yes,58.3
Pomegranate,0,36,5.36,67.98,42.27,Hard,6,0,317,Yes,95.1
Lemon,7,44,7.54,45.63,30.46,Medium,9,79,333,Yes,61.37
Blackberry,10,79,4.82,14.83,30.48,Medium,2,41,118,No,52.5
Raspberry,0,47,4.44,73.81,14.83,Hard,4,30,340,Yes,86.57
Lime,3,23,5.5,12.8,41.7,Hard,0,73,18,Yes,84.2
Peach,8,98,5.28,66.05,8.29,Hard,5,29,226,Yes,80.0
Blackberry,8,21,4.72,11.83,2.66,Hard,4,42,112,No,75.11
Strawberry,4,99,6.47,78.98,9.58,Soft,6,25,72,Yes,98.48
Pear,3,10,6.8,22.61,13.39,Medium,8,11,144,No,55.99
Raspberry,2,57,7.26,51.14,14.12,Soft,10,58,104,Yes,75.51
Apple,2,45,7.86,57.77,33.53,Soft,3,68,215,No,78.2
Blackberry,4,28,4.33,46.6,10.89,Medium,8,72,77,No,51.12
Banana,9,34,6.58,37.26,33.83,Soft,5,10,26,Yes,70.6
Peach,0,14,4.97,47.43,4.56,Hard,4,46,230,No,89.14
Raspberry,4,59,6.39,34.91,7.36,Hard,1,22,193,No,73.55
Strawberry,5,94,5.38,45.05,25.44,Hard,0,80,103,Yes,93.76
Peach,6,41,7.97,38.71,46.09,Hard,7,42,205,No,82.24
Strawberry,8,42,6.64,55.3,42.98,Medium,5,76,260,Yes,88.3
Raspberry,2,79,7.76,29.03,48.44,Hard,6,80,233,Yes,90.22
Papaya,1,73,7.17,89.09,32.52,Medium,5,86,51,Yes,84.48
Strawberry,2,48,7.51,50.07,33.79,Medium,9,38,131,No,87.47
Pear,8,63,7.07,25.53,31.25,Medium,6,72,343,No,84.77
Raspberry,6,31,5.3,48.17,31.14,Medium,8,81,66,No,77.52
Mango,8,63,4.26,79.31,7.36,Soft,4,54,202,No,78.33
Papaya,1,1,4.85,11.74,27.19,Soft,0,17,284,Yes,59.49
Pomegranate,4,23,3.1,64.36,19.3,Hard,0,93,300,No,91.37
Orange,3,86,5.62,53.84,22.13,Medium,8,41,146,Yes,65.61
Lime,1,65,5.53,23.56,26.18,Hard,4,25,258,No,76.79
Blueberry,8,37,5.63,75.4,6.42,Hard,10,17,312,No,62.48
Kiwi,8,30,7.87,39.51,17.97,Hard,1,84,104,No,84.79
Watermelon,5,25,7.56,33.5,3.17,Hard,2,40,151,Yes,98.76
Kiwi,10,28,3.81,76.25,48.98,Medium,0,41,118,Yes,90.1
Kiwi,5,66,4.84,61.08,5.93,Medium,5,32,316,Yes,80.95
Kiwi,7,77,5.12,81.86,12.93,Soft,5,42,199,Yes,78.38
Papaya,5,24,4.8,60.39,44.56,Medium,2,13,303,No,74.49
Raspberry,0,47,6.99,69.27,24.14,Medium,2,54,334,No,60.25
Mango,3,64,5.62,76.92,6.78,Hard,6,57,279,No,67.4
Lemon,6,52,5.86,14.38,19.21,Medium,0,9,105,No,70.32
Kiwi,1,66,7.27,72.08,5.79,Hard,4,27,10,Yes,97.23
Plum,8,89,7.03,59.1,10.01,Medium,2,13,113,Yes,71.28
Banana,7,17,3.66,15.56,2.6,Soft,4,82,27,Yes,79.31
Plum,7,8,6.57,50.69,21.91,Hard,10,25,99,No,96.12
Raspberry,6,37,5.18,16.6,40.33,Medium,3,73,257,No,75.92
Mango,3,86,4.47,68.88,29.3,Medium,5,16,327,No,62.57
Pineapple,1,20,3.25,53.72,30.32,Hard,8,33,136,No,69.05
Apple,2,64,5.44,86.29,10.03,Soft,1,13,226,No,68.78
Grape,5,20,4.78,24.65,17.19,Soft,9,25,127,No,85.74
Blueberry,4,26,4.26,58.48,42.26,Medium,7,33,116,No,64.81
Peach,7,69,6.47,26.93,4.39,Medium,1,82,290,Yes,86.51
Cherry,5,43,6.85,59.13,42.9,Medium,3,23,171,Yes,94.46
Lemon,5,99,4.22,67.81,24.18,Hard,8,94,212,No,66.8
Apple,0,27,3.25,67.78,41.86,Hard,3,69,189,No,56.77
Watermelon,3,44,7.24,75.21,15.9,Hard,6,19,265,No,81.93
Strawberry,4,16,3.05,78.28,16.94,Medium,10,38,214,No,68.04
Orange,10,39,7.69,16.18,37.58,Soft,4,44,89,Yes,76.7
Strawberry,2,2,6.14,37.46,39.25,Hard,1,33,130,Yes,81.71
Watermelon,8,75,4.61,64.97,11.48,Soft,7,21,23,No,70.39
Grape,0,75,4.23,49.89,48.64,Medium,10,70,179,Yes,96.23
Mango,5,65,3.05,25.25,4.22,Hard,9,32,20,Yes,69.98
Strawberry,5,45,4.18,54.22,3.43,Hard,9,5,329,No,65.37
Kiwi,9,85,3.69,42.59,29.78,Hard,1,15,242,Yes,94.28
Pear,4,86,6.06,41.2,36.14,Medium,2,71,240,No,56.82
Strawberry,4,29,3.83,74.78,48.04,Medium,9,22,29,No,56.21
Kiwi,9,68,5.64,42.61,20.25,Medium,6,17,245,No,96.78
Peach,4,8,5.95,12.12,1.26,Soft,4,13,120,No,60.45
Blueberry,5,84,4.49,14.65,30.14,Soft,9,49,314,Yes,57.42
Raspberry,7,10,3.18,78.5,14.48,Hard,10,60,32,No,76.76
Papaya,1,68,3.19,86.85,21.65,Hard,2,35,140,No,52.34
Pear,5,98,3.13,65.07,24.42,Medium,1,14,158,Yes,81.0
Pineapple,0,90,6.7,39.15,3.23,Medium,10,4,60,No,72.65
Mango,3,65,4.59,85.09,24.3,Medium,5,52,139,Yes,82.02
Grape,9,87,6.98,63.02,21.32,Hard,9,47,357,Yes,64.2
Watermelon,2,30,5.16,77.55,35.63,Medium,0,78,212,No,95.27
Lemon,8,32,5.26,71.27,32.28,Soft,7,10,139,No,63.53
Blueberry,2,38,5.56,40.33,9.26,Soft,4,1,111,Yes,81.88
Blueberry,5,93,6.57,48.3,10.31,Hard,4,86,336,Yes,97.25
Pear,0,45,4.37,24.89,12.55,Hard,1,23,251,No,70.04
Blackberry,5,36,3.61,33.36,8.95,Soft,6,81,99,No,58.07
Lime,3,91,5.78,72.25,32.86,Medium,4,67,178,No,53.42
Raspberry,7,59,4.63,81.52,49.72,Hard,7,78,1,No,98.15
Peach,10,30,5.21,67.96,32.61,Hard,4,11,89,No,88.19
Pineapple,8,10,6.23,47.21,30.33,Hard,8,58,113,No,95.95
Cherry,3,86,5.47,16.92,20.5,Soft,4,66,283,No,84.94
Pineapple,9,1,6.1,14.56,15.63,Hard,2,31,116,No,67.12
Pineapple,9,26,5.72,39.95,45.55,Soft,1,35,32,Yes,56.15
Pear,5,98,6.7,47.11,48.45,Soft,4,20,262,Yes,96.47
Banana,0,1,6.53,58.73,24.84,Medium,9,69,41,Yes,74.48
Papaya,3,100,5.67,10.52,14.51,Medium,9,65,167,Yes,69.83
Lime,6,20,6.39,89.18,38.51,Medium,4,8,343,No,78.89
Raspberry,0,57,7.37,39.12,6.62,Hard,5,75,221,No,55.33
Lemon,7,4,5.16,77.85,38.28,Soft,1,43,214,No,65.46
Pineapple,9,51,5.06,52.8,40.95,Hard,4,58,313,Yes,81.89
Pomegranate,10,44,6.82,20.44,6.25,Soft,0,23,346,Yes,55.01
Watermelon,5,84,5.91,73.81,48.84,Hard,2,62,131,No,56.76
Plum,4,92,3.36,66.79,49.28,Soft,2,77,48,Yes,75.53
Kiwi,9,19,7.46,52.19,46.84,Medium,2,40,134,No,81.17
Peach,10,60,3.15,51.16,24.8,Medium,2,75,7,No,59.35
Banana,8,37,6.74,17.0,12.3,Hard,7,90,44,Yes,51.65
Lime,1,19,6.79,62.47,29.1,Soft,0,73,317,Yes,97.92
Apple,4,24,7.77,82.9,21.0,Medium,5,1,86,No,51.37
Raspberry,5,1,3.27,17.46,10.3,Soft,5,94,48,Yes,50.1
Kiwi,6,31,5.98,31.08,21.18,Hard,0,27,317,No,66.17
Orange,4,25,5.14,82.18,33.19,Medium,0,15,353,No,61.12
Pear,8,69,4.65,32.75,3.55,Hard,2,58,240,No,78.68
Mango,0,40,3.45,62.32,16.67,Hard,7,0,152,No,94.71
Lime,6,66,5.81,52.79,0.89,Soft,5,85,258,Yes,74.06
Grape,9,96,5.4,57.71,37.47,Hard,3,0,44,No,88.67
Grape,6,0,3.52,43.26,32.03,Hard,4,30,168,Yes,95.46
Banana,3,50,6.06,34.0,3.13,Soft,9,21,275,No,59.47
Apple,8,4,6.69,13.88,48.24,Soft,2,97,191,Yes,74.42
Pomegranate,10,12,6.84,69.54,1.13,Hard,10,75,152,No,82.1
Blackberry,4,18,7.53,69.69,29.5,Medium,10,58,50,No,66.59
Pomegranate,3,11,5.05,63.66,38.82,Medium,5,86,276,Yes,86.99
Mango,6,47,7.77,61.49,39.39,Soft,5,27,313,No,85.27
Peach,3,24,7.33,29.5,1.71,Hard,5,75,306,No,71.05
Pear,2,56,4.48,11.79,45.32,Medium,8,26,95,No,54.4
Lime,8,34,3.8,74.7,45.92,Soft,9,86,242,No,50.58
Pomegranate,10,75,5.18,49.29,28.07,Soft,10,0,105,Yes,68.47
Blueberry,7,93,5.01,34.55,24.1,Soft,7,1,363,Yes,54.1
Strawberry,0,4,5.88,18.15,2.24,Hard,5,94,349,No,89.08
Orange,6,97,5.92,15.02,28.1,Soft,1,65,260,No,66.72
Apple,8,21,6.75,37.91,20.47,Medium,3,48,138,No,83.3
Blueberry,7,76,5.55,74.38,38.64,Hard,5,88,319,Yes,67.32
Grape,7,56,3.52,83.5,20.19,Medium,8,18,183,No,89.8
Pomegranate,5,46,7.29,81.74,34.18,Medium,10,27,57,Yes,94.42
Pomegranate,10,53,4.55,83.6,5.07,Medium,1,69,240,Yes,91.88
Pear,3,2,7.86,82.62,6.65,Hard,5,38,105,Yes,74.22
Orange,7,52,3.59,52.18,6.99,Medium,9,18,65,Yes,54.2
Orange,2,83,7.79,27.55,2.28,Soft,10,63,140,No,68.59
Banana,8,30,3.46,73.84,27.07,Soft,9,57,62,No,71.22
Pineapple,1,68,4.16,27.1,39.7,Medium,9,16,152,Yes,98.01
Lime,1,87,3.23,31.38,30.52,Soft,6,69,130,Yes,78.27
Watermelon,6,32,6.53,28.66,28.75,Hard,7,78,126,No,82.04
Grape,9,71,7.25,51.2,34.03,Hard,8,85,212,No,89.1
Lime,3,87,5.17,35.75,16.98,Soft,4,40,162,No,78.41
Apple,9,49,7.64,22.33,18.1,Soft,8,97,205,No,79.92
Raspberry,7,83,5.95,46.25,15.71,Hard,8,4,29,Yes,62.27
Blueberry,8,15,6.15,79.91,35.61,Medium,10,22,182,No,52.94
Pomegranate,6,75,7.23,55.64,8.08,Hard,6,68,51,Yes,86.07
Pineapple,4,76,4.48,80.27,0.65,Medium,1,9,235,No,92.43
Blackberry,7,38,4.77,25.67,29.81,Soft,7,67,14,Yes,70.6
Plum,3,88,7.53,23.36,47.12,Soft,4,11,350,No,77.45
Kiwi,1,45,7.5,56.05,30.47,Medium,10,9,58,No,65.36
Papaya,10,95,7.88,47.07,39.15,Medium,7,59,137,No,72.51
Peach,5,87,7.51,62.81,33.64,Hard,1,29,128,No,60.44
Banana,8,46,3.64,73.57,24.87,Medium,6,23,37,Yes,87.99
Plum,0,43,7.12,70.1,35.92,Soft,4,68,359,No,74.6
Lime,10,8,5.05,85.38,41.21,Soft,3,12,268,No,77.36
Grape,9,86,7.95,41.86,11.24,Soft,9,99,85,Yes,51.85
Raspberry,6,49,5.36,26.51,16.81,Medium,5,8,210,Yes,81.12
Papaya,9,76,5.77,54.07,11.19,Medium,4,17,139,Yes,60.13
Cherry,8,59,5.65,18.86,22.61,Soft,5,34,27,Yes,69.17
Grape,9,95,4.61,33.11,44.25,Medium,8,94,344,No,70.64
Lime,8,14,3.38,26.63,17.26,Hard,0,87,233,No,72.44
Apple,9,35,7.48,41.73,18.72,Hard,10,3,171,No,61.37
Watermelon,10,62,7.01,18.9,43.02,Medium,0,40,178,No,92.51
Cherry,2,68,3.7,12.55,25.77,Medium,5,25,354,Yes,71.39
Peach,10,85,6.88,62.54,26.77,Soft,1,43,20,No,80.61
Apple,4,79,6.13,58.82,43.04,Medium,7,41,303,Yes,80.7
Plum,7,40,5.05,66.67,24.53,Soft,6,9,264,No,80.35
Lime,7,73,4.27,62.83,34.08,Hard,5,72,197,Yes,77.97
Plum,3,23,7.3,19.14,4.28,Medium,3,0,327,Yes,91.13
Pear,10,81,6.5,33.29,8.93,Hard,8,53,64,Yes,90.63
Blueberry,10,48,5.74,20.36,20.22,Medium,6,15,44,Yes,70.86
Kiwi,0,17,6.05,77.44,24.74,Medium,6,45,244,Yes,81.79
Cherry,0,6,3.46,69.75,48.29,Soft,4,12,12,Yes,55.14
Lime,3,3,5.37,26.12,48.53,Soft,0,63,361,Yes,54.54
Grape,5,89,3.97,37.3,42.56,Medium,1,77,260,Yes,74.0
Raspberry,7,68,4.04,87.33,15.78,Medium,7,86,296,No,95.01
Orange,5,59,6.31,57.53,48.2,Soft,10,54,257,Yes,82.5
Lemon,8,54,7.56,74.09,34.47,Hard,4,62,235,No,83.46
Blueberry,8,15,5.02,31.17,19.65,Medium,1,17,247,Yes,57.88
Papaya,1,98,4.04,26.8,35.08,Soft,4,60,141,No,72.67
Pear,9,89,6.24,72.71,0.83,Medium,7,91,306,No,70.04
Apple,0,81,7.36,64.87,7.31,Soft,3,19,181,Yes,89.15
Blackberry,1,28,6.74,64.48,41.48,Hard,2,64,153,No,56.89
Peach,4,22,7.34,54.21,32.28,Medium,4,63,44,No,76.96
Kiwi,3,13,5.68,55.09,18.21,Medium,6,75,109,No,95.57
Pear,3,78,6.76,68.86,25.03,Hard,1,90,98,Yes,94.62
Banana,8,48,3.7,31.6,45.26,Medium,0,63,227,Yes,92.62
Pomegranate,10,32,4.74,38.22,31.58,Medium,10,12,81,Yes,68.75
Peach,7,24,4.95,79.73,19.91,Medium,4,67,218,Yes,97.06
Grape,5,20,5.56,34.71,6.02,Soft,6,88,149,No,90.27
Watermelon,0,16,7.65,53.7,14.69,Soft,7,69,76,No,92.56
Watermelon,1,22,7.37,66.21,48.92,Medium,10,56,80,No,96.62
Watermelon,5,56,3.67,89.99,21.87,Hard,7,44,52,No,96.85
Kiwi,10,80,3.86,44.82,23.59,Hard,9,85,63,Yes,62.0
Lime,1,57,4.79,44.25,24.93,Medium,8,37,84,Yes,56.38
Lime,9,13,4.45,77.41,44.21,Soft,10,53,343,Yes,84.54
Peach,4,92,6.07,74.44,30.2,Soft,10,35,255,Yes,78.16
Plum,4,19,7.51,68.49,34.68,Medium,0,66,59,No,66.37
Blueberry,5,29,7.81,47.06,19.47,Soft,6,78,8,No,84.22
Orange,5,18,6.27,35.92,1.45,Soft,9,10,307,No,53.1
Pear,5,52,7.19,58.7,46.55,Hard,7,97,76,Yes,52.36
Grape,1,55,5.63,80.1,47.46,Medium,5,26,78,No,67.72
Pineapple,9,76,4.04,80.7,47.46,Soft,9,86,124,No,59.69
Grape,2,81,5.62,18.68,47.18,Soft,3,16,12,No,85.93
Banana,5,22,5.78,44.27,40.76,Soft,6,86,280,No,97.4
Blackberry,7,61,6.71,47.18,34.23,Medium,2,97,45,No,83.08
Cherry,10,32,4.1,88.21,42.23,Medium,1,84,53,No,82.74
Cherry,0,17,4.84,64.24,30.03,Soft,5,32,181,Yes,50.33
Orange,0,72,4.82,42.58,6.72,Hard,1,4,234,No,75.61
Lime,10,32,7.8,12.08,19.56,Hard,5,80,186,Yes,90.86
Papaya,1,31,5.22,55.23,48.56,Medium,9,61,293,Yes,82.71
Blackberry,10,60,6.78,17.69,17.56,Hard,2,64,75,Yes,61.39
Pear,5,53,6.75,76.76,43.39,Soft,1,70,198,No,92.42
Watermelon,8,16,4.33,70.2,4.66,Medium,7,66,79,No,98.22
Lime,3,18,5.86,46.84,16.71,Medium,3,89,233,Yes,63.95
Raspberry,2,90,7.47,44.34,17.55,Hard,3,79,168,No,60.35
Raspberry,7,69,5.38,81.79,2.58,Medium,6,79,23,No,66.93
Apple,10,98,7.73,33.08,5.95,Hard,7,43,230,No,53.16
Cherry,9,100,4.07,29.92,9.66,Hard,8,13,305,Yes,93.67
Plum,8,33,3.37,85.14,41.89,Soft,9,89,135,No,96.46
Apple,10,83,7.46,74.74,3.17,Hard,7,90,293,No,81.67
Blackberry,4,24,7.24,75.65,14.94,Hard,3,56,38,Yes,88.22
Pineapple,8,67,7.96,25.62,0.51,Medium,1,47,232,Yes,83.43
Blackberry,1,73,6.4,21.46,34.78,Soft,9,16,355,No,68.87
Plum,2,73,7.68,12.08,31.02,Soft,4,43,168,No,81.6
Orange,6,87,7.13,28.96,32.25,Hard,6,3,285,Yes,91.82
Banana,6,84,7.22,71.94,18.72,Medium,1,80,103,Yes,90.5
Lemon,5,10,5.85,29.2,10.41,Medium,3,96,145,Yes,54.05
Peach,5,90,4.91,68.33,36.02,Medium,5,29,243,No,73.13
Banana,1,15,7.67,30.15,40.56,Soft,7,84,148,No,69.87
Grape,9,89,5.16,41.62,6.93,Soft,9,80,153,No,87.6
Grape,5,60,5.69,88.65,24.34,Hard,5,74,316,No,75.07
Watermelon,3,93,5.23,29.58,12.44,Hard,5,54,319,No,67.49
Orange,2,79,5.82,40.11,8.41,Medium,5,29,295,No,85.32
Peach,10,6,5.35,34.09,36.72,Hard,3,17,126,Yes,73.68
Grape,1,15,3.24,18.77,26.9,Medium,2,83,192,No,62.83
Papaya,0,98,7.41,49.19,10.81,Soft,0,97,83,No,94.52
Grape,10,15,5.22,40.3,15.5,Hard,1,91,21,Yes,55.65
Pear,10,39,5.94,65.59,48.33,Medium,1,72,288,Yes,50.9
Pomegranate,4,11,3.7,75.41,42.43,Soft,9,43,284,Yes,57.2
Pomegranate,1,34,3.02,53.54,44.0,Medium,6,61,359,Yes,58.18
Raspberry,1,20,4.23,12.58,23.0,Hard,10,30,268,Yes,76.9
Peach,6,49,6.52,59.51,31.19,Medium,5,15,121,Yes,81.24
Blueberry,7,42,3.5,14.43,18.84,Soft,7,94,111,Yes,72.43
Cherry,9,99,7.54,59.31,3.89,Hard,8,92,79,Yes,60.21
Kiwi,7,16,4.08,64.8,20.05,Soft,4,76,348,Yes,56.61
Mango,3,31,4.02,25.82,29.7,Hard,10,22,85,No,74.61
Pomegranate,0,40,3.91,75.55,14.36,Medium,2,13,80,No,78.27
Banana,10,5,3.07,82.89,42.4,Soft,3,1,151,No,65.2
Pomegranate,6,87,6.86,75.05,7.56,Soft,10,11,244,Yes,61.02
Pomegranate,0,26,7.38,34.41,18.36,Medium,7,57,218,No,54.03
Papaya,10,19,6.07,56.93,6.25,Soft,2,91,15,Yes,51.31
Peach,3,24,3.94,83.19,20.24,Soft,1,95,101,Yes,55.29
Lemon,7,65,4.43,35.65,1.98,Soft,6,55,268,Yes,87.1
Lemon,1,8,5.38,75.6,13.63,Soft,3,23,35,Yes,67.2
Pear,5,91,7.77,10.76,20.04,Medium,7,36,351,No,51.37
Mango,5,52,4.24,10.29,23.91,Soft,0,28,283,No,75.41
Raspberry,8,60,6.66,70.78,27.18,Soft,7,41,125,Yes,76.8
Plum,4,37,5.2,70.92,13.75,Soft,4,17,224,No,71.43
Blueberry,9,2,4.49,73.12,26.15,Hard,1,2,161,No,55.53
Kiwi,3,83,5.28,84.4,25.45,Hard,0,76,13,Yes,87.75
Strawberry,4,69,3.36,19.43,15.81,Medium,5,12,165,No,84.45
Orange,9,96,6.99,28.56,41.51,Medium,8,28,258,No,69.74
Lemon,10,54,4.22,82.3,27.28,Medium,8,65,293,No,69.04
Plum,4,0,6.63,24.18,16.61,Soft,8,58,114,Yes,57.8
Strawberry,7,100,3.34,64.58,47.37,Hard,10,91,120,No,87.68
Strawberry,9,69,7.78,52.44,42.26,Hard,3,47,69,No,79.98
Orange,7,44,3.97,16.66,49.13,Medium,5,3,274,Yes,54.29
Mango,1,97,7.41,32.82,34.61,Hard,9,50,48,No,68.9
Kiwi,6,46,7.05,51.63,18.91,Medium,5,4,337,No,95.18
Lemon,7,78,7.84,78.19,14.04,Soft,4,38,322,Yes,72.62
Peach,10,25,5.39,66.6,33.17,Hard,1,40,362,Yes,66.25
Kiwi,5,13,6.64,59.75,49.04,Soft,6,4,58,No,82.19
Lemon,4,53,4.85,49.68,31.34,Soft,0,7,78,Yes,60.15
Lemon,10,70,3.92,33.89,44.08,Hard,5,97,204,No,76.19
Banana,8,45,5.22,19.54,16.46,Medium,4,55,225,Yes,83.48
Blackberry,2,30,3.83,42.73,20.35,Hard,4,24,263,Yes,92.74
Lime,9,87,7.91,12.28,45.31,Soft,7,90,103,Yes,84.63
Peach,3,58,3.48,26.88,37.84,Medium,8,51,109,No,69.22
Apple,8,94,5.95,44.6,49.07,Soft,6,51,265,No,88.39
Apple,5,28,6.13,43.49,38.74,Medium,9,6,325,Yes,94.92
Pineapple,7,95,5.69,13.54,22.43,Hard,7,60,56,Yes,73.89
Watermelon,6,16,6.31,57.12,26.55,Soft,1,99,312,No,50.23
Papaya,10,13,3.58,53.97,45.03,Medium,1,95,252,Yes,94.05
Orange,1,35,5.78,16.25,27.58,Medium,7,84,300,Yes,58.27
Lime,2,57,4.44,85.45,12.77,Hard,5,46,72,Yes,56.32
Lemon,0,23,7.7,17.95,21.78,Medium,7,81,141,No,65.38
Papaya,8,62,6.81,78.39,25.82,Medium,8,65,180,No,69.0
Plum,6,90,7.86,10.02,4.84,Soft,8,58,203,Yes,89.97
Cherry,0,24,3.19,80.58,37.19,Hard,10,4,271,Yes,69.46
Strawberry,2,58,4.43,11.58,5.47,Hard,5,43,110,No,52.44
Pineapple,3,31,3.98,70.62,20.25,Soft,7,41,82,No,81.8
Blueberry,3,81,3.06,38.94,40.23,Soft,1,60,84,Yes,83.56
Plum,4,17,4.21,69.06,23.38,Soft,7,62,257,Yes,90.71
Lemon,2,36,6.39,42.14,42.1,Medium,2,49,193,Yes,69.94
Watermelon,2,25,4.16,15.67,17.09,Hard,0,37,139,No,54.3
Watermelon,0,8,5.55,71.4,47.88,Hard,6,91,221,Yes,77.65
Cherry,6,98,7.44,15.7,10.47,Hard,0,94,189,No,56.05
Lemon,10,63,6.47,83.77,1.91,Medium,10,53,349,Yes,50.85
Plum,9,71,4.97,14.08,43.62,Hard,0,43,344,Yes,88.93
Plum,0,19,4.86,48.35,37.61,Hard,0,23,340,Yes,70.17
Plum,1,53,5.28,67.84,11.6,Hard,3,62,197,No,76.25
Strawberry,3,85,3.89,41.46,49.24,Hard,3,96,301,No,83.14
Lemon,3,82,6.17,27.38,25.11,Soft,9,38,74,Yes,70.05
Grape,4,29,4.82,70.73,47.55,Medium,10,11,198,Yes,52.56
Mango,10,52,7.26,72.74,25.25,Hard,5,62,324,Yes,62.64
Raspberry,1,91,6.78,83.82,23.59,Hard,9,8,260,No,59.72
Mango,3,98,6.05,40.09,22.46,Hard,2,78,199,Yes,98.87
Plum,0,62,4.82,50.5,16.74,Hard,9,86,304,Yes,86.98
Apple,1,10,4.05,39.05,26.69,Hard,5,21,353,No,72.58
Grape,0,30,6.88,30.57,22.63,Soft,6,35,137,No,53.17
Blackberry,9,48,5.43,70.08,1.84,Soft,10,73,346,Yes,55.79
Orange,9,99,4.12,37.17,13.02,Medium,0,27,175,No,90.64
Apple,3,93,3.98,44.25,10.66,Medium,5,55,316,No,97.27
Kiwi,3,86,3.83,42.29,43.37,Hard,9,98,308,No,51.57
Raspberry,6,18,6.89,67.01,29.94,Hard,0,28,342,No,95.52
Pineapple,9,11,4.14,83.42,38.18,Soft,6,4,353,No,69.03
Kiwi,10,14,5.63,63.34,47.84,Medium,9,3,304,No,60.68
Papaya,10,30,5.26,47.73,32.2,Hard,4,50,133,No,55.11
Papaya,8,42,5.9,72.34,49.13,Hard,9,14,27,No,88.59
Lime,8,100,7.39,61.28,15.59,Hard,3,93,257,Yes,73.45
Plum,4,36,7.34,14.85,9.31,Medium,0,59,51,Yes,91.62
Mango,9,78,5.26,17.65,20.17,Soft,8,25,144,No,61.31
Blueberry,0,28,3.08,13.03,23.54,Soft,6,22,355,No,83.93
Orange,0,25,5.13,46.55,44.77,Hard,1,28,356,Yes,55.91
Papaya,5,1,6.03,76.07,28.0,Hard,3,85,236,Yes,54.49
Apple,1,83,5.79,35.05,14.61,Hard,3,98,160,Yes,56.67
Pineapple,7,14,6.26,40.73,37.13,Hard,7,56,359,Yes,90.45
Kiwi,8,3,3.77,82.76,25.29,Hard,1,61,303,Yes,82.78
Lime,3,85,6.23,76.95,8.11,Medium,10,58,271,No,58.3
Blueberry,4,49,3.91,63.2,28.84,Soft,4,47,154,No,69.24
Lime,10,37,6.75,31.34,45.57,Medium,9,81,37,Yes,88.18
Blueberry,7,22,4.7,19.36,42.13,Medium,7,34,217,No,64.28
Papaya,2,58,6.55,11.28,29.34,Hard,5,45,130,Yes,96.06
Papaya,4,89,3.24,18.56,18.85,Medium,3,32,76,Yes,95.73
Grape,2,74,5.04,33.41,4.35,Soft,4,70,288,No,77.65
Strawberry,9,27,6.53,54.14,23.48,Hard,1,97,197,No,81.6
Strawberry,2,65,4.13,15.12,37.6,Soft,4,9,311,No,82.66
Watermelon,2,7,6.98,20.9,18.01,Medium,2,87,217,No,62.92
Kiwi,6,28,6.15,24.49,11.77,Hard,2,88,99,Yes,68.27
Orange,6,10,5.94,60.56,46.57,Soft,6,47,312,No,56.8
Orange,6,100,4.77,59.26,41.08,Soft,2,43,285,Yes,96.24
Orange,9,17,5.41,54.06,31.91,Hard,3,90,230,No,86.19
Strawberry,7,54,5.99,30.04,6.84,Soft,6,69,109,No,52.32
Mango,4,49,5.36,39.69,7.25,Hard,2,62,340,Yes,77.47
Plum,4,13,6.49,17.74,5.16,Hard,9,48,164,Yes,67.15
Blackberry,3,73,5.17,28.12,30.81,Medium,9,71,116,Yes,90.76
Plum,6,98,4.01,81.82,5.78,Soft,1,84,71,No,67.19
Lemon,9,8,4.07,88.38,42.13,Hard,9,40,214,Yes,82.21
Watermelon,3,98,3.03,61.81,49.65,Medium,6,82,338,No,58.29
Papaya,1,10,4.5,83.35,18.32,Medium,4,97,53,Yes,77.94
Orange,3,62,6.74,61.42,22.68,Hard,0,38,85,Yes,64.69
Grape,7,75,6.97,12.66,35.58,Hard,9,22,342,No,58.24
Blueberry,8,66,4.01,89.74,46.86,Soft,7,12,76,No,80.96
Grape,2,52,7.8,17.92,44.7,Soft,2,52,267,Yes,81.93
Mango,6,38,5.51,64.61,2.88,Soft,10,91,248,Yes,99.17
Pear,8,77,7.58,30.23,8.45,Hard,6,69,332,No,83.46
Papaya,10,55,6.53,41.36,37.73,Medium,5,56,286,No,75.79
Watermelon,3,27,6.61,61.67,34.44,Medium,9,75,79,Yes,95.63
Pineapple,9,74,3.43,44.92,6.66,Hard,5,66,107,Yes,91.41
Papaya,2,38,4.1,30.04,25.1,Soft,7,47,82,No,77.44
Grape,4,24,3.04,36.76,39.04,Medium,3,19,202,Yes,75.57
Pomegranate,0,20,6.58,37.32,10.94,Medium,3,61,230,Yes,97.1
Peach,2,9,4.72,86.75,43.56,Soft,2,44,227,No,80.86
Apple,7,42,6.93,73.89,2.65,Medium,0,62,20,Yes,85.69
Plum,10,14,4.69,46.68,39.11,Soft,9,7,268,No,54.33
Apple,7,82,7.1,25.99,30.79,Medium,2,25,323,No,85.92
Orange,3,47,3.65,74.88,15.76,Medium,0,37,178,Yes,63.23
Watermelon,1,85,3.87,22.57,36.05,Medium,5,91,140,No,55.78
Pomegranate,7,20,4.7,26.84,39.12,Soft,7,98,310,No,92.48
Banana,7,59,5.04,39.28,46.69,Medium,2,40,80,No,84.56
Grape,9,95,4.74,80.43,18.39,Medium,3,1,182,Yes,70.38
Cherry,3,49,6.82,20.54,34.3,Medium,4,6,74,Yes,71.57
Peach,2,22,3.48,19.78,30.13,Hard,6,24,147,Yes,59.86
Pear,1,12,4.76,49.52,26.26,Medium,10,50,233,No,50.48
Raspberry,8,68,7.19,32.11,44.52,Medium,5,49,142,No,67.47
Pomegranate,0,3,3.33,55.5,0.16,Soft,1,95,150,Yes,57.42
Kiwi,6,91,7.71,46.13,14.11,Soft,6,63,132,Yes,71.09
Lime,4,77,7.93,44.8,26.91,Hard,7,11,239,No,91.69
Papaya,7,71,3.44,18.96,8.91,Soft,0,52,315,Yes,55.74
Banana,3,8,4.46,21.28,45.39,Soft,5,74,162,No,54.59
Lemon,6,34,4.86,75.69,32.38,Soft,10,9,320,Yes,95.11
Cherry,4,100,6.88,80.87,23.89,Hard,8,60,250,Yes,87.26
Blackberry,4,20,5.98,28.77,40.74,Hard,6,54,128,Yes,52.65
Lemon,8,57,6.22,19.08,22.54,Medium,4,98,274,Yes,53.98
Strawberry,8,17,6.79,14.27,27.93,Medium,9,67,82,No,84.25
Peach,8,96,3.59,58.66,0.14,Soft,10,41,232,Yes,68.52
Lemon,5,71,7.17,67.23,18.29,Medium,9,65,31,No,86.21
Blueberry,5,80,6.53,39.82,6.94,Medium,8,43,234,No,70.22
Watermelon,4,42,5.89,64.37,34.48,Hard,1,27,84,Yes,98.39
Pineapple,8,94,7.45,67.04,23.95,Hard,6,77,42,No,84.72
Cherry,9,97,6.5,84.83,15.09,Medium,8,57,202,No,52.33
Watermelon,7,5,4.01,15.19,23.39,Medium,1,92,251,Yes,66.53
Orange,6,85,5.15,25.38,10.48,Medium,10,1,85,Yes,78.18
Papaya,6,77,5.47,15.48,46.25,Soft,9,54,183,Yes,57.09
Blackberry,5,66,3.28,79.44,2.7,Hard,5,33,266,Yes,50.13
Apple,4,11,7.77,73.41,43.27,Medium,8,96,71,Yes,53.97
Strawberry,3,99,3.64,55.97,25.57,Medium,2,19,22,Yes,76.21
Blackberry,2,11,6.49,16.69,30.95,Soft,7,46,76,No,81.61
Papaya,2,65,5.53,31.86,15.13,Hard,4,93,269,No,54.65
Pomegranate,5,1,3.13,33.82,48.33,Soft,6,25,168,Yes,83.26
Blackberry,3,14,7.62,54.86,14.09,Soft,2,83,353,No,80.86
Kiwi,5,22,7.26,30.64,29.44,Medium,7,0,351,No,96.99
Peach,2,28,5.62,15.84,49.67,Soft,1,64,240,No,92.03
Mango,3,80,4.14,68.46,44.05,Soft,7,88,51,Yes,97.16
Plum,8,95,3.61,33.93,26.82,Medium,1,96,83,Yes,98.31
Pear,4,6,4.82,46.19,49.52,Hard,6,86,352,Yes,72.04
Plum,6,93,4.28,20.21,35.07,Medium,1,74,90,Yes,74.4
Raspberry,9,27,5.53,74.2,10.44,Hard,6,14,13,No,64.08
Peach,1,13,7.83,55.24,20.28,Soft,0,13,157,Yes,75.42
Orange,4,43,5.87,82.13,16.72,Soft,5,54,199,Yes,57.54
Blueberry,8,29,7.45,49.64,17.2,Medium,9,0,154,Yes,83.57
Blueberry,10,80,6.25,85.31,38.02,Medium,6,32,198,No,51.25
Papaya,2,31,5.38,81.35,29.21,Medium,3,69,224,No,61.78
Cherry,8,69,7.27,56.12,1.9,Soft,10,55,118,No,60.4
Orange,10,87,5.36,84.71,43.87,Soft,10,22,151,Yes,96.89
Raspberry,5,5,7.34,35.85,14.84,Hard,0,53,244,Yes,57.25
Lemon,3,26,4.46,39.25,49.85,Medium,5,89,75,No,94.54
Pomegranate,6,81,3.64,13.64,47.71,Soft,3,2,213,No,56.22
Mango,7,87,7.28,57.14,47.03,Hard,2,45,275,No,82.53
Grape,5,100,5.94,67.75,40.56,Medium,3,5,354,Yes,65.99
Raspberry,4,23,7.45,71.88,11.03,Medium,5,24,244,Yes,65.8
Mango,5,33,7.69,21.99,26.63,Hard,4,16,178,No,99.91
Lime,4,39,3.27,45.53,11.22,Hard,1,27,108,No,61.3
Orange,7,46,5.5,24.15,12.98,Hard,1,31,291,No,60.13
Strawberry,0,78,4.87,62.97,30.55,Soft,2,92,177,Yes,79.47
Raspberry,10,74,6.13,22.64,2.04,Medium,10,22,174,Yes,87.04
Papaya,6,85,6.97,82.33,48.47,Medium,5,15,93,No,99.13
Pear,9,23,4.4,28.45,45.93,Hard,0,95,100,No,85.07
Papaya,9,64,5.78,33.31,19.04,Soft,10,25,181,Yes,78.09
Watermelon,10,17,6.54,78.07,25.77,Hard,6,32,159,No,70.46
Mango,1,43,3.67,46.68,23.31,Soft,7,57,96,Yes,79.76
Cherry,8,75,7.07,11.92,44.11,Medium,6,47,232,Yes,80.04
Lime,0,56,6.03,49.57,34.43,Medium,10,82,251,No,60.89
Strawberry,10,27,7.75,16.76,13.91,Soft,2,54,340,Yes,83.56
Pear,9,70,4.7,88.83,22.34,Medium,5,40,67,Yes,60.22
Pomegranate,5,22,3.54,57.05,21.45,Medium,3,61,237,Yes,74.5
Lemon,8,84,5.53,30.52,47.97,Hard,4,16,19,Yes,62.99
Watermelon,0,33,3.43,55.1,8.77,Soft,2,58,287,Yes,65.64
Blueberry,3,10,7.85,16.15,4.48,Medium,4,13,288,Yes,80.69
Pomegranate,3,85,3.19,73.99,44.03,Medium,5,81,207,No,53.22
Cherry,8,34,6.77,84.03,44.83,Soft,7,20,311,Yes,50.6
Lemon,10,92,5.63,79.96,43.59,Medium,5,62,103,Yes,56.53
Lime,4,41,4.84,37.34,25.55,Soft,8,45,159,Yes,58.44
Apple,4,27,3.33,36.06,32.99,Soft,9,54,195,Yes,59.89
Raspberry,5,81,6.11,12.81,28.17,Hard,9,61,51,Yes,88.7
Blackberry,0,77,5.93,62.11,3.47,Soft,9,38,224,No,72.34
Cherry,0,81,4.4,52.79,29.79,Hard,9,41,202,Yes,73.5
Raspberry,8,91,7.55,46.75,0.68,Medium,3,47,92,Yes,82.22
Peach,2,23,4.52,82.61,16.25,Soft,1,27,155,No,86.46
Watermelon,3,7,5.25,23.43,46.61,Hard,8,83,176,Yes,50.18
Banana,0,52,5.72,10.77,15.2,Soft,10,5,110,No,92.84
Grape,8,71,3.5,15.87,46.99,Medium,2,58,299,No,99.42
Peach,7,3,7.66,27.87,12.51,Hard,10,89,223,Yes,56.09
Pear,1,90,4.87,12.66,15.73,Hard,6,69,179,No,82.55
Kiwi,7,99,3.4,50.23,31.42,Hard,3,38,226,No,50.12
Watermelon,6,4,4.94,35.13,38.08,Medium,0,56,75,Yes,52.45
Kiwi,10,96,6.0,24.44,25.07,Hard,7,53,71,Yes,64.25
Kiwi,5,48,5.57,70.01,44.11,Medium,3,59,328,No,92.32
Lemon,0,97,6.47,26.36,2.01,Medium,10,89,209,No,82.63
Strawberry,6,29,3.28,65.01,46.11,Soft,5,16,103,Yes,72.29
Lemon,9,71,4.42,37.94,9.82,Medium,6,39,41,Yes,71.93
Pomegranate,6,62,7.1,50.95,44.21,Hard,7,65,334,Yes,73.3
Blackberry,8,46,3.4,84.71,20.04,Hard,9,84,280,Yes,65.55
Plum,0,25,7.28,12.99,41.64,Medium,1,53,30,Yes,93.89
Raspberry,1,56,3.46,50.02,33.58,Medium,8,70,243,No,78.39
Watermelon,10,36,7.17,78.35,8.8,Soft,9,43,52,No,74.2
Mango,8,97,4.8,57.04,45.9,Soft,2,83,57,No,73.25
Blackberry,8,6,6.06,32.15,12.28,Hard,0,66,190,No,96.79
Lemon,5,39,3.76,41.81,12.21,Medium,1,56,79,Yes,86.18
Cherry,5,91,3.33,64.42,40.71,Hard,7,35,196,No,57.24
Plum,3,38,4.08,81.26,5.29,Medium,9,56,197,No,71.85
Banana,3,61,3.64,13.29,11.1,Hard,5,42,31,No,64.42
Raspberry,4,91,4.56,15.72,25.18,Hard,10,43,332,Yes,99.34
Watermelon,2,77,5.57,36.0,41.52,Hard,0,61,30,Yes,70.77
Grape,0,52,5.94,28.62,7.37,Medium,10,82,113,Yes,53.39
Mango,0,3,6.95,31.19,27.38,Soft,8,60,138,Yes,70.56
Lime,6,81,6.28,27.7,35.56,Soft,6,93,222,No,66.07
Blueberry,0,24,6.04,25.67,43.03,Medium,9,10,172,No,79.98
Apple,0,6,5.06,20.45,46.78,Soft,10,76,155,No,61.3
Peach,2,27,5.37,84.72,39.23,Hard,2,32,276,No,51.8
Raspberry,9,68,5.07,21.54,32.64,Medium,6,65,220,No,54.79
Lemon,3,66,7.21,26.35,21.68,Medium,5,22,276,No,64.16
Orange,3,94,4.15,29.7,5.61,Soft,2,48,12,No,67.42
Grape,1,19,3.03,84.64,35.49,Soft,7,19,85,No,91.72
Kiwi,0,82,6.26,70.46,49.64,Hard,0,93,222,Yes,63.5
Pear,2,10,4.01,73.18,36.84,Medium,4,14,49,No,51.57
Lemon,10,66,7.45,18.38,0.84,Soft,7,65,180,No,89.04
Strawberry,3,86,7.3,76.9,24.81,Medium,2,29,10,Yes,93.45
Plum,2,6,3.38,42.66,30.73,Hard,10,88,261,No,74.62
Cherry,7,22,3.53,31.03,34.48,Hard,9,3,320,No,64.25
Strawberry,9,60,5.48,56.06,35.99,Hard,10,63,186,Yes,88.61
Watermelon,0,70,6.05,75.77,27.91,Medium,5,64,229,Yes,50.44
Plum,1,33,4.37,72.29,11.17,Medium,9,7,158,No,96.2
Banana,6,18,6.58,81.2,47.11,Medium,10,51,273,Yes,93.28
Lime,3,57,5.97,84.25,34.83,Medium,1,13,323,Yes,77.24
Pineapple,7,8,4.62,29.05,11.84,Medium,8,57,21,Yes,63.88
Lemon,10,47,3.13,43.91,16.12,Hard,1,10,16,Yes,51.64
Watermelon,2,81,6.75,11.17,46.1,Hard,4,58,283,No,99.99
Orange,5,40,4.07,80.35,44.37,Hard,2,23,115,Yes,88.1
Pear,8,47,7.17,22.37,20.26,Soft,9,87,6,Yes,66.94
Pineapple,0,44,5.1,78.92,1.92,Hard,8,31,298,No,50.96
Banana,0,24,5.89,36.35,2.42,Medium,8,88,259,Yes,81.96
Plum,7,77,7.36,39.45,14.2,Hard,6,45,40,Yes,99.35
Lime,2,24,7.32,13.13,31.46,Soft,9,27,276,Yes,85.35
Apple,4,18,4.86,36.15,29.21,Soft,4,15,232,No,54.19
Cherry,0,38,4.04,81.07,31.69,Soft,8,41,7,Yes,70.11
Apple,4,78,6.88,12.04,35.86,Soft,6,15,315,Yes,55.46
Pineapple,10,79,5.17,42.51,0.95,Soft,1,99,93,Yes,95.61
Banana,5,26,3.96,12.51,5.25,Medium,9,11,308,Yes,66.52
Lime,7,73,7.52,39.67,17.97,Hard,0,75,21,Yes,86.67
Banana,2,62,3.99,23.81,7.74,Medium,9,61,11,Yes,54.23
Strawberry,2,67,3.13,30.18,3.77,Medium,9,33,50,No,56.42
Banana,10,18,3.1,80.21,32.05,Soft,3,37,265,Yes,83.97
Lime,10,27,6.11,44.88,40.77,Hard,9,83,45,No,92.17
Strawberry,9,84,6.31,31.9,37.63,Hard,7,46,285,No,60.07
Pear,8,77,4.56,57.15,40.85,Hard,5,78,318,No,70.92
Lemon,3,32,4.6,21.37,33.29,Soft,1,21,271,No,80.97
Lemon,3,9,4.7,30.75,36.77,Medium,4,79,275,Yes,89.81
Grape,6,82,6.4,53.7,13.59,Hard,8,87,35,Yes,81.41
Peach,1,29,3.29,29.0,49.65,Medium,5,2,141,Yes,54.77
Banana,7,21,7.65,64.33,9.16,Hard,5,0,144,Yes,77.14
Pineapple,5,2,4.11,49.32,10.72,Hard,6,52,323,Yes,94.23
Grape,2,100,8.0,71.76,14.45,Hard,10,63,245,Yes,93.4
Pineapple,8,81,3.86,85.86,48.77,Hard,4,43,351,No,79.25
Lime,4,74,6.86,19.26,49.41,Soft,2,46,311,Yes,99.78
Lime,7,47,4.12,36.77,39.74,Soft,2,37,193,Yes,55.26
Pear,6,1,3.4,35.56,31.45,Medium,4,62,35,No,73.93
Pear,7,75,7.37,22.09,26.0,Soft,3,80,272,Yes,88.76
Cherry,6,53,7.29,74.82,48.53,Hard,4,40,178,No,57.05
Peach,2,5,5.02,70.79,34.78,Medium,8,20,270,Yes,98.64
Watermelon,1,39,6.51,48.75,47.24,Medium,4,44,318,Yes,67.7
Grape,6,92,5.79,53.02,15.83,Medium,3,12,151,No,67.51
Grape,2,93,7.26,14.76,16.69,Hard,3,65,99,Yes,60.66
Pineapple,2,1,4.58,54.44,42.74,Hard,0,65,29,Yes,64.4
Apple,1,72,5.62,73.31,7.49,Medium,9,42,150,No,78.88
Banana,3,1,5.43,55.91,47.3,Soft,3,61,208,Yes,71.47
Pomegranate,7,92,4.77,31.22,25.37,Hard,3,88,349,Yes,59.67
Blueberry,0,96,7.46,63.4,46.32,Hard,8,91,262,Yes,90.46
Mango,0,73,3.83,38.92,16.84,Soft,10,47,210,Yes,53.11
Strawberry,4,97,3.75,53.59,35.8,Medium,3,25,89,No,91.73
Blueberry,10,54,5.88,49.01,24.14,Soft,6,98,237,No,63.75
Peach,4,71,6.29,40.49,31.34,Hard,0,91,248,No,74.8
Plum,10,100,3.97,67.51,25.22,Medium,6,60,258,No,69.05
Peach,0,59,4.95,80.71,48.36,Medium,1,61,192,No,78.53
Blueberry,5,96,7.73,10.42,34.61,Soft,10,96,96,Yes,89.8
Banana,0,5,4.23,84.69,12.57,Hard,7,81,36,Yes,99.47
Banana,4,18,6.34,50.92,45.48,Hard,0,13,96,No,65.3
Pineapple,8,95,6.7,66.06,14.7,Medium,9,53,37,No,77.69
Kiwi,4,26,5.24,78.45,18.58,Hard,2,40,234,Yes,73.3
Raspberry,5,0,7.69,47.37,5.11,Medium,7,59,102,No,99.95
Apple,7,32,6.68,76.8,45.0,Medium,9,8,180,No,90.45
Pomegranate,10,39,5.29,24.21,14.31,Medium,7,43,325,Yes,69.85
Pomegranate,0,31,5.85,22.73,12.95,Hard,10,55,70,Yes,73.84
Grape,1,68,6.46,62.6,46.01,Soft,4,93,107,No,62.3
Plum,8,16,5.96,79.61,40.28,Medium,4,2,271,No,87.76
Blueberry,2,7,7.39,81.39,7.05,Soft,7,97,354,Yes,92.26
Pear,5,56,4.78,61.5,38.47,Soft,9,96,47,No,98.25
Blackberry,4,41,4.5,52.04,45.65,Soft,4,90,108,No,78.29
Banana,10,97,4.07,36.51,3.93,Soft,8,58,364,Yes,83.53
Plum,1,8,3.19,88.4,41.26,Soft,0,72,69,No,72.3
Mango,6,86,3.22,35.58,27.37,Medium,4,12,308,No,80.46
Papaya,3,34,7.35,69.53,33.46,Hard,2,29,2,No,67.44
Raspberry,0,70,6.39,52.56,24.64,Soft,2,52,219,Yes,86.88
Peach,3,78,6.3,58.68,34.89,Hard,1,79,45,Yes,51.14
Papaya,5,52,6.07,41.48,1.7,Hard,2,50,233,Yes,51.42
Strawberry,6,53,7.25,87.19,38.14,Medium,6,41,189,No,85.81
Banana,6,83,5.4,55.73,1.67,Soft,7,25,348,No,96.53
Kiwi,6,24,7.35,85.02,22.76,Hard,7,58,122,No,81.61
Apple,2,66,4.8,10.61,7.55,Hard,10,68,65,Yes,86.33
Pineapple,5,61,7.63,55.81,41.18,Soft,7,90,149,No,91.2
Cherry,7,54,6.49,67.37,15.68,Medium,0,78,249,Yes,68.08
Apple,3,45,4.29,69.61,22.7,Medium,10,91,67,No,55.41
Grape,7,23,5.82,82.4,21.44,Soft,6,2,350,No,96.65
Lime,1,97,5.67,10.35,38.63,Hard,1,40,59,Yes,96.93
Pomegranate,9,45,3.69,10.03,24.06,Medium,10,0,115,No,72.09
Peach,8,21,5.96,47.78,39.45,Medium,9,64,116,No,60.86
Blueberry,8,10,4.57,12.34,3.68,Hard,3,69,237,Yes,94.62
Lime,7,47,3.26,87.96,9.58,Hard,4,74,47,No,85.42
Strawberry,9,7,7.74,27.77,27.58,Hard,0,49,109,No,50.41
Lime,9,38,6.21,47.81,47.35,Hard,3,79,274,No,55.39
Apple,0,34,7.38,14.89,3.74,Soft,3,96,113,No,99.16
Cherry,1,48,6.38,51.76,2.15,Hard,8,87,33,Yes,51.91
Mango,5,45,4.78,40.4,7.83,Medium,8,58,280,No,64.13
Lime,9,37,5.56,13.57,32.06,Hard,10,95,292,Yes,77.42
Cherry,4,7,6.38,36.81,19.95,Hard,9,73,316,No,59.22
Pineapple,8,53,7.8,41.31,41.28,Soft,0,62,162,No,61.6
Blueberry,4,36,4.27,89.19,3.6,Soft,7,24,90,No,67.65
Papaya,1,90,7.37,26.63,9.82,Hard,3,9,51,Yes,63.48
Pear,9,91,7.62,53.58,15.0,Soft,3,76,144,No,90.17
Pear,3,39,6.35,88.99,31.34,Soft,4,0,104,No,75.01
Lemon,8,33,7.66,73.36,34.26,Soft,1,98,170,Yes,63.93
Pomegranate,0,95,4.99,89.47,6.21,Soft,0,13,16,Yes,65.65
Watermelon,10,78,7.77,87.46,47.19,Hard,4,20,133,No,51.99
Lime,0,16,6.51,49.16,17.05,Soft,6,57,170,Yes,52.47
Plum,6,32,3.21,65.71,35.66,Soft,9,37,30,Yes,85.9
Apple,10,46,7.53,18.84,26.21,Medium,8,0,160,No,55.65
Lime,2,51,5.42,45.29,11.14,Hard,1,83,147,Yes,73.79
Blueberry,9,79,5.3,74.72,42.31,Soft,7,4,307,No,92.12
Lime,1,92,5.83,50.43,40.91,Medium,6,43,237,Yes,68.42
Blueberry,8,8,3.75,66.22,19.8,Soft,1,95,175,Yes,67.29
Pineapple,2,32,5.35,69.66,29.43,Hard,4,64,72,No,93.65
Raspberry,1,59,7.16,30.28,12.89,Medium,6,56,363,No,93.24
Pomegranate,7,92,3.08,80.06,34.49,Medium,2,44,127,No,94.01
Plum,9,76,4.36,46.79,15.45,Hard,1,59,196,Yes,78.6
Pomegranate,5,20,3.01,26.81,42.2,Medium,5,65,185,No,97.62
Pineapple,5,57,5.08,79.23,10.87,Medium,9,94,150,No,90.95
Blueberry,9,84,6.64,43.43,0.74,Soft,5,46,214,No,70.78
Raspberry,10,68,6.99,70.02,13.43,Medium,10,25,94,Yes,81.48
Strawberry,6,9,7.73,53.84,9.55,Hard,3,8,58,No,56.09
Banana,6,5,6.04,40.55,25.41,Soft,0,50,219,No,77.57
Plum,10,12,4.27,74.79,10.19,Medium,4,93,219,Yes,63.16
Raspberry,5,64,7.62,56.76,38.16,Soft,0,7,13,No,64.18
Pineapple,3,19,6.88,41.24,12.07,Hard,10,4,283,No,56.29
Kiwi,10,56,5.87,18.77,35.35,Medium,10,38,140,No,67.91
Raspberry,8,45,6.48,81.64,28.92,Hard,7,67,274,No,74.07
Blackberry,5,7,7.62,12.84,49.31,Hard,1,39,119,Yes,80.02
Strawberry,3,9,6.56,79.05,50.0,Medium,8,35,271,No,65.24
Kiwi,2,72,4.84,38.8,43.48,Medium,8,20,97,No,89.61
Banana,3,66,6.57,61.15,38.0,Soft,2,96,330,No,76.05
Pomegranate,2,10,3.2,83.78,19.32,Hard,5,25,47,No,81.9
Watermelon,1,11,4.93,22.14,37.66,Medium,8,74,152,No,63.91
Pineapple,4,9,5.03,55.36,47.83,Hard,6,84,173,Yes,90.71
Plum,1,24,3.83,71.15,1.17,Medium,3,85,275,No,81.21
Apple,5,48,3.12,70.61,26.9,Hard,2,55,347,No,93.12
Raspberry,2,48,3.67,52.05,10.9,Soft,1,56,237,No,58.0
Orange,5,88,6.27,59.98,27.89,Hard,9,58,31,Yes,69.03
Raspberry,10,10,7.01,70.6,23.32,Medium,9,100,213,No,55.65
Peach,9,61,7.94,77.28,28.79,Soft,0,6,272,Yes,60.78
Banana,8,35,4.73,70.95,27.55,Soft,10,41,78,No,69.73
Blackberry,0,38,6.0,38.32,48.01,Medium,9,12,279,No,94.73
Cherry,5,52,7.69,89.74,27.61,Soft,10,83,41,Yes,77.85
Blackberry,8,89,3.84,44.76,42.31,Hard,0,78,146,No,66.52
Orange,10,77,6.59,11.96,15.99,Hard,3,33,12,No,87.34
Peach,3,55,6.77,39.01,21.91,Medium,3,99,248,Yes,50.98
Plum,10,0,3.44,20.22,23.52,Hard,8,52,229,No,68.5
Orange,1,55,7.31,19.72,13.94,Medium,9,45,331,No,80.04
Blackberry,3,3,7.07,32.52,18.99,Soft,0,56,179,No,79.16
Papaya,0,29,3.17,14.27,29.93,Hard,10,60,341,Yes,80.38
Blueberry,2,11,3.46,65.08,29.01,Medium,3,88,160,Yes,60.58
Pomegranate,9,34,3.25,15.92,31.82,Hard,2,55,221,No,66.85
Pineapple,8,76,4.67,26.26,17.59,Soft,8,28,327,No,96.58
Orange,9,51,5.55,17.43,15.79,Soft,4,91,164,Yes,98.7
Blueberry,4,30,5.66,15.05,30.58,Hard,8,13,168,No,65.6
Peach,10,86,4.34,31.42,6.64,Soft,9,67,219,No,82.23
Blackberry,5,67,7.56,55.75,12.65,Medium,5,70,70,Yes,62.06
Pear,2,51,4.84,87.17,2.11,Hard,10,12,260,Yes,68.43
Pear,4,79,3.23,80.04,3.63,Hard,8,16,63,Yes,89.62
Grape,10,6,4.5,80.07,12.17,Soft,0,28,246,No,75.06
Orange,7,21,5.66,24.09,0.98,Medium,3,80,50,No,92.48
Orange,5,92,5.04,31.19,12.27,Hard,3,99,286,Yes,81.44
Strawberry,3,74,4.37,16.11,32.75,Hard,9,82,234,No,81.45
Pear,1,55,3.66,72.28,3.06,Soft,9,89,16,No,51.69
Plum,8,96,7.1,15.59,21.84,Soft,5,72,4,No,87.48
Grape,0,57,7.98,54.54,45.66,Medium,9,1,282,No,98.89
Pineapple,0,92,4.65,29.83,39.56,Medium,0,61,157,Yes,73.65
Peach,3,63,4.91,29.48,15.27,Soft,9,19,220,No,57.93
Banana,6,11,6.09,89.26,46.24,Medium,4,86,348,Yes,98.85
Kiwi,0,6,6.59,70.54,16.48,Soft,2,81,364,No,64.51
Grape,8,54,4.96,76.96,3.63,Hard,0,55,51,Yes,70.46
Blueberry,3,61,7.52,55.76,49.7,Soft,5,89,42,Yes,53.87
Cherry,2,89,5.8,79.68,43.5,Soft,2,51,135,No,55.54
Orange,0,72,5.25,61.64,23.3,Soft,3,24,274,Yes,60.83
Lemon,9,97,6.23,85.69,33.32,Hard,8,61,259,No,77.42
Kiwi,3,76,7.76,32.51,33.56,Medium,1,16,191,No,77.89
Apple,8,54,6.97,57.63,9.72,Medium,0,38,256,Yes,80.31
Plum,9,35,3.2,65.21,10.0,Medium,9,9,236,Yes,79.19
Pear,5,88,4.66,41.43,23.48,Soft,5,58,276,Yes,74.76
Apple,5,23,5.35,80.38,45.58,Soft,0,24,354,Yes,90.1
Lime,0,43,4.57,88.38,0.5,Medium,0,27,73,No,96.69
Pear,9,16,6.5,49.5,39.13,Hard,6,89,74,No,63.49
Pomegranate,1,1,7.13,41.25,2.88,Hard,1,75,123,Yes,56.51
Mango,10,12,6.66,47.76,23.91,Hard,3,60,70,Yes,71.25
Grape,5,30,7.95,78.22,31.89,Hard,3,57,79,Yes,51.32
Lemon,1,92,4.36,61.64,34.34,Soft,1,43,248,No,94.17
Pomegranate,2,27,7.37,13.58,2.92,Medium,5,82,187,Yes,61.99
Cherry,3,59,6.83,53.37,20.93,Hard,9,22,141,No,77.46
Cherry,10,26,4.81,11.38,29.19,Soft,1,77,298,No,55.75
Pineapple,4,14,6.67,72.28,3.3,Soft,7,16,44,Yes,77.66
Pear,8,94,3.52,36.26,6.75,Soft,3,78,247,No,51.95
Banana,3,78,6.95,47.76,33.18,Medium,0,84,336,No,88.44
Peach,10,32,5.66,73.89,26.08,Soft,6,37,226,No,97.77
Kiwi,8,19,4.46,13.72,8.09,Medium,5,29,67,Yes,65.35
Grape,10,41,6.28,22.68,26.76,Medium,5,18,276,Yes,62.91
Pomegranate,9,11,6.21,41.84,45.63,Medium,10,31,253,No,72.4
Raspberry,2,100,4.05,28.39,0.78,Medium,2,92,303,Yes,81.0
Blackberry,7,72,3.15,37.03,32.13,Soft,9,85,280,No,59.45
Blueberry,0,22,5.17,89.85,3.68,Soft,6,19,179,Yes,90.17
Raspberry,10,71,5.85,76.03,0.32,Soft,5,63,279,No,59.93
Lemon,8,95,7.38,80.71,7.53,Hard,9,35,129,Yes,50.27
Pear,8,13,7.64,84.96,21.15,Hard,9,64,115,Yes,76.21
Kiwi,9,90,5.64,37.27,40.12,Medium,8,82,322,No,55.76
Peach,1,24,6.77,33.77,14.09,Medium,2,42,274,Yes,84.91
Pomegranate,3,76,5.2,28.72,31.28,Medium,2,25,202,No,58.37
Apple,7,84,6.73,76.41,20.56,Medium,3,6,117,Yes,90.87
Strawberry,6,30,4.02,64.36,11.72,Medium,2,33,35,Yes,73.52
Mango,0,100,4.86,28.89,25.71,Hard,3,35,106,Yes,78.31
Strawberry,4,53,6.17,40.16,39.87,Medium,5,5,249,Yes,59.33
Blackberry,6,4,3.09,50.54,41.62,Soft,0,36,152,No,57.33
Grape,3,12,6.61,52.25,42.33,Medium,1,61,141,No,81.56
Raspberry,0,27,7.18,81.1,16.93,Soft,9,85,295,No,62.77
Pear,8,42,5.0,40.45,39.67,Soft,5,72,162,No,69.3
Papaya,4,88,5.24,82.68,10.61,Soft,5,59,147,Yes,73.97
Pineapple,10,98,7.26,45.31,36.92,Soft,0,92,256,Yes,61.48
Banana,1,46,6.88,69.71,47.42,Medium,5,63,91,No,89.77
Lime,7,70,4.44,84.42,0.69,Medium,10,49,218,No,96.97
Lime,10,37,4.62,82.61,22.02,Medium,8,51,139,No,71.59
Kiwi,1,95,6.39,14.56,32.39,Medium,7,16,177,No,95.88
Pear,2,66,5.82,26.46,35.09,Medium,9,59,291,Yes,94.13
Lemon,9,61,3.81,48.15,8.8,Hard,4,76,340,No,58.3
Grape,0,38,4.55,44.52,48.61,Soft,3,80,76,Yes,58.67
Orange,10,36,7.5,61.27,30.76,Soft,5,53,57,Yes,73.87
Raspberry,1,85,6.44,85.58,8.22,Hard,10,9,28,Yes,76.29
Orange,6,7,7.93,18.99,1.03,Hard,4,24,322,Yes,67.06
Kiwi,9,80,6.84,46.15,39.16,Medium,5,17,321,Yes,65.65
Banana,1,51,7.71,25.39,3.99,Medium,9,63,150,Yes,71.57
Raspberry,5,90,4.08,81.53,7.05,Soft,10,78,307,Yes,84.52
Lime,2,32,6.86,87.17,28.74,Medium,2,58,347,No,54.22
Banana,3,80,3.1,48.3,30.18,Soft,6,26,199,No,85.53
Lemon,10,41,6.35,18.32,34.34,Medium,7,57,164,Yes,96.31
Banana,7,75,5.35,72.82,19.68,Medium,4,60,182,No,88.18
Pineapple,2,26,4.73,65.77,38.69,Soft,4,82,240,Yes,59.58
Grape,9,7,7.31,38.37,48.72,Hard,3,78,242,No,54.37
Cherry,5,22,7.27,80.99,13.55,Hard,9,70,66,No,74.52
Lime,0,63,3.11,88.07,35.15,Medium,4,42,171,No,97.82
Pomegranate,6,92,6.05,54.63,46.42,Hard,9,79,133,No,90.95
Plum,7,19,4.84,55.26,34.31,Medium,10,87,81,No,78.14
Blackberry,10,15,5.08,33.8,34.06,Hard,7,86,165,No,57.15
Pear,7,16,7.16,56.76,11.19,Hard,4,10,63,No,85.69
Raspberry,2,79,4.55,45.17,26.76,Soft,8,87,355,No,90.65
Watermelon,9,18,7.72,34.18,28.13,Hard,0,4,51,Yes,96.75
Strawberry,0,7,3.9,15.37,35.01,Medium,6,57,72,Yes,80.61
Strawberry,8,37,6.31,30.22,49.84,Soft,4,38,43,Yes,75.72
Lime,5,37,6.36,25.83,1.68,Hard,3,47,323,No,80.96
Mango,10,52,4.26,53.36,3.26,Soft,2,93,321,Yes,97.16
Peach,8,92,4.62,58.13,3.9,Hard,9,79,318,Yes,81.41
Kiwi,6,99,7.17,58.69,37.15,Medium,6,19,216,No,62.88
Pineapple,0,89,6.81,41.05,6.82,Medium,1,92,191,Yes,81.81
Orange,0,30,4.65,43.7,31.12,Soft,4,80,158,Yes,93.99
Mango,5,43,5.67,76.74,16.23,Hard,1,18,90,No,78.35
Apple,4,59,3.31,48.1,22.87,Hard,6,59,104,No,75.13
Pear,8,75,4.04,89.02,10.78,Soft,5,25,51,Yes,86.67
Pear,1,16,5.43,45.17,43.31,Soft,9,78,254,No,83.05
Blueberry,7,78,3.43,61.97,29.31,Medium,6,24,107,No,52.83
Pear,10,72,7.22,14.03,47.23,Soft,8,14,294,Yes,86.27
Blueberry,4,38,6.59,62.27,28.73,Hard,1,83,236,No,70.38
Lime,1,41,7.72,78.11,6.2,Soft,8,93,323,Yes,97.04
Lemon,9,47,6.47,85.4,8.54,Medium,6,20,333,No,98.54
Raspberry,10,11,7.7,89.79,49.45,Soft,1,46,356,No,72.44
Blueberry,10,95,5.77,32.57,36.28,Hard,9,34,105,Yes,98.44
Blueberry,5,88,6.0,56.03,2.46,Soft,1,43,255,No,65.54
Pear,9,17,7.88,46.06,35.19,Soft,3,5,304,No,84.13
Mango,7,78,6.21,55.11,20.61,Soft,1,100,20,Yes,53.75
Watermelon,3,95,3.15,22.6,15.36,Medium,0,74,359,No,57.25
Mango,1,5,6.62,78.49,7.7,Medium,5,22,72,No,93.23
Blackberry,10,42,7.53,82.77,42.0,Medium,9,38,117,No,94.69
Papaya,4,34,6.98,45.97,3.19,Medium,10,72,130,No,76.63
Plum,1,97,5.92,32.43,14.49,Hard,4,17,120,Yes,66.99
Plum,1,53,6.36,21.27,15.32,Hard,2,99,213,No,72.55
Apple,5,61,7.95,64.7,8.05,Medium,10,39,229,No,93.48
Lime,10,68,3.45,34.98,25.41,Medium,0,35,183,No,60.55
Blackberry,9,81,6.34,82.76,0.59,Medium,8,27,134,No,64.74
Strawberry,8,15,4.42,63.68,15.05,Soft,7,63,339,No,89.27
Blackberry,3,7,6.2,61.65,46.68,Hard,5,82,231,Yes,96.76
Peach,5,88,6.04,54.75,15.53,Soft,5,93,364,No,54.65
Lime,6,95,3.77,13.66,18.02,Medium,3,57,340,Yes,90.19
Apple,10,89,4.03,84.55,23.66,Hard,1,37,246,Yes,82.25
Lime,5,85,6.11,60.23,28.08,Medium,3,78,252,Yes,61.54
Peach,7,30,3.64,89.52,40.44,Soft,1,43,225,Yes,87.79
Pear,3,9,4.33,52.99,9.52,Hard,6,75,157,No,86.4
Pear,0,55,7.18,66.81,43.59,Soft,8,1,119,Yes,57.1
Blueberry,6,75,4.64,14.5,37.88,Hard,1,72,94,No,75.11
Kiwi,2,91,5.44,60.54,36.13,Medium,8,34,228,No,87.91
Pineapple,5,69,7.71,71.17,4.34,Hard,8,0,186,Yes,59.58
Blackberry,1,19,4.14,72.28,1.08,Soft,7,45,334,Yes,73.14
Raspberry,8,4,4.95,71.61,29.7,Soft,0,59,185,No,56.04
Pear,0,22,6.03,28.1,43.16,Soft,4,62,280,Yes,65.34
Mango,5,8,6.78,88.03,29.22,Soft,9,94,230,No,60.9
Lemon,5,57,7.51,89.61,10.66,Medium,10,91,265,Yes,75.25
Kiwi,4,58,7.58,16.05,4.53,Soft,3,44,158,No,57.06
Banana,4,92,6.88,84.92,34.98,Medium,6,56,352,No,69.16
Grape,0,79,4.14,33.16,36.09,Hard,10,36,77,Yes,63.76
Grape,9,53,3.12,65.14,8.63,Soft,7,6,82,Yes,87.3
Kiwi,4,45,4.92,37.05,1.41,Hard,9,15,181,Yes,84.98
Strawberry,1,21,3.71,87.42,20.41,Hard,10,49,342,Yes,54.75
Banana,6,63,6.55,18.12,29.14,Medium,7,13,196,No,97.67
Apple,2,7,6.31,49.82,35.3,Soft,1,96,60,Yes,87.23
Banana,3,19,3.22,44.24,40.5,Medium,2,5,151,No,80.8
Lime,2,50,7.18,36.08,30.53,Soft,9,60,61,No,73.89
Papaya,2,77,4.24,61.64,5.54,Hard,9,20,135,No,58.9
Pomegranate,3,38,5.16,20.48,34.13,Medium,6,9,331,No,98.1
Lime,4,36,6.34,67.33,49.21,Soft,3,31,39,Yes,50.39
Pomegranate,0,49,5.15,88.45,45.28,Hard,5,5,253,Yes,84.62
Grape,3,33,5.21,74.36,43.58,Medium,7,1,106,No,75.37
Pineapple,10,74,3.33,78.8,15.11,Medium,7,38,233,No,95.13
Lemon,7,32,5.01,38.77,37.54,Medium,6,48,354,Yes,69.03
Mango,9,30,6.82,35.99,42.56,Medium,1,26,170,Yes,75.93
Raspberry,6,53,7.58,51.36,33.92,Hard,1,55,217,No,87.12
Plum,8,43,5.07,13.66,12.53,Hard,2,13,348,No,52.38
Blackberry,4,33,5.12,85.63,47.69,Hard,3,22,14,No,52.72
Pineapple,9,70,6.51,21.5,22.54,Hard,0,84,16,Yes,60.58
Blueberry,3,61,7.71,82.24,6.49,Soft,4,50,219,Yes,57.32
Mango,7,22,4.34,16.69,5.49,Hard,6,93,169,Yes,50.32
Lemon,8,45,5.2,75.81,32.38,Medium,9,24,14,No,81.15
Kiwi,6,55,6.98,22.16,21.89,Medium,10,52,243,Yes,89.8
Peach,6,6,6.05,13.05,4.72,Medium,4,87,319,No,97.86
Plum,4,88,3.55,67.56,37.02,Medium,6,10,8,Yes,72.05
Banana,3,60,6.14,32.42,39.97,Soft,4,34,283,No,63.99
Watermelon,9,2,3.93,67.16,36.27,Medium,10,54,111,Yes,93.2
Cherry,0,37,5.55,54.41,10.11,Medium,9,57,40,No,92.22
Strawberry,9,83,5.65,18.7,34.49,Medium,7,67,68,No,81.24
Grape,9,33,7.38,84.57,0.54,Hard,6,36,123,No,63.66
Grape,6,43,5.31,46.19,15.26,Hard,0,99,317,Yes,95.43
Pomegranate,0,29,4.4,68.76,19.94,Soft,10,76,166,Yes,58.92
Grape,0,16,4.15,50.08,41.76,Soft,0,8,203,No,52.18
Cherry,4,58,7.37,58.35,19.52,Soft,4,27,128,No,89.83
Mango,8,9,3.86,34.22,0.56,Medium,1,54,364,No,78.18
Pear,5,98,5.13,26.03,17.62,Soft,8,45,152,No,62.32
Orange,2,83,3.94,53.41,24.95,Hard,1,79,146,No,83.54
Plum,2,17,6.87,45.22,47.45,Hard,8,69,49,No,88.34
Mango,6,44,5.37,41.21,47.05,Hard,9,26,3,No,92.23
Watermelon,5,90,4.76,63.81,9.04,Medium,1,9,251,No,64.11
Mango,8,58,4.81,65.24,9.26,Medium,3,22,77,No,51.28
Blackberry,5,61,7.26,13.67,8.17,Soft,2,20,220,Yes,75.5
Watermelon,4,58,5.77,37.1,39.45,Soft,5,89,348,No,92.8
Cherry,9,48,6.59,42.94,0.3,Soft,3,44,228,No,60.39
Banana,6,99,7.49,17.75,6.36,Soft,8,2,118,No,71.06
Raspberry,0,62,7.51,28.87,26.9,Medium,8,58,267,No,62.82
Blueberry,6,86,4.64,14.13,12.38,Hard,9,42,235,Yes,50.67
Strawberry,2,31,7.76,89.7,4.62,Medium,8,98,168,No,94.93
Blueberry,8,9,3.12,68.92,17.99,Soft,2,6,260,No,56.75
Pomegranate,5,10,4.88,17.0,13.71,Medium,2,26,193,No,88.34
Strawberry,8,69,7.48,11.62,25.56,Hard,3,61,184,No,67.33
Lime,4,61,4.37,67.54,48.96,Medium,8,41,10,No,63.88
Papaya,6,46,4.37,45.14,6.22,Hard,5,96,337,Yes,97.05
Blackberry,3,33,4.51,72.94,18.64,Soft,8,3,327,No,82.86
Strawberry,6,99,6.06,83.88,46.6,Medium,7,89,359,No,84.35
Lime,0,100,5.19,57.94,43.84,Soft,6,61,141,No,87.98
Apple,6,16,6.63,24.97,19.71,Soft,4,7,22,Yes,67.05
Banana,7,53,7.47,72.58,34.95,Hard,8,83,312,Yes,78.18
Blueberry,4,75,6.37,86.46,4.39,Hard,3,16,193,Yes,63.51
Pomegranate,1,84,4.02,56.42,35.63,Soft,3,4,92,Yes,91.73
Blueberry,4,39,7.66,64.56,48.64,Hard,7,62,97,No,79.97
Lime,5,18,4.32,37.0,26.87,Hard,3,8,141,No,62.17
Pomegranate,1,66,3.75,40.52,24.92,Soft,6,7,257,Yes,94.99
Apple,5,81,3.45,68.77,9.37,Soft,3,6,38,Yes,79.04
Banana,5,52,5.82,84.22,31.69,Hard,10,36,247,No,74.75
Watermelon,0,63,3.57,60.32,29.52,Soft,0,99,256,Yes,51.72
Lemon,0,82,3.69,73.19,32.6,Soft,9,54,298,No,95.49
Lime,10,46,4.5,23.73,1.3,Hard,8,66,85,Yes,97.61
Papaya,9,5,4.41,26.96,27.44,Medium,3,7,37,Yes,78.13
Papaya,2,15,6.02,52.56,29.75,Medium,2,68,185,Yes,72.13
Mango,9,71,7.08,24.12,10.38,Soft,2,4,98,Yes,67.98
Pomegranate,9,17,6.81,60.8,10.42,Hard,8,16,318,Yes,63.4
Raspberry,2,51,4.31,33.33,13.81,Soft,7,57,30,Yes,78.73
Pineapple,3,47,4.23,73.32,35.59,Hard,9,62,191,No,56.4
Pineapple,1,42,7.83,74.65,30.31,Soft,6,26,338,No,95.96
Cherry,8,38,3.04,47.1,42.29,Soft,6,75,279,No,58.8
Pineapple,9,48,7.4,24.46,14.78,Hard,3,91,201,No,87.28
Raspberry,10,11,4.0,61.74,45.6,Soft,2,67,322,Yes,65.34
Raspberry,6,9,7.74,89.42,37.19,Medium,3,27,189,No,61.3
Lime,6,70,4.71,59.81,19.75,Medium,5,88,258,Yes,77.89
Apple,5,54,5.2,12.86,4.76,Hard,3,57,155,Yes,88.26
Pear,2,0,6.54,11.38,12.85,Soft,3,49,319,Yes,86.34
Watermelon,5,48,5.94,35.63,47.84,Medium,1,99,228,No,61.69
Watermelon,7,35,4.59,25.66,15.52,Hard,6,66,5,Yes,66.53
Lime,7,20,5.77,75.04,16.5,Hard,5,30,129,Yes,93.44
Banana,10,36,6.65,77.58,9.48,Hard,1,100,74,Yes,86.16
Blackberry,8,23,3.21,30.69,40.34,Medium,4,11,24,Yes,85.63
Pomegranate,0,54,3.06,36.05,13.78,Medium,5,54,315,No,63.45
Apple,0,24,5.29,28.9,16.51,Medium,4,100,279,Yes,89.6
Kiwi,2,6,3.66,82.67,20.72,Medium,3,100,206,No,67.92
Plum,2,80,6.32,50.21,21.69,Soft,10,3,146,Yes,70.07
Pear,9,92,4.07,62.49,20.57,Medium,10,93,89,No,64.38
Mango,7,93,5.16,43.24,25.19,Hard,8,41,22,No,56.07
Blackberry,9,70,3.99,60.48,40.73,Soft,2,90,300,No,71.02
Pineapple,0,96,5.74,40.87,40.96,Medium,10,53,44,No,50.85
Pear,1,70,3.58,37.17,39.92,Soft,1,21,37,No,72.8
Peach,1,23,3.12,60.76,5.06,Hard,8,0,7,No,86.25
Banana,2,10,3.26,57.28,39.98,Medium,7,47,280,No,98.04
Raspberry,5,72,7.77,33.48,6.01,Soft,8,42,169,Yes,53.93
Papaya,0,11,3.71,21.95,6.24,Medium,9,19,70,Yes,64.06
Banana,1,34,6.54,39.49,47.39,Soft,10,17,213,No,74.71
Lemon,0,62,3.34,43.22,40.97,Soft,2,69,71,No,58.52
Peach,4,67,3.54,60.29,27.62,Hard,0,48,207,No,55.84
Lemon,6,99,5.54,83.16,43.75,Hard,10,75,72,Yes,72.62
Blueberry,7,91,5.32,12.89,49.47,Medium,0,16,316,Yes,79.04
Banana,9,56,7.76,29.49,30.53,Medium,2,52,180,Yes,91.01
Apple,0,12,7.72,25.5,30.64,Soft,3,21,208,No,99.89
Banana,6,22,6.9,50.18,37.72,Hard,1,81,177,No,88.71
Pomegranate,4,82,6.01,44.38,11.61,Hard,7,9,195,No,61.07
Papaya,9,100,5.27,68.32,8.36,Soft,2,23,301,Yes,87.4
Pineapple,0,38,4.78,29.39,37.98,Hard,3,83,239,No,76.86
Lemon,2,87,7.74,57.56,17.25,Hard,5,11,154,No,72.54
Banana,6,79,6.01,80.71,6.75,Soft,9,3,154,No,96.79
Mango,9,96,5.9,82.85,15.74,Medium,5,41,30,Yes,85.1
Pomegranate,0,11,4.16,86.7,17.93,Medium,1,4,27,No,84.08
Pomegranate,6,33,3.23,71.86,48.26,Medium,5,25,240,No,50.59
Peach,4,70,7.73,82.48,34.9,Soft,3,99,243,Yes,93.25
Lime,0,74,4.57,28.76,26.54,Medium,4,58,132,Yes,89.67
Grape,0,30,5.21,25.81,48.44,Soft,6,61,179,Yes,64.95
Kiwi,0,92,3.57,10.52,45.16,Soft,6,79,339,Yes,64.61
Kiwi,10,61,7.18,66.55,25.6,Hard,5,4,98,No,52.67
Pear,8,12,3.14,85.0,45.28,Hard,9,25,326,No,52.54
Grape,10,30,7.17,24.95,20.22,Medium,5,82,237,No,83.43
Watermelon,2,1,3.7,60.96,11.52,Soft,5,5,335,Yes,59.31
Mango,4,14,7.43,69.72,11.63,Medium,3,23,138,Yes,96.18
Mango,10,56,6.65,84.21,33.12,Medium,2,94,118,Yes,92.12
Strawberry,9,74,3.82,61.75,25.05,Hard,0,94,106,Yes,67.44
Apple,8,33,5.83,87.62,32.95,Medium,2,52,36,No,69.0
Pear,5,67,4.56,37.57,34.3,Medium,2,6,46,No,66.36
Kiwi,8,74,3.89,37.99,1.12,Hard,8,9,104,Yes,54.62
Apple,7,28,7.3,53.44,2.7,Medium,2,38,364,No,51.57
Watermelon,7,65,5.02,40.68,26.63,Medium,7,85,360,No,72.61
Pineapple,0,15,4.99,10.11,9.55,Soft,7,77,70,Yes,97.15
Orange,8,38,3.85,68.54,31.63,Medium,2,27,207,No,95.86
Pomegranate,5,76,4.92,70.14,27.61,Hard,9,41,221,No,90.49
Papaya,8,36,7.36,69.76,29.29,Hard,9,61,89,No,81.43
Grape,2,80,4.82,37.6,15.12,Soft,5,51,3,Yes,92.81
Raspberry,2,20,7.76,51.78,31.99,Hard,7,21,298,Yes,75.75
Blueberry,5,43,7.73,38.8,41.47,Hard,7,56,231,Yes,59.01
Pomegranate,8,18,3.72,11.28,49.9,Hard,9,95,118,Yes,84.21
Pear,6,70,3.89,55.0,41.92,Medium,9,10,311,No,96.03
Papaya,2,7,7.31,19.9,27.87,Soft,8,13,114,Yes,50.98
Plum,2,76,4.96,16.4,9.67,Soft,8,30,202,No,62.57
Lime,1,100,3.02,70.44,34.07,Soft,7,3,30,No,63.27
Blueberry,8,65,4.37,10.76,46.88,Soft,6,21,364,Yes,54.95
Pear,2,40,5.99,86.72,10.59,Hard,9,92,247,Yes,61.27
Grape,10,74,7.0,51.22,12.8,Medium,2,98,81,Yes,69.2
Lemon,4,87,3.67,88.64,7.45,Hard,6,63,246,Yes,96.99
Peach,8,69,3.55,14.64,36.84,Hard,3,76,184,No,93.01
Blackberry,7,60,7.61,56.68,20.33,Hard,1,83,273,No,97.3
Peach,1,25,6.76,37.95,3.13,Hard,7,82,33,No,56.03
Blueberry,2,70,5.95,77.48,43.75,Soft,1,78,102,Yes,51.4
Pear,1,82,6.85,38.9,27.88,Soft,0,89,277,Yes,55.49
Mango,7,69,5.14,30.84,16.55,Medium,4,83,111,Yes,95.71
Watermelon,5,28,6.79,78.6,17.2,Hard,9,60,206,Yes,57.87
Cherry,5,65,4.86,39.97,14.51,Soft,8,99,266,No,78.63
Watermelon,8,18,4.22,11.35,22.77,Medium,4,5,215,Yes,61.38
Papaya,7,67,6.65,41.22,16.85,Hard,10,78,103,No,51.03
Pear,3,57,5.1,62.36,27.4,Hard,1,67,295,No,54.23
Lime,3,69,7.91,30.35,38.68,Soft,9,5,78,No,85.49
Watermelon,8,56,4.75,44.56,33.72,Hard,3,65,175,Yes,59.12
Papaya,0,36,7.61,14.54,14.72,Hard,7,35,342,Yes,61.46
Pear,1,60,7.66,57.05,26.44,Soft,6,14,52,No,68.86
Watermelon,1,91,4.21,70.5,42.01,Medium,4,75,297,Yes,82.86
Plum,5,29,6.99,43.07,3.41,Medium,3,39,175,Yes,73.47
Apple,3,70,5.17,43.62,3.91,Soft,4,40,343,Yes,97.23
Watermelon,10,72,7.59,17.06,27.81,Soft,6,6,199,No,71.71
Plum,9,24,5.25,26.16,31.96,Medium,4,21,88,No,59.96
Apple,2,96,6.72,22.37,10.57,Medium,7,71,171,No,76.81
Blueberry,2,64,5.33,48.54,37.26,Soft,6,10,37,No,72.54
Peach,2,5,4.14,52.34,32.31,Soft,6,1,123,No,89.36
Pineapple,5,17,4.0,85.92,46.16,Soft,8,29,201,Yes,96.76
Grape,7,9,5.13,15.86,8.45,Hard,7,67,64,Yes,91.81
Raspberry,10,91,6.78,57.99,37.57,Soft,7,52,188,No,69.45
Strawberry,6,10,6.03,52.12,4.18,Hard,5,88,215,No,60.81
Papaya,3,96,6.44,51.3,28.26,Medium,6,20,243,No,95.72
Plum,10,64,4.41,79.85,27.59,Medium,7,24,150,No,69.3
Peach,3,76,5.41,26.44,19.42,Soft,4,72,124,Yes,88.51
Plum,10,100,3.22,13.26,42.23,Soft,9,71,198,No,99.48
Pineapple,9,83,7.09,63.78,0.22,Medium,1,4,36,Yes,78.87
Blackberry,10,64,7.95,37.61,26.01,Medium,6,91,302,No,73.99
Apple,10,51,5.03,11.41,10.86,Medium,9,65,278,Yes,84.99
Mango,10,66,3.05,30.11,37.17,Medium,2,84,35,Yes,59.7
Watermelon,1,81,3.85,34.75,2.15,Soft,9,48,113,Yes,74.41
Lime,0,77,6.26,59.35,41.58,Hard,10,7,175,No,65.62
Lime,8,30,6.06,23.81,41.9,Medium,7,97,33,No,58.21
Raspberry,1,90,6.94,43.04,41.64,Medium,5,86,213,No,80.51
Kiwi,7,16,4.27,48.6,7.63,Hard,10,78,203,No,78.79
Banana,8,54,6.82,46.74,31.52,Soft,3,26,254,Yes,88.06
Plum,3,92,6.44,87.92,0.72,Hard,1,1,56,No,93.65
Pomegranate,7,35,4.61,13.64,42.4,Soft,6,27,323,No,61.02
Plum,8,100,5.73,86.08,36.15,Soft,0,10,13,No,88.99
Kiwi,9,25,3.74,56.55,26.56,Soft,6,45,50,No,68.37
Lime,9,52,5.26,73.66,36.53,Soft,9,20,248,No,81.44
Plum,4,16,7.41,44.43,4.72,Soft,9,41,233,Yes,92.51
Apple,6,85,5.11,46.31,26.43,Medium,6,31,28,Yes,62.81
Pomegranate,9,24,7.2,80.35,14.56,Soft,9,31,104,Yes,80.05
Apple,3,1,5.95,81.67,48.63,Medium,2,70,354,No,74.02
Peach,0,85,3.96,29.1,42.86,Soft,3,21,96,No,89.53
Grape,2,4,5.91,25.94,36.66,Medium,3,77,343,Yes,84.86
Blueberry,4,3,5.53,49.7,46.69,Hard,3,76,344,No,88.48
Strawberry,2,35,4.99,82.02,17.34,Hard,8,20,193,Yes,64.4
Apple,10,5,3.6,35.79,45.04,Medium,5,21,125,Yes,85.22
Apple,6,20,5.08,62.16,16.26,Soft,9,33,81,Yes,80.29
Peach,8,76,3.36,66.65,36.64,Medium,8,9,7,Yes,72.83
Orange,5,100,3.49,72.29,36.82,Medium,3,64,330,Yes,68.92
Grape,9,88,5.08,55.11,0.92,Soft,6,64,83,No,66.58
Lime,0,25,4.53,42.2,18.05,Hard,9,87,24,No,50.48
Mango,6,54,7.63,87.36,0.97,Medium,8,66,114,No,58.48
Pineapple,2,38,4.88,58.91,49.85,Hard,9,94,15,No,52.95
Cherry,4,83,6.79,68.29,6.11,Hard,2,42,113,Yes,92.42
Kiwi,9,32,5.65,37.6,27.14,Hard,2,40,342,Yes,93.0
Pineapple,3,13,6.52,63.6,39.53,Medium,5,12,250,Yes,92.31
Peach,9,55,4.3,30.62,10.06,Medium,7,3,145,Yes,90.9
Orange,4,99,7.71,29.61,24.25,Soft,0,22,19,No,61.07
Strawberry,4,80,5.65,67.18,30.37,Soft,3,69,9,Yes,74.59
Lemon,5,20,7.16,51.71,8.01,Medium,7,33,320,Yes,95.39
Mango,9,45,4.83,64.66,38.93,Soft,5,40,185,Yes,87.99
Cherry,9,15,3.5,31.56,14.97,Hard,1,17,38,No,50.09
Cherry,10,15,6.37,57.9,10.55,Hard,7,99,211,Yes,72.97
Plum,5,83,3.04,45.51,27.91,Medium,0,89,134,Yes,50.53
Lime,7,28,5.38,57.76,20.52,Hard,0,96,102,Yes,64.03
Kiwi,7,91,3.96,33.27,46.01,Medium,6,32,149,No,71.79
Blueberry,10,7,6.14,67.24,44.0,Medium,9,24,93,No,94.64
Lemon,8,87,7.9,74.47,24.17,Medium,2,51,290,Yes,82.72
Blackberry,7,2,5.32,30.79,17.96,Hard,7,16,140,No,68.12
Pineapple,10,88,7.09,34.05,16.28,Medium,8,50,295,No,74.53
Strawberry,1,18,5.54,62.89,13.38,Medium,7,2,352,Yes,90.87
Pomegranate,9,96,5.48,65.65,27.23,Soft,0,54,262,No,64.98
Banana,10,65,7.65,66.33,40.25,Hard,0,85,81,No,80.75
Lime,0,78,7.45,64.62,15.54,Medium,5,55,32,Yes,63.11
Blueberry,9,85,6.93,41.42,9.5,Soft,0,34,188,Yes,74.0
Raspberry,1,73,4.48,41.59,23.77,Medium,7,67,136,No,51.23
Peach,1,81,5.73,30.39,3.45,Hard,5,58,166,Yes,92.61
Strawberry,2,21,4.12,22.55,35.06,Soft,4,91,147,No,52.42
Pineapple,9,45,5.22,65.41,25.92,Soft,5,58,245,Yes,61.22
Lime,6,90,5.42,17.46,24.82,Medium,3,12,183,No,66.68
Kiwi,1,12,7.16,85.02,15.02,Medium,0,61,9,Yes,81.26
Pomegranate,0,32,7.48,76.13,45.23,Hard,6,93,156,No,86.0
Lemon,5,4,5.07,78.6,4.52,Hard,9,46,318,No,54.02
Strawberry,8,89,3.09,82.53,43.49,Medium,8,75,176,No,52.17
Mango,2,76,7.31,42.69,18.84,Soft,3,2,114,No,89.95
Pear,5,26,3.87,77.74,44.03,Hard,3,20,243,No,85.61
Pear,2,77,6.11,22.64,36.44,Hard,8,64,167,No,91.58
Raspberry,0,23,3.12,11.73,5.21,Soft,3,17,223,No,83.83
Watermelon,4,66,5.0,72.79,41.58,Medium,9,12,191,No,87.55
Banana,9,62,7.93,15.98,34.11,Hard,3,70,275,Yes,68.95
Mango,10,93,3.5,89.08,1.62,Soft,7,76,289,No,79.51
Grape,3,98,5.12,63.98,6.69,Hard,10,80,64,Yes,90.27
Lemon,6,47,4.54,70.28,31.78,Soft,3,95,282,Yes,58.61
Grape,5,62,7.53,29.66,33.13,Hard,8,92,173,No,71.14
Lemon,9,77,7.35,63.91,37.33,Medium,10,44,257,Yes,87.02
Pear,6,11,4.19,13.46,36.01,Soft,7,61,203,Yes,76.63
Banana,4,27,3.41,77.03,32.98,Hard,4,29,77,Yes,84.08
Cherry,3,43,6.14,23.57,38.31,Hard,8,74,103,Yes,64.64
Blackberry,6,92,4.68,65.79,28.75,Soft,7,13,226,Yes,51.62
Pomegranate,6,42,6.36,27.96,13.04,Soft,9,52,226,Yes,51.46
Raspberry,5,16,3.16,15.48,45.62,Medium,3,9,227,No,97.14
Peach,7,39,3.67,48.52,0.91,Soft,3,71,96,No,97.23
Grape,3,48,6.43,23.54,18.33,Hard,0,30,76,Yes,60.56
Pomegranate,9,84,4.06,68.36,36.44,Medium,3,5,33,No,57.37
Apple,4,56,7.29,29.01,21.36,Soft,7,82,82,Yes,50.91
Lime,3,86,3.29,37.4,1.24,Hard,4,18,69,Yes,61.56
Banana,0,83,4.08,55.4,3.3,Soft,5,11,339,Yes,66.72
Pomegranate,7,63,7.99,32.8,32.43,Hard,3,63,219,No,62.06
Pear,0,74,5.17,40.24,48.24,Hard,4,81,362,No,89.87
Pineapple,4,56,6.51,75.25,27.59,Medium,9,54,358,No,87.47
Banana,5,97,3.91,24.34,25.34,Medium,7,66,302,Yes,54.05
Pineapple,5,73,6.05,16.58,15.92,Soft,8,8,120,No,84.87
Grape,4,73,6.63,36.27,12.83,Medium,2,5,48,No,76.03
Pomegranate,2,69,4.57,43.95,1.05,Soft,9,0,68,Yes,56.61
Strawberry,4,99,7.14,53.41,13.65,Medium,3,41,339,No,86.98
Lemon,7,87,6.02,39.79,22.46,Medium,0,92,85,No,54.3
Raspberry,1,75,4.95,73.19,9.9,Soft,10,54,276,No,58.86
Watermelon,5,42,5.79,13.15,4.37,Medium,4,48,256,No,57.46
Grape,8,22,5.88,44.54,35.89,Medium,3,98,205,Yes,96.95
Blackberry,7,26,3.83,40.58,44.73,Medium,5,98,233,Yes,84.91
Grape,10,57,5.01,61.81,46.84,Medium,5,29,65,Yes,70.56
Peach,7,36,4.72,87.3,30.9,Soft,9,34,317,Yes,91.11
Blackberry,7,5,5.0,50.83,2.64,Hard,5,62,79,Yes,60.8
Strawberry,6,64,6.81,88.95,37.04,Soft,2,21,14,Yes,96.55
Lime,7,5,5.41,34.18,5.5,Soft,6,42,325,No,84.85
Lime,5,49,7.7,12.47,33.49,Soft,2,27,305,Yes,77.98
Pomegranate,1,21,4.47,23.25,38.97,Medium,5,17,169,Yes,89.73
Raspberry,1,87,5.08,41.61,36.29,Medium,9,31,159,No,82.24
Blackberry,7,24,6.93,35.31,47.59,Hard,0,68,116,No,94.36
Pomegranate,10,78,5.73,17.76,36.91,Medium,7,53,346,Yes,91.46
Orange,0,89,5.74,44.61,34.66,Hard,6,33,192,No,59.89
Lime,5,71,3.27,37.05,13.09,Hard,8,30,345,No,61.98
Lime,5,50,4.99,19.81,46.24,Medium,2,96,183,Yes,53.25
Orange,10,87,4.35,33.69,8.98,Hard,7,3,231,No,61.01
Banana,3,47,8.0,80.91,45.24,Soft,1,13,168,No,67.17
Pear,10,69,4.54,34.16,15.63,Soft,8,14,15,Yes,51.44
Orange,10,98,7.42,67.12,6.51,Soft,0,59,193,Yes,65.75
Plum,9,64,6.38,58.96,41.33,Hard,9,19,233,No,88.58
Peach,2,59,4.7,44.17,0.12,Hard,6,19,263,No,92.02
Papaya,10,45,5.72,29.12,41.6,Soft,9,48,54,Yes,50.44
Banana,2,35,7.2,39.52,13.12,Medium,0,98,180,Yes,50.36
Pear,0,57,7.42,57.37,44.24,Soft,5,67,4,No,57.32
Pineapple,2,75,3.8,38.06,34.57,Medium,0,17,257,No,93.63
Lime,3,37,4.7,27.19,33.31,Medium,3,23,361,Yes,73.46
Apple,10,10,4.68,19.32,18.27,Hard,6,26,322,Yes,99.15
Banana,10,11,3.21,80.38,2.97,Hard,1,32,240,Yes,94.37
Mango,4,41,5.99,45.23,41.5,Medium,2,63,163,No,94.51
Papaya,2,38,7.27,60.02,8.55,Medium,3,24,337,Yes,56.42
Papaya,5,70,4.91,49.23,18.61,Medium,5,68,138,Yes,73.76
Blackberry,10,10,6.7,79.81,30.02,Hard,8,17,324,Yes,99.68
Lemon,4,35,6.14,53.75,24.11,Soft,3,44,229,No,57.45
Lemon,2,51,4.88,48.46,9.93,Medium,5,19,102,No,78.71
Peach,5,30,3.71,83.97,7.03,Hard,6,34,193,No,67.21
Blackberry,5,32,6.55,67.58,6.16,Soft,3,5,307,Yes,69.39
Papaya,7,12,7.27,18.92,43.15,Hard,5,90,30,Yes,94.54
Peach,1,17,6.43,24.22,1.58,Soft,2,91,295,Yes,79.4
Blackberry,0,40,3.09,72.97,48.85,Hard,4,74,247,Yes,87.94
Mango,3,57,4.08,76.87,9.93,Soft,10,8,221,No,83.66
Grape,6,55,3.35,53.62,5.52,Medium,9,51,172,No,76.45
Orange,10,23,5.85,54.36,28.85,Hard,3,27,160,Yes,89.59
Blackberry,9,72,6.78,60.55,4.0,Soft,6,18,172,Yes,98.54
Strawberry,2,30,3.55,45.13,30.12,Soft,5,84,63,Yes,98.34
Kiwi,2,54,7.19,64.42,42.53,Soft,6,62,61,Yes,89.47
Watermelon,4,9,5.78,18.68,2.39,Medium,5,94,65,Yes,74.37
Lime,4,59,6.45,86.9,39.99,Hard,1,6,169,No,58.16
Blueberry,9,1,7.86,70.01,19.72,Soft,6,36,81,Yes,52.22
Lemon,2,14,3.42,60.49,7.97,Medium,7,88,247,No,61.57
Papaya,8,2,7.51,35.31,8.8,Medium,6,91,268,No,67.01
Kiwi,3,42,3.63,22.88,45.94,Medium,3,35,258,Yes,56.49
Lime,2,30,4.96,42.75,5.53,Medium,3,16,73,No,61.24
Cherry,10,69,7.26,62.93,43.34,Medium,4,89,332,No,54.18
Watermelon,1,66,7.53,60.7,27.21,Medium,8,91,188,Yes,76.18
Blueberry,9,55,5.53,40.61,1.95,Medium,4,36,25,Yes,56.32
Peach,10,62,5.97,59.06,23.22,Hard,1,80,228,Yes,87.14
Pear,8,74,6.54,75.1,40.87,Hard,4,59,118,Yes,66.63
Mango,3,14,7.16,12.1,36.31,Medium,2,48,108,No,83.6
Orange,2,91,3.61,46.05,24.44,Soft,9,80,242,Yes,94.13
Grape,6,9,7.05,70.68,43.0,Soft,7,96,99,No,54.3
Peach,7,37,5.41,53.69,6.02,Soft,9,55,22,No,99.45
Pear,10,46,5.25,62.12,45.5,Medium,9,33,56,No,82.26
Orange,1,56,5.12,51.33,42.32,Soft,1,86,149,Yes,52.67
Raspberry,6,49,5.55,89.35,35.41,Hard,10,29,311,No,65.7
Orange,4,70,7.73,14.37,40.89,Hard,3,26,40,No,94.31
Blueberry,10,14,5.74,49.28,27.19,Hard,4,50,150,Yes,79.81
Kiwi,4,17,7.77,17.31,33.76,Hard,3,8,121,No,64.36
Plum,2,81,3.9,22.78,28.03,Medium,4,19,260,No,97.02
Blackberry,4,87,6.62,40.64,17.77,Hard,9,86,26,Yes,89.36
Strawberry,1,1,7.06,22.44,28.44,Soft,10,46,112,No,86.78
Orange,3,83,6.4,87.09,12.87,Soft,3,18,23,No,94.42
Orange,5,97,6.03,85.74,22.01,Hard,2,100,169,No,88.49
Mango,0,42,5.82,36.89,14.04,Hard,0,67,314,Yes,64.34
Strawberry,9,25,7.3,61.18,6.14,Hard,3,76,264,No,79.19
Blackberry,3,70,7.11,52.7,16.09,Soft,8,11,116,Yes,92.11
Cherry,5,37,3.61,75.25,42.6,Soft,0,72,307,Yes,59.04
Pear,8,93,7.24,60.2,19.05,Hard,6,78,231,Yes,58.15
Strawberry,10,41,5.07,10.02,37.4,Soft,2,84,189,No,57.95
Pineapple,10,4,4.27,71.05,8.76,Soft,7,78,257,No,59.71
Banana,1,10,7.35,69.75,21.22,Medium,5,4,120,No,55.16
Raspberry,10,64,5.16,50.78,5.74,Hard,0,68,286,No,91.88
Orange,6,33,7.04,82.23,6.93,Hard,9,24,273,Yes,90.92
Orange,5,0,4.32,82.68,30.87,Medium,4,87,358,No,57.57
Blackberry,1,82,3.02,51.91,30.37,Medium,7,100,152,No,85.28
Lemon,7,1,5.48,58.64,10.67,Soft,10,30,86,Yes,81.35
Kiwi,6,84,3.5,89.72,23.72,Medium,2,45,325,No,63.81
Lime,10,19,6.77,33.91,43.17,Hard,3,33,345,Yes,61.37
Plum,4,60,4.38,35.97,8.71,Hard,6,40,327,Yes,62.53
Pomegranate,4,86,5.22,24.62,0.96,Hard,10,77,246,Yes,86.53
Raspberry,6,20,3.44,81.67,32.6,Soft,5,90,314,Yes,65.97
Lime,8,87,4.43,69.56,2.67,Soft,6,67,315,No,63.9
Lime,10,67,6.91,18.45,49.0,Hard,8,86,293,Yes,51.12
Pineapple,8,11,3.76,88.54,30.48,Hard,8,37,162,Yes,95.41
Blueberry,8,21,6.24,68.48,23.52,Soft,1,45,100,No,87.64
Pineapple,5,19,7.59,78.04,21.5,Soft,2,68,185,Yes,73.64
Pomegranate,9,81,6.4,13.85,28.65,Medium,3,26,276,Yes,97.15
Apple,5,0,7.06,50.4,4.53,Soft,5,42,17,No,64.68
Orange,2,29,3.54,65.89,46.5,Soft,4,77,260,Yes,83.74
Strawberry,0,96,4.25,53.44,31.28,Hard,5,70,245,No,65.26
Blackberry,6,23,7.47,63.33,9.2,Hard,10,44,306,No,65.73
Banana,3,13,6.58,75.43,28.13,Hard,7,17,338,Yes,92.24
Cherry,0,35,6.2,39.95,6.66,Medium,1,31,50,No,89.35
Cherry,7,68,6.32,77.89,0.88,Soft,5,1,272,Yes,64.71
Blackberry,5,74,5.07,23.03,31.53,Medium,8,40,235,No,54.07
Banana,5,23,3.22,31.67,32.42,Soft,4,19,72,No,67.88
Grape,1,59,6.92,13.47,29.18,Soft,0,92,317,Yes,88.0
Blackberry,0,94,6.39,39.15,9.17,Hard,7,57,44,Yes,55.03
Mango,1,54,5.36,40.39,30.17,Soft,3,89,306,No,83.61
Blueberry,3,76,7.5,74.42,2.83,Medium,7,37,80,Yes,94.49
Lemon,1,79,4.68,62.25,30.46,Hard,3,0,286,Yes,58.96
Blackberry,0,23,4.47,44.94,27.7,Medium,10,68,49,Yes,93.11
Raspberry,6,76,7.36,62.17,32.76,Medium,7,53,98,No,52.57
Raspberry,10,23,6.98,14.22,44.77,Hard,8,13,25,Yes,83.34
Mango,10,53,5.57,24.42,42.52,Soft,4,24,214,No,89.55
Banana,7,25,3.65,60.16,49.03,Medium,4,8,56,No,72.24
Banana,5,65,4.08,61.31,48.81,Soft,1,93,255,No,60.19
Pear,3,79,6.28,71.93,38.62,Hard,8,82,156,Yes,96.24
Plum,5,37,4.93,42.24,47.82,Soft,10,60,161,Yes,51.0
Kiwi,2,64,7.18,67.8,43.36,Soft,3,51,194,Yes,77.75
Blackberry,7,74,7.75,64.72,36.38,Hard,2,7,4,Yes,68.64
Pear,9,50,7.03,87.07,3.77,Soft,1,15,268,Yes,73.05
Orange,1,34,4.89,27.21,2.45,Medium,2,7,36,Yes,76.83
Watermelon,4,42,6.94,54.13,41.88,Medium,3,22,16,No,76.74
Watermelon,0,28,4.76,58.14,24.48,Medium,8,72,137,No,60.18
Papaya,5,36,3.84,89.89,40.73,Soft,5,95,78,Yes,83.99
Mango,1,80,3.17,26.09,15.65,Medium,9,100,311,No,50.96
Cherry,3,57,4.93,51.86,19.88,Soft,4,33,73,No,51.06
Strawberry,5,53,7.52,37.69,35.01,Soft,8,17,320,No,73.92
Kiwi,9,38,4.19,52.07,45.77,Soft,7,43,245,Yes,77.1
Lime,10,41,4.03,28.57,4.39,Soft,5,14,346,No,63.74
Pear,7,27,7.85,13.81,43.07,Hard,2,14,228,No,77.58
Pomegranate,7,28,3.13,55.81,39.65,Medium,6,92,195,No,75.81
Pineapple,10,42,6.93,36.87,15.78,Medium,9,22,246,Yes,67.46
Cherry,5,2,4.61,24.56,17.76,Soft,5,86,89,No,82.59
Cherry,3,9,3.19,35.91,2.32,Hard,10,64,260,Yes,97.9
Plum,7,58,7.59,13.94,0.79,Soft,7,85,286,Yes,74.54
Orange,7,13,3.7,86.04,23.85,Medium,5,70,139,Yes,89.3
Pear,9,75,5.76,56.49,4.78,Medium,10,31,51,Yes,62.38
Lime,0,46,4.37,75.18,9.7,Hard,9,91,147,No,88.1
Blueberry,3,41,3.33,43.85,42.34,Soft,3,31,242,No,82.45
Grape,3,93,3.25,82.27,28.55,Hard,9,32,334,No,81.98
Lemon,6,31,3.58,48.67,31.68,Soft,6,42,232,No,94.65
Orange,10,31,3.36,55.92,9.37,Hard,6,12,27,No,61.67
Lemon,6,41,6.8,49.34,41.43,Medium,10,91,344,No,68.42
Grape,10,31,5.43,68.66,43.4,Hard,7,8,208,No,54.15
Blackberry,7,25,4.71,55.33,26.17,Medium,1,61,138,No,86.31
Blackberry,10,0,5.09,31.73,45.63,Medium,10,56,155,Yes,92.19
Apple,4,55,7.64,21.64,42.24,Soft,5,47,7,Yes,70.29
Papaya,6,1,7.55,58.49,36.57,Hard,2,42,115,No,67.84
Lemon,7,80,6.58,49.13,36.7,Hard,7,66,92,Yes,82.93
Watermelon,8,29,7.42,17.68,5.27,Hard,3,80,346,Yes,53.78
Raspberry,2,70,4.6,41.65,13.54,Hard,3,97,82,Yes,64.69
Plum,2,51,4.91,51.18,3.34,Soft,1,31,13,No,68.31
Cherry,3,90,6.07,76.15,0.43,Soft,5,72,72,Yes,75.93
Peach,4,8,6.12,16.09,7.92,Soft,5,59,91,Yes,73.83
Orange,9,21,5.41,37.88,44.02,Medium,0,0,188,No,60.43
Raspberry,0,33,5.0,75.81,11.99,Medium,7,56,105,No,77.04
Lemon,6,48,7.93,61.87,48.51,Medium,2,83,300,No,96.29
Kiwi,8,0,7.11,33.2,29.86,Soft,0,68,84,Yes,51.35
Strawberry,7,72,5.17,77.63,11.86,Medium,9,84,28,Yes,84.02
Peach,4,83,6.64,49.46,24.86,Hard,0,68,279,No,81.24
Blueberry,3,52,4.35,49.87,10.95,Medium,0,67,12,No,96.22
Plum,6,82,3.5,88.13,49.2,Soft,4,60,307,No,82.27
Mango,4,99,4.76,85.77,42.36,Soft,4,7,364,No,81.24
Orange,6,39,5.01,38.68,1.31,Soft,0,88,150,No,88.49
Banana,0,44,3.08,21.25,47.39,Soft,4,6,318,Yes,63.39
Watermelon,0,67,7.07,36.05,36.05,Hard,6,36,26,No,79.79
Peach,9,8,4.8,12.44,4.12,Medium,4,41,214,Yes,75.97
Strawberry,2,21,5.9,11.66,33.53,Medium,8,31,314,No,71.92
Strawberry,10,17,3.37,41.64,32.35,Soft,3,16,240,Yes,53.97
Peach,1,75,3.87,85.28,10.94,Medium,8,27,222,Yes,64.63
Peach,1,42,7.45,79.71,37.92,Hard,7,69,68,No,64.0
Lime,6,38,6.04,50.92,4.35,Soft,0,47,262,Yes,86.21
Watermelon,9,72,7.75,55.22,24.47,Medium,3,53,111,Yes,96.03
Blueberry,1,5,7.99,10.47,0.5,Medium,6,41,130,No,61.54
Grape,10,82,4.86,27.24,48.44,Medium,0,35,159,Yes,53.73
Pear,3,47,4.49,11.98,37.58,Medium,7,65,280,Yes,100.0
Pineapple,1,6,7.29,70.36,7.94,Soft,10,30,291,Yes,84.56
Peach,5,79,7.99,21.65,17.08,Soft,1,64,303,No,94.32
Lemon,7,68,6.15,79.52,8.03,Hard,7,2,31,No,57.19
Pomegranate,9,15,6.98,61.47,38.33,Soft,10,12,89,Yes,90.04
Plum,3,0,6.91,28.35,2.94,Medium,3,30,332,Yes,90.67
Apple,4,36,4.78,22.62,42.02,Medium,7,28,118,No,57.57
Strawberry,3,82,5.87,60.21,47.11,Medium,0,56,130,No,58.07
Pineapple,2,36,7.17,82.07,33.83,Hard,4,32,207,Yes,64.77
Watermelon,4,80,6.44,67.47,10.65,Soft,8,52,360,Yes,60.84
Peach,8,63,3.11,37.88,18.0,Soft,6,9,59,Yes,98.77
Raspberry,7,89,4.68,56.99,23.86,Soft,2,62,96,No,68.15
Lime,7,85,3.72,34.86,30.23,Medium,3,72,319,Yes,88.07
Grape,7,61,4.16,89.93,33.43,Medium,9,64,246,Yes,90.25
Lemon,7,71,7.53,69.91,27.71,Medium,6,100,145,Yes,69.3
Raspberry,6,60,3.18,59.15,17.57,Hard,5,95,310,No,84.13
Pineapple,7,32,4.1,43.86,44.55,Hard,3,96,125,Yes,55.39
Kiwi,10,65,4.55,59.45,4.07,Medium,2,1,22,Yes,69.85
Pear,7,29,6.08,37.33,23.31,Hard,10,1,353,Yes,98.37
Grape,7,19,5.67,12.31,38.78,Hard,1,68,285,No,58.43
Grape,9,59,4.09,41.61,3.04,Hard,9,73,207,Yes,69.29
Pomegranate,6,81,3.82,84.44,35.27,Soft,8,36,258,Yes,89.53
Lime,0,73,4.18,60.1,40.99,Hard,2,1,298,No,83.27
Pomegranate,3,23,5.51,16.72,33.04,Medium,6,60,52,Yes,81.58
Cherry,3,3,4.36,80.8,0.65,Soft,0,39,38,No,92.66
Apple,4,36,7.74,31.51,9.01,Hard,7,62,153,No,51.45
Lime,9,3,5.32,29.5,17.11,Medium,0,24,333,No,88.56
Raspberry,5,76,3.29,33.77,11.68,Hard,1,37,216,No,94.13
Watermelon,3,88,6.65,56.18,48.13,Medium,0,36,223,No,50.81
Lime,1,76,4.64,53.58,32.58,Medium,3,81,143,No,77.95
Papaya,5,17,6.27,49.31,14.85,Hard,1,26,105,Yes,67.43
Cherry,7,87,4.4,67.4,46.48,Hard,0,83,10,No,52.54
Blackberry,7,65,5.85,35.32,37.03,Soft,0,49,242,Yes,70.89
Papaya,6,47,6.86,72.57,14.23,Hard,1,33,114,No,82.2
Mango,5,32,7.64,24.03,18.94,Medium,5,43,233,Yes,95.95
Lime,1,57,4.31,72.61,9.97,Soft,1,71,69,Yes,81.03
Pear,6,82,4.67,63.1,48.55,Medium,10,3,44,No,92.84
Cherry,10,72,5.32,64.66,25.86,Medium,1,93,169,Yes,56.08
Plum,4,27,7.64,48.52,44.8,Hard,7,51,211,Yes,60.53
Pomegranate,5,34,7.51,63.36,17.32,Medium,4,54,276,No,98.51
Grape,9,9,3.45,16.38,43.04,Hard,7,99,107,Yes,94.37
Kiwi,7,64,3.66,78.12,2.69,Medium,7,72,167,Yes,61.76
Pear,7,41,5.48,14.44,49.1,Soft,1,11,205,No,81.05
Mango,2,84,3.53,21.9,45.6,Hard,6,13,119,Yes,68.13
Kiwi,6,8,4.73,56.14,18.16,Soft,8,34,109,Yes,73.43
Peach,0,59,3.74,69.15,38.74,Hard,7,5,239,No,93.04
Lime,0,14,6.18,16.1,37.61,Soft,8,46,8,Yes,86.79
Pomegranate,6,98,7.75,83.66,45.06,Hard,7,22,43,Yes,61.92
Apple,9,56,7.98,87.89,15.36,Soft,3,67,297,No,65.8
Kiwi,8,68,4.88,58.48,23.28,Soft,9,64,132,Yes,64.49
Lemon,6,21,6.0,48.5,43.25,Hard,6,58,206,No,89.03
Blueberry,9,63,7.28,69.31,38.93,Hard,8,8,280,No,74.5
Orange,4,40,3.59,36.27,19.67,Medium,8,57,239,Yes,97.54
Apple,7,86,6.45,49.46,42.29,Medium,3,47,277,Yes,90.83
Lime,1,70,5.04,83.29,2.35,Hard,6,62,46,No,60.56
Banana,8,55,4.03,86.45,39.1,Hard,5,8,198,No,89.3
Mango,5,22,5.01,84.17,10.34,Soft,2,43,121,No,75.3
Raspberry,8,24,3.38,31.0,14.31,Soft,9,45,300,No,62.69
Strawberry,1,90,6.48,28.6,24.66,Medium,5,14,220,Yes,68.17
Plum,2,5,4.26,33.81,22.49,Medium,7,87,356,No,98.61
Watermelon,7,33,4.56,45.3,26.03,Medium,1,52,289,Yes,74.2
Papaya,0,62,3.61,35.13,27.24,Soft,2,47,94,Yes,85.98
Orange,9,8,7.32,39.94,16.58,Soft,7,71,292,Yes,73.85
Cherry,6,59,5.47,59.65,8.76,Soft,3,91,153,Yes,68.58
Grape,6,48,5.86,71.0,38.42,Medium,3,41,13,Yes,89.82
Apple,0,96,5.85,68.84,20.0,Hard,1,16,207,Yes,92.42
Pineapple,8,50,5.05,75.15,25.29,Medium,10,34,255,Yes,53.59
Blackberry,7,59,3.96,12.57,32.23,Soft,9,30,158,Yes,63.95
Strawberry,3,69,6.73,13.82,45.48,Medium,0,3,270,No,75.39
Mango,9,36,3.64,73.15,35.38,Medium,6,47,306,Yes,65.82
Orange,10,30,3.52,52.65,2.27,Medium,3,13,68,Yes,89.18
Grape,4,97,6.55,56.25,41.93,Medium,5,24,257,Yes,55.74
Plum,1,40,4.04,14.21,49.47,Soft,7,45,189,No,89.89
Pineapple,8,61,4.53,30.43,23.62,Medium,10,47,3,Yes,80.89
Watermelon,5,92,5.38,61.07,48.48,Soft,6,39,237,Yes,64.47
Orange,2,57,5.25,78.73,27.37,Medium,6,49,132,Yes,67.22
Plum,6,13,6.54,83.36,22.98,Soft,5,6,171,Yes,59.14
Pineapple,8,35,6.12,50.03,16.57,Hard,10,94,270,No,62.63
Lime,2,35,6.22,53.64,32.88,Soft,3,59,89,No,85.86
Grape,1,78,6.57,76.64,11.49,Soft,3,34,103,Yes,68.79
Watermelon,6,7,4.46,53.01,5.25,Hard,8,62,125,Yes,84.37
Orange,6,25,4.61,51.35,1.36,Hard,10,19,67,No,75.71
Pineapple,3,35,5.19,82.41,14.62,Hard,4,15,263,No,57.26
Strawberry,10,47,4.54,73.19,19.79,Hard,8,21,8,No,74.95
Pomegranate,8,84,7.92,82.73,27.6,Hard,10,35,44,No,87.82
Pineapple,7,27,7.07,27.46,14.64,Hard,8,18,135,No,64.88
Blackberry,0,67,3.82,51.95,49.2,Medium,3,1,248,No,82.4
Kiwi,0,61,3.03,77.4,14.59,Medium,1,67,304,Yes,59.95
Mango,4,79,3.21,18.89,22.05,Hard,1,97,318,Yes,56.78
Lemon,5,85,4.22,73.57,5.16,Soft,8,6,25,No,68.01
Lime,2,75,3.57,24.64,13.03,Soft,8,46,196,No,69.46
Pineapple,8,79,5.67,74.65,2.42,Hard,2,48,192,No,88.05
Orange,9,50,7.29,58.96,27.98,Medium,4,77,122,Yes,73.0
Pear,5,41,6.68,25.46,37.55,Medium,4,42,260,No,54.06
Papaya,3,100,4.08,47.87,9.79,Soft,1,31,47,Yes,81.7
Blackberry,6,28,5.0,64.55,18.4,Hard,1,16,209,Yes,73.46
Strawberry,7,81,5.54,60.71,0.83,Medium,9,100,301,No,66.58
Banana,8,9,7.05,44.18,41.98,Hard,0,13,89,No,90.11
Grape,10,38,7.2,81.95,39.0,Hard,1,80,3,Yes,57.72
Banana,5,81,7.55,51.54,3.16,Soft,10,31,145,Yes,95.66
Blueberry,5,0,5.55,50.47,18.24,Hard,6,59,22,Yes,66.7
Cherry,7,38,6.47,14.98,47.76,Hard,0,59,39,No,73.05
Lemon,4,20,3.56,83.77,19.6,Soft,0,51,295,No,96.46
Strawberry,2,64,5.83,24.17,26.31,Medium,8,65,107,No,88.06
Orange,2,14,4.24,52.27,17.76,Hard,1,3,100,Yes,53.72
Pineapple,5,3,5.16,74.29,29.81,Soft,10,93,272,No,78.91
Raspberry,1,59,6.17,27.24,48.91,Medium,3,93,229,No,65.52
Grape,5,60,4.28,52.19,49.88,Hard,10,62,285,No,75.42
Plum,5,19,3.26,29.25,38.74,Medium,2,32,206,Yes,87.15
Lemon,7,9,3.05,70.78,20.22,Soft,10,0,71,No,74.81
Mango,6,86,3.11,55.15,24.72,Hard,3,96,169,No,53.55
Pineapple,7,33,3.04,78.48,17.84,Soft,10,99,185,No,76.5
Grape,8,47,3.55,81.56,49.28,Soft,10,63,333,No,51.21
Papaya,5,32,4.2,61.9,35.39,Hard,6,94,208,No,67.42
Blackberry,2,97,4.11,68.03,22.45,Soft,9,36,355,Yes,73.9
Pear,9,60,7.93,53.94,0.61,Medium,1,77,271,Yes,82.23
Papaya,2,9,4.53,40.75,26.02,Soft,1,69,346,Yes,75.31
Cherry,10,53,3.64,61.85,49.2,Hard,8,6,135,Yes,57.6
Papaya,0,83,5.73,82.66,26.15,Hard,5,23,146,Yes,96.61
Lime,10,64,7.29,43.33,9.12,Medium,10,67,345,No,82.51
Lime,4,76,6.39,35.15,1.1,Hard,6,54,149,Yes,65.85
Pomegranate,3,0,4.48,41.07,17.74,Soft,4,88,116,Yes,98.3
Plum,8,4,5.81,44.83,45.91,Soft,4,2,187,No,94.13
Pomegranate,8,79,6.57,15.88,49.83,Hard,3,91,20,Yes,57.17
Blackberry,4,14,6.64,49.88,47.27,Medium,7,22,338,Yes,82.77
Kiwi,9,27,6.33,49.55,36.47,Medium,6,35,244,Yes,78.0
Blueberry,3,94,7.35,57.08,27.91,Hard,9,56,67,Yes,59.64
Mango,6,22,7.35,39.03,29.53,Soft,1,47,62,No,61.67
Banana,5,16,5.89,59.05,26.95,Hard,1,12,274,No,78.19
Blackberry,3,97,5.15,80.26,35.35,Hard,5,60,347,Yes,66.06
Watermelon,9,12,6.21,86.44,20.94,Medium,10,85,110,Yes,91.74
Apple,1,13,7.09,56.69,33.46,Soft,0,88,56,No,54.89
Blueberry,0,10,3.03,13.41,6.08,Medium,6,23,85,Yes,95.7
Plum,3,27,7.96,87.54,13.28,Medium,7,42,264,No,92.03
Banana,3,41,3.91,66.47,41.8,Soft,9,100,107,No,86.93
Strawberry,0,95,5.35,36.88,45.19,Soft,7,32,12,Yes,63.13
Papaya,5,98,7.36,21.77,26.95,Soft,2,77,176,Yes,85.75
Kiwi,3,60,4.13,21.47,1.58,Hard,6,23,359,Yes,71.94
Cherry,0,63,5.38,23.42,46.35,Soft,0,21,319,Yes,81.69
Mango,0,30,3.66,13.65,35.1,Hard,10,51,27,Yes,65.63
Grape,0,80,4.98,82.17,20.7,Medium,2,100,291,Yes,91.79
Orange,7,72,3.89,53.26,29.92,Soft,5,86,130,Yes,52.03
Papaya,9,9,4.82,66.0,21.49,Hard,8,5,227,Yes,84.57
Banana,7,7,4.87,76.25,23.27,Hard,4,18,136,Yes,91.43
Peach,1,20,7.97,73.32,44.34,Hard,4,75,20,Yes,82.32
Peach,10,76,7.97,80.61,8.05,Hard,8,89,264,No,59.6
Blueberry,6,58,3.57,87.38,5.18,Medium,8,28,324,Yes,64.25
Pear,7,49,6.63,45.13,0.14,Soft,5,63,159,Yes,75.75
Grape,7,68,3.26,86.03,15.7,Soft,4,13,160,No,66.47
Pineapple,10,69,3.15,67.86,7.37,Soft,9,80,342,No,50.25
Raspberry,9,29,3.53,15.65,11.0,Soft,1,29,26,Yes,52.03
Papaya,10,94,7.83,64.54,0.56,Soft,10,70,81,No,88.39
Watermelon,6,16,7.7,64.94,11.36,Soft,7,20,18,Yes,54.19
Cherry,4,74,3.97,82.47,16.64,Hard,7,64,69,No,96.4
